,decile_1,decile_1,decile_2,decile_2,decile_3,decile_3,decile_4,decile_4,decile_5,decile_5,decile_6,decile_6,decile_7,decile_7,decile_8,decile_8,decile_9,decile_9,decile_10,decile_10,long_short,long_short,long_only,long_only,benchmark_ew,benchmark_ew
,gross,net,gross,net,gross,net,gross,net,gross,net,gross,net,gross,net,gross,net,gross,net,gross,net,gross,net,gross,net,gross,net
date,,,,,,,,,,,,,,,,,,,,,,,,,,
2010-12-31,0.0,0.0,0.0,0.0,0.0,0.0,0.0,0.0,0.0,0.0,0.0,0.0,0.0,0.0,0.0,0.0,0.0,0.0,0.0,0.0,0.0,0.0,0.0,0.0,0.0,0.0
2011-01-03,-0.0024837308479936926,-0.0034837308479936926,-0.005299142843650073,-0.006299142843650073,-0.007608948226926704,-0.008608948226926703,-0.00862830782483992,-0.009628307824839921,-0.003129716471724775,-0.004129716471724775,0.005365743059493999,0.004365743059493999,-0.0021299461691349775,-0.0031299461691349775,0.0010093820136753973,9.38201367539724e-06,-0.006165673678953931,-0.007165673678953931,0.008318086365684874,0.0073180863656848736,0.010801817213678566,0.008801817213678566,0.008318086365684874,0.0073180863656848736,-0.0020752254624369915,-0.0030752254624369915
2011-01-04,0.006681005677672835,0.006681005677672835,0.005092602054438717,0.005092602054438717,0.0018049626436291964,0.0018049626436291964,0.0003482724638652564,0.0003482724638652564,0.0101312046038632,0.0101312046038632,0.004023731358576352,0.004023731358576352,0.0003841735879679207,0.0003841735879679207,0.005766278382043408,0.005766278382043408,0.017986058573877473,0.017986058573877473,0.008665137313725778,0.008665137313725778,0.0020506520479059535,0.0020506520479059535,0.008665137313725778,0.008665137313725778,0.006090556613826791,0.006090556613826791
2011-01-05,-0.019723667437511125,-0.019723667437511125,-0.005424305694656517,-0.005424305694656517,-0.002379890776181064,-0.002379890776181064,-0.0008875437104413054,-0.0008875437104413054,-0.006385188344610376,-0.006385188344610376,-0.009237097974209818,-0.009237097974209818,-0.007270212226812414,-0.007270212226812414,-0.0011004052073415337,-0.0011004052073415337,-0.0022746289555344787,-0.0022746289555344787,-0.013524774565058198,-0.013524774565058198,0.00597377208688209,0.00597377208688209,-0.013524774565058198,-0.013524774565058198,-0.006837751772102058,-0.006837751772102058
2011-01-06,0.009321430897140662,0.009321430897140662,0.00816297013777255,0.00816297013777255,0.0023409861717158557,0.0023409861717158557,-0.004682060544095035,-0.004682060544095035,0.0011020333812210435,0.0011020333812210435,0.008612479882880705,0.008612479882880705,0.001703114106166202,0.001703114106166202,0.006931716573424012,0.006931716573424012,0.005601355494136949,0.005601355494136949,0.002627720994968033,0.002627720994968033,-0.00641792610306982,-0.00641792610306982,0.002627720994968033,0.002627720994968033,0.004175990829344249,0.004175990829344249
2011-01-07,0.0036815252593020175,0.0036815252593020175,0.004263388338794344,0.004263388338794344,0.01722977166771747,0.01722977166771747,0.008429381360156675,0.008429381360156675,0.011844548913231369,0.011844548913231369,0.01054532863722556,0.01054532863722556,0.022110987051759748,0.022110987051759748,0.005912389458442718,0.005912389458442718,0.018620346843921567,0.018620346843921567,0.00044112361756551595,0.00044112361756551595,-0.0031747166457166856,-0.0031747166457166856,0.00044112361756551595,0.00044112361756551595,0.010302137340788296,0.010302137340788296
2011-01-10,0.00849917477982911,0.00849917477982911,0.017766896379296012,0.017766896379296012,0.0035643809133827547,0.0035643809133827547,0.004900682107658836,0.004900682107658836,-0.002918251595882191,-0.002918251595882191,0.005422167999022698,0.005422167999022698,-0.006014808561126418,-0.006014808561126418,-0.0022631390335727114,-0.0022631390335727114,0.0021332673592075932,0.0021332673592075932,-0.0013490077371934453,-0.0013490077371934453,-0.009743692514861941,-0.009743692514861941,-0.0013490077371934453,-0.0013490077371934453,0.002950684973309208,0.002950684973309208
2011-01-11,0.01583018619359286,0.01583018619359286,0.0069087028331007464,0.0069087028331007464,-0.0007141870066396524,-0.0007141870066396524,0.010235607787333038,0.010235607787333038,0.006727741998350123,0.006727741998350123,-0.0012897488463018895,-0.0012897488463018895,0.007703365624786713,0.007703365624786713,0.007391213159414793,0.007391213159414793,0.005516184365396099,0.005516184365396099,0.001783088914663217,0.001783088914663217,-0.014137461230804232,-0.014137461230804232,0.001783088914663217,0.001783088914663217,0.005989447034123591,0.005989447034123591
2011-01-12,-0.008220564983738674,-0.008220564983738674,-0.002040017535301062,-0.002040017535301062,-0.007895856866960382,-0.007895856866960382,-0.005043464530038788,-0.005043464530038788,-0.0041888346954956045,-0.0041888346954956045,0.0005475535182835091,0.0005475535182835091,-0.013773892578517155,-0.013773892578517155,-0.00444231695372296,-0.00444231695372296,-0.0015775724663765348,-0.0015775724663765348,-0.009440350398301312,-0.009440350398301312,-0.0011231314892324092,-0.0011231314892324092,-0.009440350398301312,-0.009440350398301312,-0.005584355805058299,-0.005584355805058299
2011-01-13,-0.005773726287483327,-0.005773726287483327,0.003661662755510506,0.003661662755510506,-0.0028462153893903707,-0.0028462153893903707,-0.007013214496342646,-0.007013214496342646,0.017603562526536283,0.017603562526536283,-0.00017232137580941442,-0.00017232137580941442,0.002282699196444602,0.002282699196444602,0.004129187506708074,0.004129187506708074,0.008073639194740058,0.008073639194740058,0.011052611113438722,0.011052611113438722,0.017145388284808872,0.017145388284808872,0.011052611113438722,0.011052611113438722,0.0031120926008783144,0.0031120926008783144
2011-01-14,-0.012499835581011955,-0.012499835581011955,0.006365692426545091,0.006365692426545091,-0.0030411092439700683,-0.0030411092439700683,0.00024117552287631814,0.00024117552287631814,-0.003893275671617862,-0.003893275671617862,-0.008084899686231866,-0.008084899686231866,-0.009562207376387398,-0.009562207376387398,-0.012154597638288911,-0.012154597638288911,-0.013619300976382167,-0.013619300976382167,-0.009180252689463686,-0.009180252689463686,0.003331775756515036,0.003331775756515036,-0.009180252689463686,-0.009180252689463686,-0.006551272402348422,-0.006551272402348422
2011-01-17,0.009867460921549265,0.009867460921549265,0.022921109322256744,0.022921109322256744,0.02175774112068621,0.02175774112068621,0.010283973708358422,0.010283973708358422,0.013092618826498302,0.013092618826498302,0.006534739794087524,0.006534739794087524,0.011291123013961981,0.011291123013961981,-0.0007622872072990672,-0.0007622872072990672,0.014731558810417617,0.014731558810417617,0.006443960534240628,0.006443960534240628,-0.003363284850607961,-0.003363284850607961,0.006443960534240628,0.006443960534240628,0.01165602205197637,0.01165602205197637
2011-01-18,0.0067447925634542,0.0067447925634542,-0.0014411920496976256,-0.0014411920496976256,0.0031902352036174714,0.0031902352036174714,-0.007072528061586335,-0.007072528061586335,-0.006403377591152673,-0.006403377591152673,-0.0011412233473854227,-0.0011412233473854227,0.00043948935024972716,0.00043948935024972716,-0.001801034955306131,-0.001801034955306131,-0.011699533997896795,-0.011699533997896795,0.00320852821948014,0.00320852821948014,-0.003546148315817046,-0.003546148315817046,0.00320852821948014,0.00320852821948014,-0.001650153696103842,-0.001650153696103842
2011-01-19,0.04235654160517202,0.04235654160517202,0.018239336801251376,0.018239336801251376,0.023724334127036246,0.023724334127036246,0.015019007242625265,0.015019007242625265,0.015324832599286277,0.015324832599286277,0.017718995462042954,0.017718995462042954,0.027534342309709425,0.027534342309709425,0.0216989880798882,0.0216989880798882,0.019470921800662025,0.019470921800662025,0.022270553980711837,0.022270553980711837,-0.02042572852451213,-0.02042572852451213,0.022270553980711837,0.022270553980711837,0.022295577927070695,0.022295577927070695
2011-01-20,0.0058364137713307965,0.0058364137713307965,0.015369169987827787,0.015369169987827787,0.017056342214077543,0.017056342214077543,0.02253665294494285,0.02253665294494285,0.02624872324256238,0.02624872324256238,0.017780999726141108,0.017780999726141108,0.005575556919413113,0.005575556919413113,0.011893643229440065,0.011893643229440065,0.017029444055907762,0.017029444055907762,0.006878126139667773,0.006878126139667773,0.0009621726935149164,0.0009621726935149164,0.006878126139667773,0.006878126139667773,0.014623825566780923,0.014623825566780923
2011-01-21,0.0040979761192453555,0.0040979761192453555,0.007613011007294722,0.007613011007294722,-0.0006798987093985639,-0.0006798987093985639,0.008982783767542833,0.008982783767542833,-0.0022659752722784194,-0.0022659752722784194,0.003884179918216021,0.003884179918216021,0.0017554554310579285,0.0017554554310579285,-0.0009216424746593789,-0.0009216424746593789,0.007608577116916268,0.007608577116916268,-0.0038471675752336128,-0.0038471675752336128,-0.00852779320263555,-0.00852779320263555,-0.0038471675752336128,-0.0038471675752336128,0.0026455638408582633,0.0026455638408582633
2011-01-24,-0.013081036115280328,-0.013081036115280328,-0.017035490440346017,-0.017035490440346017,-0.009379118069473353,-0.009379118069473353,-0.00704980803970652,-0.00704980803970652,-0.002382703473994073,-0.002382703473994073,-0.019580362095076763,-0.019580362095076763,-0.018431420122678184,-0.018431420122678184,-0.0070425614130129564,-0.0070425614130129564,-0.006751993181898732,-0.006751993181898732,0.0024159382153604667,0.0024159382153604667,0.016940857497500936,0.016940857497500936,0.0024159382153604667,0.0024159382153604667,-0.009872079827717152,-0.009872079827717152
2011-01-25,-0.0075106952778708335,-0.0075106952778708335,-0.013844395915225582,-0.013844395915225582,0.0029451897174662374,0.0029451897174662374,-0.016912200309425023,-0.016912200309425023,-0.01582699020001238,-0.01582699020001238,-0.02117983235623771,-0.02117983235623771,-0.016964813270574308,-0.016964813270574308,-0.015118749029814749,-0.015118749029814749,-0.006991790121499996,-0.006991790121499996,-0.00889359892341593,-0.00889359892341593,-0.0013477560440937827,-0.0013477560440937827,-0.00889359892341593,-0.00889359892341593,-0.011996127208446065,-0.011996127208446065
2011-01-26,0.01660805196310108,0.01660805196310108,0.010648492097850619,0.010648492097850619,0.01673421299576949,0.01673421299576949,0.015840314873556915,0.015840314873556915,0.015534059620690684,0.015534059620690684,0.022107727816411724,0.022107727816411724,0.024108988769085078,0.024108988769085078,0.016949021813948507,0.016949021813948507,0.00664420445479868,0.00664420445479868,0.004868030524858401,0.004868030524858401,-0.0125090311712724,-0.0125090311712724,0.004868030524858401,0.004868030524858401,0.014933993456980555,0.014933993456980555
2011-01-27,0.00901284127319715,0.00901284127319715,0.0019033169589353213,0.0019033169589353213,0.012530789519887743,0.012530789519887743,-0.0063226400027044435,-0.0063226400027044435,0.006966848340880077,0.006966848340880077,0.016902292185025876,0.016902292185025876,-0.007107458174202281,-0.007107458174202281,0.010525013018190884,0.010525013018190884,0.004580947123053913,0.004580947123053913,0.005191183138915677,0.005191183138915677,-0.0043141106957935715,-0.0043141106957935715,0.005191183138915677,0.005191183138915677,0.00545045828233702,0.00545045828233702
2011-01-28,-0.00903437749377916,-0.00903437749377916,0.017808315619774837,0.017808315619774837,0.0017826118937915485,0.0017826118937915485,0.003126165441223395,0.003126165441223395,0.0178886106683877,0.0178886106683877,-0.0005292421122091153,-0.0005292421122091153,0.012031609455966761,0.012031609455966761,-0.0023699280389881763,-0.0023699280389881763,0.013904034292242113,0.013904034292242113,0.010487081528806978,0.010487081528806978,0.02122450200631918,0.02122450200631918,0.010487081528806978,0.010487081528806978,0.006536583586701087,0.006536583586701087
2011-01-31,-0.036255061691103554,-0.036255061691103554,-0.014434581219554213,-0.014434581219554213,-0.009273689496141683,-0.009273689496141683,-0.018011859084960613,-0.018011859084960613,-0.015531066254484294,-0.015531066254484294,-0.00952019850506744,-0.00952019850506744,-0.017606185317432355,-0.017606185317432355,-0.015099117575165258,-0.015099117575165258,-0.018314885812049427,-0.018314885812049427,-0.0173258576193067,-0.0173258576193067,0.020492096243344395,0.020492096243344395,-0.0173258576193067,-0.0173258576193067,-0.01710049735420467,-0.01710049735420467
2011-02-01,0.011906630605076796,0.01152459337492604,-0.003965660525690251,-0.005022511283723707,0.017403772637097914,0.016695491797611716,-0.005201283148398184,-0.006380642538143642,0.0016197634407351114,8.848485981460602e-05,0.018985105633954502,0.017623557357882944,0.017952797911581442,0.016722437449455944,0.016919676725742905,0.015576839105883596,0.01121242028730074,0.01001452276227736,0.0006480077344546142,9.785895556717805e-05,-0.011278950324721926,-0.012225393006648731,0.0006480077344546142,9.785895556717805e-05,0.008749958780602585,0.008671681692933336
2011-02-02,-0.012427907234772865,-0.012427907234772865,0.007392211463112888,0.007392211463112888,0.005148723833462228,0.005148723833462228,0.00243709284446141,0.00243709284446141,0.005950081875931332,0.005950081875931332,0.012570841535790444,0.012570841535790444,0.005389596568510986,0.005389596568510986,0.0046170002861918545,0.0046170002861918545,0.0029557695409914765,0.0029557695409914765,0.0023691875526035966,0.0023691875526035966,0.015119328243116903,0.015119328243116903,0.0023691875526035966,0.0023691875526035966,0.003642164996969985,0.003642164996969985
2011-02-03,-0.023727159019985917,-0.023727159019985917,-0.009373468266019435,-0.009373468266019435,-0.030132554359565467,-0.030132554359565467,-0.009298896312572965,-0.009298896312572965,-0.001265428662560731,-0.001265428662560731,-0.014819395787368,-0.014819395787368,-0.014509919169920657,-0.014509919169920657,-0.01127363147974685,-0.01127363147974685,-0.013616491620008407,-0.013616491620008407,-0.007666501596593724,-0.007666501596593724,0.015958398872075542,0.015958398872075542,-0.007666501596593724,-0.007666501596593724,-0.013592115255680765,-0.013592115255680765
2011-02-04,0.0046873806409454795,0.0046873806409454795,-0.003686883642956818,-0.003686883642956818,-0.015036176867374622,-0.015036176867374622,0.005286926025758445,0.005286926025758445,-0.011539240996172255,-0.011539240996172255,-0.004939259762686412,-0.004939259762686412,-0.01756378152291194,-0.01756378152291194,-0.011582024523056442,-0.011582024523056442,-0.007875458153959566,-0.007875458153959566,-0.0014731548017711937,-0.0014731548017711937,-0.005923984532997048,-0.005923984532997048,-0.0014731548017711937,-0.0014731548017711937,-0.006425406498734165,-0.006425406498734165
2011-02-07,0.009222326612709515,0.009222326612709515,0.009920718758626806,0.009920718758626806,0.00865578052937526,0.00865578052937526,0.010614845926328212,0.010614845926328212,0.005356472617099697,0.005356472617099697,-0.0039869114295410756,-0.0039869114295410756,0.0018882476791700683,0.0018882476791700683,0.004293117593900185,0.004293117593900185,0.006185183458238368,0.006185183458238368,0.009433426221846293,0.009433426221846293,0.00033771503253892873,0.00033771503253892873,0.009433426221846293,0.009433426221846293,0.006131413655051245,0.006131413655051245
2011-02-08,-0.0020282726963226413,-0.0020282726963226413,0.008910978139530429,0.008910978139530429,-0.0031176618561011204,-0.0031176618561011204,0.0057720132101604,0.0057720132101604,9.745609235299602e-05,9.745609235299602e-05,-0.0005629645082044854,-0.0005629645082044854,0.011390982634959744,0.011390982634959744,0.005290862247568037,0.005290862247568037,-0.001304089913221298,-0.001304089913221298,0.0043469342617737956,0.0043469342617737956,0.006282791481552599,0.006282791481552599,0.0043469342617737956,0.0043469342617737956,0.0028872628492008236,0.0028872628492008236
2011-02-09,0.0013898117183553348,0.0013898117183553348,-0.0006968601992715553,-0.0006968601992715553,-0.0012681979086997957,-0.0012681979086997957,-0.013422569521259241,-0.013422569521259241,-0.015306103163931273,-0.015306103163931273,-0.002847464115486761,-0.002847464115486761,-0.007859203606729852,-0.007859203606729852,-0.008764068453520756,-0.008764068453520756,0.012293310505896472,0.012293310505896472,-0.006260225894327166,-0.006260225894327166,-0.007531149951401875,-0.007531149951401875,-0.006260225894327166,-0.006260225894327166,-0.004305285666831637,-0.004305285666831637
2011-02-10,0.0032940650662783306,0.0032940650662783306,-0.001033082424139277,-0.001033082424139277,0.004183230896790204,0.004183230896790204,-0.0023628210043900233,-0.0023628210043900233,-0.010789196805610855,-0.010789196805610855,0.0008959578328435339,0.0008959578328435339,-0.0018022949450140187,-0.0018022949450140187,-0.002700288569969298,-0.002700288569969298,0.007899589910807948,0.007899589910807948,-0.006072837206473797,-0.006072837206473797,-0.009224792064640983,-0.009224792064640983,-0.006072837206473797,-0.006072837206473797,-0.0008417571208851102,-0.0008417571208851102
2011-02-11,-0.003384447235813131,-0.003384447235813131,-0.009336326445799095,-0.009336326445799095,-0.010012152034753785,-0.010012152034753785,-0.0012262342861957733,-0.0012262342861957733,0.002674542080353489,0.002674542080353489,-0.013421862318405114,-0.013421862318405114,-0.004224112800655019,-0.004224112800655019,-0.0030838523102837035,-0.0030838523102837035,0.008541431632653682,0.008541431632653682,0.011548332439635834,0.011548332439635834,0.014808997592850296,0.014808997592850296,0.011548332439635834,0.011548332439635834,-0.0021868493287903277,-0.0021868493287903277
2011-02-14,0.0027849888978549917,0.0027849888978549917,-0.009141494353018764,-0.009141494353018764,-0.004834107253275603,-0.004834107253275603,-0.0003176268482592971,-0.0003176268482592971,-0.0023018008989900873,-0.0023018008989900873,0.005740550098154302,0.005740550098154302,-0.002350248125670968,-0.002350248125670968,-0.00484105490380475,-0.00484105490380475,-0.012788155912464641,-0.012788155912464641,-0.008772283799931628,-0.008772283799931628,-0.011383466509707077,-0.011383466509707077,-0.008772283799931628,-0.008772283799931628,-0.003727544808329874,-0.003727544808329874
2011-02-15,0.011924915291648363,0.011924915291648363,0.007822721991077874,0.007822721991077874,0.011389620357409135,0.011389620357409135,0.017961098836059487,0.017961098836059487,0.02279748508513641,0.02279748508513641,0.013840078417700616,0.013840078417700616,0.01037412537442237,0.01037412537442237,0.012813196780591684,0.012813196780591684,0.010153737537345595,0.010153737537345595,0.024284396707572875,0.024284396707572875,0.012347759899544824,0.012347759899544824,0.024284396707572875,0.024284396707572875,0.014332227443272472,0.014332227443272472
2011-02-16,-0.02515166209272336,-0.02515166209272336,-0.026686122162848873,-0.026686122162848873,-0.03111844778682052,-0.03111844778682052,-0.021611991807339397,-0.021611991807339397,-0.01419239242680858,-0.01419239242680858,-0.03307461315272466,-0.03307461315272466,-0.029476978958434624,-0.029476978958434624,-0.026438145194702813,-0.026438145194702813,-0.011191278542989356,-0.011191278542989356,-0.025824564644292256,-0.025824564644292256,-0.0011625659176384782,-0.0011625659176384782,-0.025824564644292256,-0.025824564644292256,-0.024443977992655425,-0.024443977992655425
2011-02-17,-0.00758907725035677,-0.00758907725035677,-0.003083317806728946,-0.003083317806728946,0.00795432380926229,0.00795432380926229,-0.012005673127886337,-0.012005673127886337,-0.005419092255995747,-0.005419092255995747,-0.01030299136782545,-0.01030299136782545,-8.114287917355707e-05,-8.114287917355707e-05,-0.0020430498763371616,-0.0020430498763371616,0.009742109653740508,0.009742109653740508,0.0032574975665448707,0.0032574975665448707,0.010480052266161242,0.010480052266161242,0.0032574975665448707,0.0032574975665448707,-0.0019470153520628319,-0.0019470153520628319
2011-02-18,-0.0055465983469249434,-0.0055465983469249434,-0.00814416639283564,-0.00814416639283564,0.0021401620415002157,0.0021401620415002157,0.01183839604974288,0.01183839604974288,0.007135840507820684,0.007135840507820684,0.008809929579985254,0.008809929579985254,0.010890441363308192,0.010890441363308192,0.0047920089860940245,0.0047920089860940245,-0.004015466844655086,-0.004015466844655086,0.005384351725817997,0.005384351725817997,0.010466916323329705,0.010466916323329705,0.005384351725817997,0.005384351725817997,0.003306361734866773,0.003306361734866773
2011-02-21,0.005073368371126369,0.005073368371126369,0.0063665524754131205,0.0063665524754131205,0.0075910864316416846,0.0075910864316416846,0.01775368907287727,0.01775368907287727,0.005277086152834931,0.005277086152834931,0.010452299108356867,0.010452299108356867,0.014922163135043187,0.014922163135043187,0.0033490529247661065,0.0033490529247661065,0.0111565375673255,0.0111565375673255,0.0112817158331577,0.0112817158331577,0.006199128495615111,0.006199128495615111,0.0112817158331577,0.0112817158331577,0.009353623646387718,0.009353623646387718
2011-02-22,0.0014953849327630176,0.0014953849327630176,0.0013441784787981035,0.0013441784787981035,-0.0031154644542611427,-0.0031154644542611427,-0.002765124818005748,-0.002765124818005748,-0.007501278517746948,-0.007501278517746948,0.001749229093064021,0.001749229093064021,0.0002670982911443884,0.0002670982911443884,-0.011589153775401735,-0.011589153775401735,-0.002947296032945148,-0.002947296032945148,0.0022348383512968066,0.0022348383512968066,0.0007851103248346491,0.0007851103248346491,0.0022348383512968066,0.0022348383512968066,-0.002082057641515953,-0.002082057641515953
2011-02-23,-0.018681459385244563,-0.018681459385244563,-0.017841167026053702,-0.017841167026053702,-0.03930208159143377,-0.03930208159143377,-0.015263294383544387,-0.015263294383544387,-0.022251512647352263,-0.022251512647352263,-0.023418627339062283,-0.023418627339062283,-0.02469234842237803,-0.02469234842237803,-0.014031607651449576,-0.014031607651449576,-0.016035807155744358,-0.016035807155744358,-0.020262084550215345,-0.020262084550215345,-0.0023819416650168006,-0.0023819416650168006,-0.020262084550215345,-0.020262084550215345,-0.02113010972958241,-0.02113010972958241
2011-02-24,0.004760522478793374,0.004760522478793374,0.0035985425645079167,0.0035985425645079167,0.004198169612948922,0.004198169612948922,-0.0009139253956606443,-0.0009139253956606443,0.01209722810097804,0.01209722810097804,0.0036259442632661917,0.0036259442632661917,0.014010483150160354,0.014010483150160354,0.01199056977145635,0.01199056977145635,0.002012823596804961,0.002012823596804961,0.00679298962576604,0.00679298962576604,0.002146951287741905,0.002146951287741905,0.00679298962576604,0.00679298962576604,0.006195004549806461,0.006195004549806461
2011-02-25,0.019067650052723557,0.019067650052723557,0.02004146546050927,0.02004146546050927,0.00047004085943131563,0.00047004085943131563,0.012506265554503623,0.012506265554503623,0.01318777512443127,0.01318777512443127,0.024335683220777594,0.024335683220777594,0.012930296748150076,0.012930296748150076,0.01198570282009136,0.01198570282009136,0.011199158179602988,0.011199158179602988,0.018682097511102412,0.018682097511102412,0.0004862072519511134,0.0004862072519511134,0.018682097511102412,0.018682097511102412,0.014476152423510904,0.014476152423510904
2011-02-28,-0.018903340592637957,-0.018903340592637957,-0.00985801770533819,-0.00985801770533819,-0.021178549320754296,-0.021178549320754296,-0.01723900288435797,-0.01723900288435797,-0.004505884686180045,-0.004505884686180045,-0.012782133282700649,-0.012782133282700649,-0.02296573793277569,-0.02296573793277569,-0.009402966541095905,-0.009402966541095905,-0.014998121428601588,-0.014998121428601588,-0.004302900894410495,-0.004302900894410495,0.013418739148794226,0.013418739148794226,-0.004302900894410495,-0.004302900894410495,-0.013556066168643872,-0.013556066168643872
2011-03-01,0.004078680689556524,0.0037023020976076283,0.005750960338132716,0.004870734213300868,0.010892785638056957,0.009889327948333441,0.026641509344446312,0.025585479383235597,0.011112365956045478,0.01025519066984199,0.009130851790536854,0.008099475749082038,0.009345181115687051,0.007845181115687052,0.026096150455014566,0.02473874276052887,0.001383417601769743,0.0005110865542141653,0.018785449031996526,0.018390201050648473,0.014622800323263352,0.013833493202291219,0.018785449031996526,0.018390201050648473,0.01232004337833148,0.012249158370192937
2011-03-02,-0.00775968423884078,-0.00775968423884078,-0.009327947419474666,-0.009327947419474666,-0.009950729519298417,-0.009950729519298417,-0.008647648747908842,-0.008647648747908842,-0.012411084596398059,-0.012411084596398059,-0.013739676701479126,-0.013739676701479126,-0.007189736458261139,-0.007189736458261139,-0.0077519341512294,-0.0077519341512294,-0.006088211443119434,-0.006088211443119434,0.00544011241685769,0.00544011241685769,0.013158598497439701,0.013158598497439701,0.00544011241685769,0.00544011241685769,-0.0077343794435427915,-0.0077343794435427915
2011-03-03,-0.00287978683227864,-0.00287978683227864,0.010142961710330722,0.010142961710330722,-0.008422797229787357,-0.008422797229787357,-0.006914786002705036,-0.006914786002705036,-0.00421104946333073,-0.00421104946333073,0.0047899188092670845,0.0047899188092670845,0.006996378587057156,0.006996378587057156,-0.013909762874351618,-0.013909762874351618,-0.005208151655230442,-0.005208151655230442,-0.004560189516330722,-0.004560189516330722,-0.0017508429723968,-0.0017508429723968,-0.004560189516330722,-0.004560189516330722,-0.0024557402139794276,-0.0024557402139794276
2011-03-04,-0.013400316160912905,-0.013400316160912905,-0.0053244395778456926,-0.0053244395778456926,-0.007719933988705753,-0.007719933988705753,-0.021314426460717968,-0.021314426460717968,-0.005507369487954917,-0.005507369487954917,-0.0018807732901963505,-0.0018807732901963505,-0.003927019024446395,-0.003927019024446395,-0.008378008614112574,-0.008378008614112574,-0.015768284439663646,-0.015768284439663646,-0.00606988781724321,-0.00606988781724321,0.006960650066830908,0.006960650066830908,-0.00606988781724321,-0.00606988781724321,-0.008921965007336052,-0.008921965007336052
2011-03-07,0.004104846992497523,0.004104846992497523,-0.004231122084213888,-0.004231122084213888,-0.006131437820168551,-0.006131437820168551,-0.015238565856213682,-0.015238565856213682,0.0074911605977328695,0.0074911605977328695,-0.0002885680478074753,-0.0002885680478074753,-0.008844826915856316,-0.008844826915856316,0.0010584976104137537,0.0010584976104137537,0.0025390966903818856,0.0025390966903818856,0.0018373081597791558,0.0018373081597791558,-0.0020972845795780154,-0.0020972845795780154,0.0018373081597791558,0.0018373081597791558,-0.0017804674257059713,-0.0017804674257059713
2011-03-08,0.002847231359325756,0.002847231359325756,0.015615570675127251,0.015615570675127251,0.02570973771886024,0.02570973771886024,0.009888810073439775,0.009888810073439775,0.02091345957118657,0.02091345957118657,0.022826162629979697,0.022826162629979697,0.012270972756719158,0.012270972756719158,0.02365061056754678,0.02365061056754678,0.017076542971065915,0.017076542971065915,0.0056683912010021854,0.0056683912010021854,0.002862653045841941,0.002862653045841941,0.0056683912010021854,0.0056683912010021854,0.015636945316596117,0.015636945316596117
2011-03-09,0.017075427514219307,0.017075427514219307,-0.0022449031550480377,-0.0022449031550480377,0.007350117507109193,0.007350117507109193,0.002882075816144183,0.002882075816144183,-0.003012791811635346,-0.003012791811635346,0.003695565873694236,0.003695565873694236,0.008417172278468894,0.008417172278468894,0.011174826835270931,0.011174826835270931,0.011327837614181751,0.011327837614181751,0.0022658429229108386,0.0022658429229108386,-0.014086932661926368,-0.014086932661926368,0.0022658429229108386,0.0022658429229108386,0.0058572604144697706,0.0058572604144697706
2011-03-10,0.02708949395007757,0.02708949395007757,0.007773229595458792,0.007773229595458792,0.027463117230086483,0.027463117230086483,0.02966288701363847,0.02966288701363847,0.010536708747167056,0.010536708747167056,0.018522111429612874,0.018522111429612874,0.013432937442653226,0.013432937442653226,0.02773063549490748,0.02773063549490748,-0.0012409060994540552,-0.0012409060994540552,0.014620092828959007,0.014620092828959007,-0.012033982311629075,-0.012033982311629075,0.014620092828959007,0.014620092828959007,0.017548021596246438,0.017548021596246438
2011-03-11,0.016266788909491257,0.016266788909491257,-0.00031707962278304394,-0.00031707962278304394,0.00977627604329852,0.00977627604329852,0.020994205460537752,0.020994205460537752,0.016156295295097725,0.016156295295097725,0.010869329766016823,0.010869329766016823,0.0051286896530905145,0.0051286896530905145,-0.0010650781026701297,-0.0010650781026701297,0.004873337083587534,0.004873337083587534,0.01058657995754356,0.01058657995754356,-0.0057592382258954775,-0.0057592382258954775,0.01058657995754356,0.01058657995754356,0.009304772216355818,0.009304772216355818
2011-03-14,0.004018606820447301,0.004018606820447301,-0.014159302377091607,-0.014159302377091607,0.021271666950477962,0.021271666950477962,0.0015633589616951635,0.0015633589616951635,-0.005145414771309088,-0.005145414771309088,0.0044714122130414,0.0044714122130414,0.012970539884764301,0.012970539884764301,-0.006299083359892283,-0.006299083359892283,-0.008648147957514089,-0.008648147957514089,0.0020157238556467788,0.0020157238556467788,-0.002098404315890758,-0.002098404315890758,0.0020157238556467788,0.0020157238556467788,0.001276630029002252,0.001276630029002252
2011-03-15,0.01385763059453832,0.01385763059453832,0.014834267660840146,0.014834267660840146,0.023172147352144824,0.023172147352144824,0.02062241886343731,0.02062241886343731,0.005304111820533002,0.005304111820533002,0.023566093915921807,0.023566093915921807,0.023063582171871506,0.023063582171871506,0.018874598356432723,0.018874598356432723,0.001846509382739621,0.001846509382739621,0.00868988712549414,0.00868988712549414,-0.005464312716290142,-0.005464312716290142,0.00868988712549414,0.00868988712549414,0.01548031209475303,0.01548031209475303
2011-03-16,0.0005987016639292643,0.0005987016639292643,-0.0018701051350606237,-0.0018701051350606237,0.0034627016054531714,0.0034627016054531714,0.011255996104678092,0.011255996104678092,0.0027865309313017932,0.0027865309313017932,0.0031213726137531853,0.0031213726137531853,0.00629419359197776,0.00629419359197776,0.005734294280045554,0.005734294280045554,0.0061327412446261454,0.0061327412446261454,0.010999287276922428,0.010999287276922428,0.011101200472443257,0.011101200472443257,0.010999287276922428,0.010999287276922428,0.004865697634979367,0.004865697634979367
2011-03-17,0.00016134867572416061,0.00016134867572416061,-0.014554751809043516,-0.014554751809043516,0.004318223345437722,0.004318223345437722,0.002322004692149558,0.002322004692149558,0.00915661240694455,0.00915661240694455,0.011645405334515075,0.011645405334515075,0.007312712238373589,0.007312712238373589,0.006404229883345423,0.006404229883345423,0.001984594213782311,0.001984594213782311,-0.009044843825773051,-0.009044843825773051,-0.00982856321433984,-0.00982856321433984,-0.009044843825773051,-0.009044843825773051,0.002068280509809445,0.002068280509809445
2011-03-18,-0.0037155654475671675,-0.0037155654475671675,0.0031474677405589364,0.0031474677405589364,-0.006418038237595861,-0.006418038237595861,0.010176498092499944,0.010176498092499944,0.0076366515878427835,0.0076366515878427835,0.012294545846255271,0.012294545846255271,-0.005384005592539098,-0.005384005592539098,-0.0027953905097060274,-0.0027953905097060274,-0.0002948465599671357,-0.0002948465599671357,-0.0010654811192701164,-0.0010654811192701164,0.002854122069700458,0.002854122069700458,-0.0010654811192701164,-0.0010654811192701164,0.0013413495838934752,0.0013413495838934752
2011-03-21,-0.006797240716192512,-0.006797240716192512,0.005950625223450093,0.005950625223450093,-0.010945100716481583,-0.010945100716481583,-0.004987945578411482,-0.004987945578411482,0.0075635480785046045,0.0075635480785046045,0.008159994822489351,0.008159994822489351,0.0003709461859296541,0.0003709461859296541,0.0025791768811804974,0.0025791768811804974,-0.0005182095430780109,-0.0005182095430780109,0.002251323810765354,0.002251323810765354,0.009652381179912604,0.009652381179912604,0.002251323810765354,0.002251323810765354,0.0003281221416533795,0.0003281221416533795
2011-03-22,-0.009648509011612622,-0.009648509011612622,-0.002541384026623271,-0.002541384026623271,-0.010044421519904933,-0.010044421519904933,-0.020195432827173336,-0.020195432827173336,-0.007257251916550644,-0.007257251916550644,-0.009230935471599856,-0.009230935471599856,-0.01338522433242578,-0.01338522433242578,-0.014989282295799433,-0.014989282295799433,-0.011773383933532605,-0.011773383933532605,-0.013831920893834945,-0.013831920893834945,-0.00448175604267436,-0.00448175604267436,-0.013831920893834945,-0.013831920893834945,-0.011339342958229151,-0.011339342958229151
2011-03-23,0.018845425137765777,0.018845425137765777,0.013796357721979988,0.013796357721979988,0.01681569531466858,0.01681569531466858,0.02267814737258346,0.02267814737258346,0.0034130629688093155,0.0034130629688093155,0.005799390546821723,0.005799390546821723,0.014083917391546191,0.014083917391546191,0.0012214240697986621,0.0012214240697986621,0.012958345023534277,0.012958345023534277,0.019913164038440116,0.019913164038440116,0.0011539673904326793,0.0011539673904326793,0.019913164038440116,0.019913164038440116,0.012890105277565622,0.012890105277565622
2011-03-24,-0.006208594064771454,-0.006208594064771454,-0.015052578903891195,-0.015052578903891195,-0.01735640354085973,-0.01735640354085973,-0.0289926234988731,-0.0289926234988731,-0.005147694843698651,-0.005147694843698651,-0.01370531766879499,-0.01370531766879499,-0.0089482533789189,-0.0089482533789189,-0.014078485096232038,-0.014078485096232038,-0.004613224456281812,-0.004613224456281812,-0.011548360722760758,-0.011548360722760758,-0.005712548031053353,-0.005712548031053353,-0.011548360722760758,-0.011548360722760758,-0.012631146659816754,-0.012631146659816754
2011-03-25,0.014046982949748602,0.014046982949748602,0.014335967070873316,0.014335967070873316,0.006883338531946585,0.006883338531946585,0.01319929043994695,0.01319929043994695,0.007726330243002757,0.007726330243002757,0.007521326173285683,0.007521326173285683,0.005421084453819163,0.005421084453819163,0.0032616476077076692,0.0032616476077076692,0.006228660445330072,0.006228660445330072,0.008305880507694846,0.008305880507694846,-0.006122503979537704,-0.006122503979537704,0.008305880507694846,0.008305880507694846,0.008663875608365696,0.008663875608365696
2011-03-28,0.004497688930370381,0.004497688930370381,0.004984435045472333,0.004984435045472333,0.005984203391413442,0.005984203391413442,-0.0025487719670595913,-0.0025487719670595913,0.004715470436239007,0.004715470436239007,0.0057770967736990135,0.0057770967736990135,0.004779618866450499,0.004779618866450499,-0.004583066755877301,-0.004583066755877301,0.0001389562278210077,0.0001389562278210077,-0.0016250793986228532,-0.0016250793986228532,-0.006623817179068136,-0.006623817179068136,-0.0016250793986228532,-0.0016250793986228532,0.0022440890598072363,0.0022440890598072363
2011-03-29,0.008372782301523817,0.008372782301523817,0.020268789714395413,0.020268789714395413,0.007961494266086649,0.007961494266086649,0.02082690574752457,0.02082690574752457,0.010220394365202057,0.010220394365202057,0.017839044475500342,0.017839044475500342,0.008780927842451328,0.008780927842451328,0.01721772934049973,0.01721772934049973,0.005975393604434415,0.005975393604434415,0.01178386076423162,0.01178386076423162,0.003556415804066154,0.003556415804066154,0.01178386076423162,0.01178386076423162,0.012922039818954064,0.012922039818954064
2011-03-30,0.026719729892441903,0.026719729892441903,0.008557610209158482,0.008557610209158482,0.004135771538138298,0.004135771538138298,0.012225597081901227,0.012225597081901227,0.011613641285771902,0.011613641285771902,0.012040539152219872,0.012040539152219872,0.010688482755949764,0.010688482755949764,0.004100409219286365,0.004100409219286365,0.005043826015129566,0.005043826015129566,0.0019130307733841957,0.0019130307733841957,-0.02734927147210573,-0.02734927147210573,0.0019130307733841957,0.0019130307733841957,0.00976196625047597,0.00976196625047597
2011-03-31,0.020646768081632263,0.020646768081632263,0.015071499410489565,0.015071499410489565,0.02357976055298956,0.02357976055298956,0.02397505276238269,0.02397505276238269,0.019990329792979503,0.019990329792979503,0.024244192401405004,0.024244192401405004,0.0189900233987468,0.0189900233987468,0.022169021291280157,0.022169021291280157,0.016612476829321633,0.016612476829321633,0.03374209926901489,0.03374209926901489,0.013864153575464042,0.013864153575464042,0.03374209926901489,0.03374209926901489,0.021951804503073557,0.021951804503073557
2011-04-01,0.005776197557455065,0.0052085202827414235,0.003816756394242393,0.002724395968306044,0.011825749780709272,0.010588152606960638,0.012563740794790057,0.011331331270620278,-0.0019328078382916392,-0.00295314331053057,0.010148186353747368,0.009130730993545787,0.009585086454233949,0.008410252934282592,-0.001061957973984562,-0.0022550009987255116,0.005546248285254407,0.004493824078577809,0.009282723721618868,0.008875301685331436,0.003764129120748416,0.002591125687359165,0.009282723721618868,0.008875301685331436,0.006547493248544534,0.006459905833055895
2011-04-04,-0.01171621124785642,-0.01171621124785642,-0.02018592720677339,-0.02018592720677339,-0.0178152113422905,-0.0178152113422905,-0.023930723457189676,-0.023930723457189676,-0.015755022402464517,-0.015755022402464517,-0.01669998695234779,-0.01669998695234779,-0.017506779693096993,-0.017506779693096993,-0.018082146876809837,-0.018082146876809837,-0.011172655050411992,-0.011172655050411992,-0.028238671426625485,-0.028238671426625485,-0.016662339054754997,-0.016662339054754997,-0.028238671426625485,-0.028238671426625485,-0.01811796535985364,-0.01811796535985364
2011-04-05,-0.013861836037247992,-0.013861836037247992,0.005168063969948424,0.005168063969948424,-0.011133948558710268,-0.011133948558710268,0.0018852230475228783,0.0018852230475228783,2.567108879241147e-05,2.567108879241147e-05,-0.008410018812905599,-0.008410018812905599,-0.006241171049232774,-0.006241171049232774,-0.008112699442903538,-0.008112699442903538,-0.00733661344200239,-0.00733661344200239,-0.006529222562109292,-0.006529222562109292,0.0075060830378462316,0.0075060830378462316,-0.006529222562109292,-0.006529222562109292,-0.005472834290847373,-0.005472834290847373
2011-04-06,-0.011394576855333748,-0.011394576855333748,-0.007689059991132058,-0.007689059991132058,-0.007112344412772616,-0.007112344412772616,-0.02279433393266515,-0.02279433393266515,-0.012136816564588555,-0.012136816564588555,-0.019922437979265344,-0.019922437979265344,-0.010440347081828463,-0.010440347081828463,-0.015064994019698328,-0.015064994019698328,-0.013346844613881654,-0.013346844613881654,-0.011602761484883942,-0.011602761484883942,-0.00011935306139951654,-0.00011935306139951654,-0.011602761484883942,-0.011602761484883942,-0.013155579307103538,-0.013155579307103538
2011-04-07,0.006731080279506469,0.006731080279506469,0.0053016812657652925,0.0053016812657652925,-0.00499397886054181,-0.00499397886054181,-0.010442288619867322,-0.010442288619867322,-0.006356939188248847,-0.006356939188248847,-0.014586042599961678,-0.014586042599961678,-0.00011415409754982541,-0.00011415409754982541,-0.005364612950193501,-0.005364612950193501,0.005582044525038252,0.005582044525038252,-0.007672666122192464,-0.007672666122192464,-0.014024508870496864,-0.014024508870496864,-0.007672666122192464,-0.007672666122192464,-0.003166800064318003,-0.003166800064318003
2011-04-08,0.021305249967388393,0.021305249967388393,0.014210960610317801,0.014210960610317801,0.02493872548267957,0.02493872548267957,0.005593249944924963,0.005593249944924963,0.0041294170408367305,0.0041294170408367305,0.014076180887492726,0.014076180887492726,0.021492632505015687,0.021492632505015687,0.021140309170227644,0.021140309170227644,0.003763496882044767,0.003763496882044767,0.013231164838740202,0.013231164838740202,-0.008350135076945372,-0.008350135076945372,0.013231164838740202,0.013231164838740202,0.01439660401826239,0.01439660401826239
2011-04-11,0.00038698265741068244,0.00038698265741068244,0.009044642924417132,0.009044642924417132,0.00087624440675992,0.00087624440675992,0.010292156607821722,0.010292156607821722,0.0058276137286283735,0.0058276137286283735,0.010646072250252894,0.010646072250252894,0.0057174441369591475,0.0057174441369591475,0.005287738601283479,0.005287738601283479,-0.0023054915206148366,-0.0023054915206148366,0.01464048517132087,0.01464048517132087,0.014207900777451163,0.014207900777451163,0.01464048517132087,0.01464048517132087,0.006002063692883287,0.006002063692883287
2011-04-12,-0.009726845591665917,-0.009726845591665917,-0.019013224394291192,-0.019013224394291192,-0.01195901843001498,-0.01195901843001498,-0.004306073610044463,-0.004306073610044463,-0.008604179390351255,-0.008604179390351255,0.0005150466338413612,0.0005150466338413612,-0.017267458328164967,-0.017267458328164967,-0.006895242903288528,-0.006895242903288528,-0.013683239721458245,-0.013683239721458245,-0.010122217085684464,-0.010122217085684464,-0.0002382260721499078,-0.0002382260721499078,-0.010122217085684464,-0.010122217085684464,-0.010160054469254998,-0.010160054469254998
2011-04-13,-0.007494596229869859,-0.007494596229869859,-0.00885602956719873,-0.00885602956719873,-0.006226437545800835,-0.006226437545800835,-0.009801531033573622,-0.009801531033573622,-0.01908799868636851,-0.01908799868636851,-0.013194976466998954,-0.013194976466998954,-0.009783893605701536,-0.009783893605701536,-0.009417317409365376,-0.009417317409365376,-0.013428862217620009,-0.013428862217620009,-0.013025451894842055,-0.013025451894842055,-0.005343218951833214,-0.005343218951833214,-0.013025451894842055,-0.013025451894842055,-0.011008911934638363,-0.011008911934638363
2011-04-14,0.0022559315249556875,0.0022559315249556875,0.00036802178346138133,0.00036802178346138133,-0.0004365811274167279,-0.0004365811274167279,0.00202275716672776,0.00202275716672776,0.004513342851524795,0.004513342851524795,-0.003455770374770656,-0.003455770374770656,-0.011843250316606572,-0.011843250316606572,0.004478324390087447,0.004478324390087447,0.007217955025296455,0.007217955025296455,-0.01421375138208445,-0.01421375138208445,-0.0161985644062028,-0.0161985644062028,-0.01421375138208445,-0.01421375138208445,-0.0009243346796602795,-0.0009243346796602795
2011-04-15,-0.014465869845455703,-0.014465869845455703,-0.006072848492664564,-0.006072848492664564,-0.006495805578138271,-0.006495805578138271,-0.0013899550513899678,-0.0013899550513899678,0.0004871494758523342,0.0004871494758523342,0.0013833724016949313,0.0013833724016949313,-0.01863268349624034,-0.01863268349624034,-0.01938580270056202,-0.01938580270056202,-0.010457540636831663,-0.010457540636831663,-0.00738222969462026,-0.00738222969462026,0.0075183300795358485,0.0075183300795358485,-0.00738222969462026,-0.00738222969462026,-0.00826969666337204,-0.00826969666337204
2011-04-18,-0.008590423946301155,-0.008590423946301155,-0.016703655616359763,-0.016703655616359763,0.0018649217088327367,0.0018649217088327367,-0.02171392612593432,-0.02171392612593432,-0.009072715250341173,-0.009072715250341173,-0.013266902819641357,-0.013266902819641357,-0.0033333446565662725,-0.0033333446565662725,-0.005976100602311001,-0.005976100602311001,-0.009948706218945115,-0.009948706218945115,-0.00686444798624627,-0.00686444798624627,0.001935781146339728,0.001935781146339728,-0.00686444798624627,-0.00686444798624627,-0.00937592009201482,-0.00937592009201482
2011-04-19,0.0023156868200286925,0.0023156868200286925,0.009273521394109648,0.009273521394109648,-0.00473695628077073,-0.00473695628077073,0.016214062586135926,0.016214062586135926,0.005121918709771528,0.005121918709771528,0.01253001953173154,0.01253001953173154,0.01063875986601905,0.01063875986601905,0.005715368211791864,0.005715368211791864,0.002270164388077303,0.002270164388077303,0.008068226240269765,0.008068226240269765,0.005452731394090192,0.005452731394090192,0.008068226240269765,0.008068226240269765,0.0066972334742488576,0.0066972334742488576
2011-04-20,0.01127797082362223,0.01127797082362223,0.002352217141545974,0.002352217141545974,0.013443605466822675,0.013443605466822675,0.015135490686816295,0.015135490686816295,0.0016236002327622704,0.0016236002327622704,0.007446042164446131,0.007446042164446131,0.0064065730414455,0.0064065730414455,0.004997001744708604,0.004997001744708604,0.009962254878335838,0.009962254878335838,0.0008681429767632897,0.0008681429767632897,-0.01027677435645713,-0.01027677435645713,0.0008681429767632897,0.0008681429767632897,0.0073685853735201085,0.0073685853735201085
2011-04-21,0.007922267880789665,0.007922267880789665,0.019140299335711063,0.019140299335711063,0.0017961141704257175,0.0017961141704257175,0.019919539011724947,0.019919539011724947,0.007614361040424985,0.007614361040424985,-0.000178538522241623,-0.000178538522241623,0.00691962380875096,0.00691962380875096,0.016738094853584316,0.016738094853584316,0.0034993297921905135,0.0034993297921905135,-0.007530750551501914,-0.007530750551501914,-0.015301755037090347,-0.015301755037090347,-0.007530750551501914,-0.007530750551501914,0.0076179053804569935,0.0076179053804569935
2011-04-22,-0.018684098052849592,-0.018684098052849592,-0.017949634184877567,-0.017949634184877567,-0.02343425286197145,-0.02343425286197145,-0.027640789246832463,-0.027640789246832463,-0.01986128508388099,-0.01986128508388099,-0.022743080176122463,-0.022743080176122463,-0.02135849417091478,-0.02135849417091478,-0.01969586812590278,-0.01969586812590278,-0.016218249378384175,-0.016218249378384175,-0.024286947721632795,-0.024286947721632795,-0.004559940486936958,-0.004559940486936958,-0.024286947721632795,-0.024286947721632795,-0.021190186661887052,-0.021190186661887052
2011-04-25,-0.0009663967163938696,-0.0009663967163938696,0.0011261251095410212,0.0011261251095410212,0.013211812051336352,0.013211812051336352,0.0025011095493258206,0.0025011095493258206,0.008565912823559433,0.008565912823559433,0.010861721754246711,0.010861721754246711,-0.0030966677010312183,-0.0030966677010312183,0.013911632026264251,0.013911632026264251,0.0056275177548282705,0.0056275177548282705,0.005087926047592401,0.005087926047592401,0.005871600617776772,0.005871600617776772,0.005087926047592401,0.005087926047592401,0.0056721893584238,0.0056721893584238
2011-04-26,0.0076102179926645945,0.0076102179926645945,-0.008795412604092848,-0.008795412604092848,0.01644047800487617,0.01644047800487617,0.008699761842800883,0.008699761842800883,-0.00023532083093809656,-0.00023532083093809656,0.006221084279127239,0.006221084279127239,-0.014965482747515612,-0.014965482747515612,-0.0005362892375633975,-0.0005362892375633975,-0.012590118959978197,-0.012590118959978197,-0.0011114439923330661,-0.0011114439923330661,-0.008745689219199104,-0.008745689219199104,-0.0011114439923330661,-0.0011114439923330661,0.00014301920076129158,0.00014301920076129158
2011-04-27,0.0010912039476737886,0.0010912039476737886,0.004405692056536119,0.004405692056536119,-0.0051357290607143835,-0.0051357290607143835,0.00842044827266257,0.00842044827266257,0.004526939855557328,0.004526939855557328,0.009593840979477464,0.009593840979477464,0.009766878875713404,0.009766878875713404,0.003459765593619905,0.003459765593619905,0.0003165366126968265,0.0003165366126968265,-1.3099307855082495e-06,-1.3099307855082495e-06,-0.0011204056832402184,-0.0011204056832402184,-1.3099307855082495e-06,-1.3099307855082495e-06,0.003624561546105227,0.003624561546105227
2011-04-28,0.011548895857929337,0.011548895857929337,0.011184266022127532,0.011184266022127532,0.0108575835936003,0.0108575835936003,0.024590350905293698,0.024590350905293698,0.02200026337951209,0.02200026337951209,0.006781141250979592,0.006781141250979592,0.015900642193384936,0.015900642193384936,0.021937158169227942,0.021937158169227942,0.02008741205136784,0.02008741205136784,0.02054641182176479,0.02054641182176479,0.00803473572057711,0.00803473572057711,0.02054641182176479,0.02054641182176479,0.016498369715848775,0.016498369715848775
2011-04-29,-0.01714758048521118,-0.01714758048521118,-0.020848940435371242,-0.020848940435371242,-0.029314377874586423,-0.029314377874586423,-0.02278377162026518,-0.02278377162026518,-0.024757644038406787,-0.024757644038406787,-0.01697539187017119,-0.01697539187017119,-0.019724270942692208,-0.019724270942692208,-0.027269086026623757,-0.027269086026623757,-0.017990270907192372,-0.017990270907192372,-0.015164157913213561,-0.015164157913213561,0.0028134475991116463,0.0028134475991116463,-0.015164157913213561,-0.015164157913213561,-0.02125990097125471,-0.02125990097125471
2011-05-02,-0.009690834566531414,-0.010232209777636243,-0.0075514615730479795,-0.008588382132901353,-0.007450794211530831,-0.008640152159410363,-0.005532894272738398,-0.006910300880013412,-0.006624089507072606,-0.00798821219397048,0.000762610000000219,-0.0004619326406937608,0.0038429255992289413,0.0025081909145829627,-0.010134130274556341,-0.011305164673185014,0.0009145987281993229,0.0001688036057110869,-0.022216517283654924,-0.02261390444088231,-0.012529502746194465,-0.01347477613588584,-0.022216517283654924,-0.02261390444088231,-0.0063722498106473235,-0.006456811717541828
2011-05-03,0.02293816412212733,0.02293816412212733,-0.0013990827333106512,-0.0013990827333106512,0.006557439203228061,0.006557439203228061,0.009136888490767133,0.009136888490767133,0.007540927237666167,0.007540927237666167,0.012349342273203473,0.012349342273203473,-0.001153244781543615,-0.001153244781543615,0.005940669465771227,0.005940669465771227,0.005768571239888235,0.005768571239888235,0.01396057357220115,0.01396057357220115,-0.009165387856236645,-0.009165387856236645,0.01396057357220115,0.01396057357220115,0.008144400125313181,0.008144400125313181
2011-05-04,-0.027305687583194176,-0.027305687583194176,-0.006556259974212428,-0.006556259974212428,-0.02937508150961922,-0.02937508150961922,-0.010264299551851482,-0.010264299551851482,-0.021959588746840265,-0.021959588746840265,-0.014447492635535275,-0.014447492635535275,-0.012690407433962363,-0.012690407433962363,-0.01749051969729368,-0.01749051969729368,-0.019197951000833758,-0.019197951000833758,-0.019554707815240095,-0.019554707815240095,0.008439403315671279,0.008439403315671279,-0.019554707815240095,-0.019554707815240095,-0.01789552948838896,-0.01789552948838896
2011-05-05,0.0028226005923887927,0.0028226005923887927,0.009452306754786283,0.009452306754786283,0.019497515573765164,0.019497515573765164,0.00672907484920428,0.00672907484920428,0.01727711498939489,0.01727711498939489,0.014430169548697535,0.014430169548697535,0.01723773293887772,0.01723773293887772,0.01907899135555311,0.01907899135555311,0.021498123171890912,0.021498123171890912,0.0025533765285573684,0.0025533765285573684,-0.00030186069815598283,-0.00030186069815598283,0.0025533765285573684,0.0025533765285573684,0.013054196060167722,0.013054196060167722
2011-05-06,-0.0012686818804962196,-0.0012686818804962196,0.004774528579575842,0.004774528579575842,0.014083040758545662,0.014083040758545662,-0.0009750589692888153,-0.0009750589692888153,0.004131390770993971,0.004131390770993971,0.004752876560743537,0.004752876560743537,-0.002408603739470196,-0.002408603739470196,0.0021376875099315155,0.0021376875099315155,0.001173003845355674,0.001173003845355674,0.007634437690204174,0.007634437690204174,0.00880896891411104,0.00880896891411104,0.007634437690204174,0.007634437690204174,0.0033817735402272807,0.0033817735402272807
2011-05-09,0.005742813618558209,0.005742813618558209,-0.004014536328117199,-0.004014536328117199,0.010930808816912508,0.010930808816912508,0.0049866342566411955,0.0049866342566411955,-6.186457585942266e-05,-6.186457585942266e-05,0.003319331024494774,0.003319331024494774,0.005069130844517121,0.005069130844517121,0.018220703975103475,0.018220703975103475,0.01625405091713425,0.01625405091713425,0.015284257537458677,0.015284257537458677,0.009385736303431706,0.009385736303431706,0.015284257537458677,0.015284257537458677,0.007561407261564294,0.007561407261564294
2011-05-10,-0.004854593046328284,-0.004854593046328284,-0.0021657970989891256,-0.0021657970989891256,-0.017480239093486706,-0.017480239093486706,-0.006664933349849526,-0.006664933349849526,-0.006067446077175362,-0.006067446077175362,0.0002300311887405899,0.0002300311887405899,-0.0008753586669356428,-0.0008753586669356428,-0.011489797085711427,-0.011489797085711427,-0.0037800169014953503,-0.0037800169014953503,-0.02175987528528331,-0.02175987528528331,-0.01679601432280453,-0.01679601432280453,-0.02175987528528331,-0.02175987528528331,-0.007478689449708818,-0.007478689449708818
2011-05-11,0.01199850330738033,0.01199850330738033,0.010226920207719824,0.010226920207719824,0.007292653959527307,0.007292653959527307,0.01857504983644294,0.01857504983644294,0.013407463124361436,0.013407463124361436,0.01000571680080206,0.01000571680080206,0.015233303564008965,0.015233303564008965,0.0050500293644666384,0.0050500293644666384,0.00728124381775745,0.00728124381775745,0.011116870529893104,0.011116870529893104,-0.001015924012079227,-0.001015924012079227,0.011116870529893104,0.011116870529893104,0.011005703117981115,0.011005703117981115
2011-05-12,0.017858457174551333,0.017858457174551333,0.0068350008228024554,0.0068350008228024554,0.014742142262789446,0.014742142262789446,0.02384057352469284,0.02384057352469284,0.01615757060758673,0.01615757060758673,0.019411363438725328,0.019411363438725328,0.002163417607201926,0.002163417607201926,0.007046378629429306,0.007046378629429306,0.012168801755203244,0.012168801755203244,0.010606901592582109,0.010606901592582109,-0.007480321229981338,-0.007480321229981338,0.010606901592582109,0.010606901592582109,0.013090674980977896,0.013090674980977896
2011-05-13,0.011412058618973212,0.011412058618973212,-0.005404102514803991,-0.005404102514803991,-0.004482839062902682,-0.004482839062902682,0.0070626128693058125,0.0070626128693058125,-0.0052956084829506355,-0.0052956084829506355,-0.004362690572471725,-0.004362690572471725,-0.005130653292999153,-0.005130653292999153,-0.004484505394230621,-0.004484505394230621,-0.0004742340226281383,-0.0004742340226281383,0.011835658440990354,0.011835658440990354,0.00019353313347420138,0.00019353313347420138,0.011835658440990354,0.011835658440990354,3.912333524812224e-05,3.912333524812224e-05
2011-05-16,0.002030785585142473,0.002030785585142473,0.0025628016947633367,0.0025628016947633367,-0.0002642432357474315,-0.0002642432357474315,0.00719752825246273,0.00719752825246273,0.001476546182129369,0.001476546182129369,0.0027824220780621463,0.0027824220780621463,0.004057853997512687,0.004057853997512687,-0.0013862647247114635,-0.0013862647247114635,0.0032065691347674934,0.0032065691347674934,0.0008264225087368801,0.0008264225087368801,-0.0012813389960378207,-0.0012813389960378207,0.0008264225087368801,0.0008264225087368801,0.0022710826500406314,0.0022710826500406314
2011-05-17,0.004075991930809946,0.004075991930809946,0.003193668804036791,0.003193668804036791,0.0030815521543239737,0.0030815521543239737,0.0027793771179784894,0.0027793771179784894,0.01551798108466264,0.01551798108466264,-0.006264837106249244,-0.006264837106249244,0.015437877773007225,0.015437877773007225,-0.008826484611925539,-0.008826484611925539,0.008031353977502955,0.008031353977502955,0.0156817344496987,0.0156817344496987,0.011880155327412791,0.011880155327412791,0.0156817344496987,0.0156817344496987,0.005241797587185033,0.005241797587185033
2011-05-18,0.002621003112042535,0.002621003112042535,-0.005644109527193899,-0.005644109527193899,-0.01175002412981968,-0.01175002412981968,-0.015013748235704193,-0.015013748235704193,-0.0176855873316539,-0.0176855873316539,-0.007837224066721021,-0.007837224066721021,-0.013451417954154929,-0.013451417954154929,-0.0001830852457751983,-0.0001830852457751983,-0.00026843011929230266,-0.00026843011929230266,-0.015236644069211436,-0.015236644069211436,-0.018512513525851454,-0.018512513525851454,-0.015236644069211436,-0.015236644069211436,-0.008467361884924713,-0.008467361884924713
2011-05-19,0.010703930532245077,0.010703930532245077,0.006933836232616192,0.006933836232616192,-0.0049706813710005005,-0.0049706813710005005,0.005563622700425013,0.005563622700425013,0.00302904395796176,0.00302904395796176,0.010798116683702123,0.010798116683702123,0.0014309717927546146,0.0014309717927546146,0.002051396158208812,0.002051396158208812,-0.01719750034058386,-0.01719750034058386,-0.00014495905435624396,-0.00014495905435624396,-0.011578476428621289,-0.011578476428621289,-0.00014495905435624396,-0.00014495905435624396,0.0018002135034445163,0.0018002135034445163
2011-05-20,0.007106996646495264,0.007106996646495264,0.002703550238119634,0.002703550238119634,0.014266013999383638,0.014266013999383638,0.0104164223497177,0.0104164223497177,-0.002003569310644615,-0.002003569310644615,-0.003956804729524723,-0.003956804729524723,0.011579315451524146,0.011579315451524146,-0.0021295042213378104,-0.0021295042213378104,-0.006539212278747224,-0.006539212278747224,-0.0013333258710133532,-0.0013333258710133532,-0.00915965142764394,-0.00915965142764394,-0.0013333258710133532,-0.0013333258710133532,0.0030049379060596093,0.0030049379060596093
2011-05-23,-0.0001553745117604706,-0.0001553745117604706,-0.005000830680517579,-0.005000830680517579,-0.007391891948890974,-0.007391891948890974,-0.013338148725629304,-0.013338148725629304,0.0032978395009886684,0.0032978395009886684,0.005630846282794847,0.005630846282794847,0.013446194208770006,0.013446194208770006,0.003779232454406065,0.003779232454406065,0.0037284427474980073,0.0037284427474980073,-0.009074539854132691,-0.009074539854132691,-0.009437393104145226,-0.009437393104145226,-0.009074539854132691,-0.009074539854132691,-0.000503269483120856,-0.000503269483120856
2011-05-24,0.013587284689270174,0.013587284689270174,0.009288956516511052,0.009288956516511052,-0.0008039504682919325,-0.0008039504682919325,0.008317199144273013,0.008317199144273013,0.007183707756686432,0.007183707756686432,0.002712018074419109,0.002712018074419109,0.009492282211812387,0.009492282211812387,0.010024973194919483,0.010024973194919483,0.005217255319361656,0.005217255319361656,0.011538851050128758,0.011538851050128758,-0.0029941583821819664,-0.0029941583821819664,0.011538851050128758,0.011538851050128758,0.007666516357426715,0.007666516357426715
2011-05-25,0.008598866537976767,0.008598866537976767,-0.015122237362835435,-0.015122237362835435,-0.02650887259015705,-0.02650887259015705,-0.011973694124646174,-0.011973694124646174,-0.014945381622125893,-0.014945381622125893,-0.012189270845696636,-0.012189270845696636,-0.018083396895831747,-0.018083396895831747,-0.0171136289016076,-0.0171136289016076,-0.010923670046316792,-0.010923670046316792,-0.005071999617745455,-0.005071999617745455,-0.015242584565734517,-0.015242584565734517,-0.005071999617745455,-0.005071999617745455,-0.012237268481026561,-0.012237268481026561
2011-05-26,0.0015241603069939859,0.0015241603069939859,0.0038448684206787947,0.0038448684206787947,-0.010919129888415414,-0.010919129888415414,-0.0035379977323772524,-0.0035379977323772524,-0.006481393359442408,-0.006481393359442408,-0.01367617101760033,-0.01367617101760033,0.000726048258312165,0.000726048258312165,0.00798563861380295,0.00798563861380295,-0.006983349935850487,-0.006983349935850487,-0.000669438483233975,-0.000669438483233975,-0.0025044601747036548,-0.0025044601747036548,-0.000669438483233975,-0.000669438483233975,-0.0028097613726801376,-0.0028097613726801376
2011-05-27,0.012440465566414328,0.012440465566414328,0.02203676946702405,0.02203676946702405,0.019175694747192936,0.019175694747192936,0.014241120244671909,0.014241120244671909,0.022209706651527328,0.022209706651527328,0.016380543648633412,0.016380543648633412,0.015174699946517337,0.015174699946517337,0.015008928337411565,0.015008928337411565,0.021208080840581192,0.021208080840581192,0.012181383004372805,0.012181383004372805,-0.0013146276329928444,-0.0013146276329928444,0.012181383004372805,0.012181383004372805,0.01695452216527152,0.01695452216527152
2011-05-30,0.0059322465737031245,0.0059322465737031245,-0.016282333177920168,-0.016282333177920168,-0.006352457097144965,-0.006352457097144965,-0.007623060573059931,-0.007623060573059931,-0.013132853529745862,-0.013132853529745862,0.0022459668478430725,0.0022459668478430725,-0.002883630762253492,-0.002883630762253492,-0.004540572378453253,-0.004540572378453253,-0.0075681963690286975,-0.0075681963690286975,-0.010266750813292598,-0.010266750813292598,-0.018362193746229542,-0.018362193746229542,-0.010266750813292598,-0.010266750813292598,-0.005952899085947554,-0.005952899085947554
2011-05-31,0.007418273645008995,0.007418273645008995,-0.011770412676939564,-0.011770412676939564,-0.003966381470216966,-0.003966381470216966,-0.013001568086860767,-0.013001568086860767,-0.005191578456508281,-0.005191578456508281,-0.004632906542471821,-0.004632906542471821,-0.01581543258336335,-0.01581543258336335,-0.006698589550336781,-0.006698589550336781,-0.011127857748234991,-0.011127857748234991,-0.0017189473396938709,-0.0017189473396938709,-0.010934823117380829,-0.010934823117380829,-0.0017189473396938709,-0.0017189473396938709,-0.006602319939063489,-0.006602319939063489
2011-06-01,-0.002469071377301457,-0.002857817742010695,0.0036962098325832304,0.0027928936277259813,0.005392210673301312,0.004528639384410581,0.0018052036567433039,0.0007620983504759179,-0.0013556301208103028,-0.002690985535407117,-0.004456657929003738,-0.005964105196990267,0.013174635693207426,0.011797642196646136,0.0045554130230771595,0.0030378666203204523,0.004884815072604409,0.003536343049083712,0.0057340521032742675,0.0050400881713402925,0.008235888526010537,0.006874063019622188,0.0057340521032742675,0.0050400881713402925,0.0030980654896750615,0.003021912458236173
2011-06-02,-0.008337269557922937,-0.008337269557922937,0.009538595472743931,0.009538595472743931,-0.010609906600280519,-0.010609906600280519,0.0065570227163287646,0.0065570227163287646,0.012808396681957561,0.012808396681957561,-0.0022412679860211223,-0.0022412679860211223,0.008873963432952988,0.008873963432952988,0.006131508456529059,0.006131508456529059,0.0002633534780584327,0.0002633534780584327,0.003413069183234932,0.003413069183234932,0.011652547761047273,0.011652547761047273,0.003413069183234932,0.003413069183234932,0.002649184903854225,0.002649184903854225
2011-06-03,-0.004620049038121369,-0.004620049038121369,-7.024708877670328e-06,-7.024708877670328e-06,0.012256965021546933,0.012256965021546933,-0.0029901907742412607,-0.0029901907742412607,0.003713502922069871,0.003713502922069871,0.006624571838207667,0.006624571838207667,0.001204828238084336,0.001204828238084336,-0.0024557431968608946,-0.0024557431968608946,-0.0028385512019832478,-0.0028385512019832478,0.0022171961685803153,0.0022171961685803153,0.006673604561228251,0.006673604561228251,0.0022171961685803153,0.0022171961685803153,0.0013001522912179837,0.0013001522912179837
2011-06-06,-0.0001874867309299722,-0.0001874867309299722,0.0112200564359845,0.0112200564359845,0.018147614633897205,0.018147614633897205,0.008321801664767509,0.008321801664767509,0.01800086567138674,0.01800086567138674,0.010727117061949147,0.010727117061949147,0.0108123453405986,0.0108123453405986,0.012325498110242887,0.012325498110242887,0.01887829646320955,0.01887829646320955,0.022955384965906177,0.022955384965906177,0.022770452616242817,0.022770452616242817,0.022955384965906177,0.022955384965906177,0.013153432887657607,0.013153432887657607
2011-06-07,0.0080758359655624,0.0080758359655624,0.004616940359972203,0.004616940359972203,0.01607691982722928,0.01607691982722928,0.006436514058079526,0.006436514058079526,0.014154645548359004,0.014154645548359004,0.013841205623109368,0.013841205623109368,0.010149864965587936,0.010149864965587936,0.007902089104983441,0.007902089104983441,0.00863212735395829,0.00863212735395829,0.012927661854176105,0.012927661854176105,0.005151892620094657,0.005151892620094657,0.012927661854176105,0.012927661854176105,0.010297672189512722,0.010297672189512722
2011-06-08,0.022001646921694998,0.022001646921694998,0.019445577830646626,0.019445577830646626,0.02489363447901624,0.02489363447901624,0.01636909298359968,0.01636909298359968,0.020415473437829526,0.020415473437829526,0.020004279366803938,0.020004279366803938,0.018821963587025543,0.018821963587025543,0.01078545970541514,0.01078545970541514,0.023482278041360875,0.023482278041360875,0.017331231811246257,0.017331231811246257,-0.003499889699980478,-0.003499889699980478,0.017331231811246257,0.017331231811246257,0.01935489122985244,0.01935489122985244
2011-06-09,0.009550833155356072,0.009550833155356072,0.006147171239025107,0.006147171239025107,0.002672310347726174,0.002672310347726174,0.009457229531338422,0.009457229531338422,0.008440894635309882,0.008440894635309882,0.009654121360509558,0.009654121360509558,0.004185725976111525,0.004185725976111525,0.017688585900273286,0.017688585900273286,0.01154834542949984,0.01154834542949984,0.008306935835627171,0.008306935835627171,-0.0007997311953610326,-0.0007997311953610326,0.008306935835627171,0.008306935835627171,0.008734748914604146,0.008734748914604146
2011-06-10,0.01279090968486583,0.01279090968486583,0.026659826696124496,0.026659826696124496,0.019302295821549013,0.019302295821549013,0.030606559874170283,0.030606559874170283,0.030097557026954946,0.030097557026954946,0.025322254263725464,0.025322254263725464,0.03681544487086937,0.03681544487086937,0.012487753437832353,0.012487753437832353,0.028311052408936773,0.028311052408936773,0.02509812481266703,0.02509812481266703,0.013182477334930654,0.013182477334930654,0.02509812481266703,0.02509812481266703,0.024803875675970116,0.024803875675970116
2011-06-13,0.005102826594286736,0.005102826594286736,-0.005943466162262437,-0.005943466162262437,-0.0014598327919284203,-0.0014598327919284203,0.006460955985201573,0.006460955985201573,-0.016084328168714867,-0.016084328168714867,-0.011936053132948415,-0.011936053132948415,-0.01039654966363001,-0.01039654966363001,-0.00543824531798634,-0.00543824531798634,-0.009431121944977432,-0.009431121944977432,-0.015272644891429746,-0.015272644891429746,-0.020760800026402168,-0.020760800026402168,-0.015272644891429746,-0.015272644891429746,-0.006544424520668034,-0.006544424520668034
2011-06-14,-0.01843536079760432,-0.01843536079760432,-0.030944663173414263,-0.030944663173414263,-0.019002254493721827,-0.019002254493721827,-0.02145588977312649,-0.02145588977312649,-0.004415262958555872,-0.004415262958555872,-0.026089963281212,-0.026089963281212,-0.020641377512426937,-0.020641377512426937,-0.021825906678339738,-0.021825906678339738,-0.01743252384681291,-0.01743252384681291,-0.023215193684783926,-0.023215193684783926,-0.005704143104823664,-0.005704143104823664,-0.023215193684783926,-0.023215193684783926,-0.02031795598300687,-0.02031795598300687
2011-06-15,0.02051154252110371,0.02051154252110371,0.01922705013489005,0.01922705013489005,0.0209478683765496,0.0209478683765496,0.008724181975090613,0.008724181975090613,0.011377350769327648,0.011377350769327648,0.013843533693298916,0.013843533693298916,0.020053813051628486,0.020053813051628486,0.020453517677965192,0.020453517677965192,0.014810704338324453,0.014810704338324453,0.015182497807253552,0.015182497807253552,-0.004738504749147611,-0.004738504749147611,0.015182497807253552,0.015182497807253552,0.016484123053548818,0.016484123053548818
2011-06-16,0.0038282736835078338,0.0038282736835078338,-0.0027840994598277735,-0.0027840994598277735,-0.0034431127500959956,-0.0034431127500959956,0.00446039715498323,0.00446039715498323,-0.009067542716184325,-0.009067542716184325,-0.0020781052140595585,-0.0020781052140595585,0.002971309313985879,0.002971309313985879,0.0069447933932334956,0.0069447933932334956,-0.0059590858666975005,-0.0059590858666975005,0.0006915975026894768,0.0006915975026894768,-0.003153954379066279,-0.003153954379066279,0.0006915975026894768,0.0006915975026894768,-0.00048529806157681353,-0.00048529806157681353
2011-06-17,0.00012784435089664378,0.00012784435089664378,-0.003987614034270271,-0.003987614034270271,-0.010283136402007696,-0.010283136402007696,0.0015772472677015772,0.0015772472677015772,0.013751687440794951,0.013751687440794951,0.00515807517261075,0.00515807517261075,-0.002923559424568787,-0.002923559424568787,-0.008284022983646694,-0.008284022983646694,0.0004455942768769828,0.0004455942768769828,0.0038573085255449403,0.0038573085255449403,0.0039037968675153536,0.0039037968675153536,0.0038573085255449403,0.0038573085255449403,-5.4122653596626455e-05,-5.4122653596626455e-05
2011-06-20,0.02386003201630367,0.02386003201630367,0.004061104391389122,0.004061104391389122,-0.0034241906423865855,-0.0034241906423865855,0.017107477073972255,0.017107477073972255,0.012227673787831581,0.012227673787831581,0.02052050960437459,0.02052050960437459,0.009814243590979984,0.009814243590979984,0.01962466708467723,0.01962466708467723,0.020287940551467855,0.020287940551467855,0.027078253576814877,0.027078253576814877,0.004092325171528024,0.004092325171528024,0.027078253576814877,0.027078253576814877,0.015083098481931734,0.015083098481931734
2011-06-21,-0.004990422678929751,-0.004990422678929751,-0.005189784441383433,-0.005189784441383433,-0.005943834169712047,-0.005943834169712047,-0.010852828516254902,-0.010852828516254902,-0.011816606934892743,-0.011816606934892743,-0.0016582227660830351,-0.0016582227660830351,-0.0128647163060691,-0.0128647163060691,-0.006354339884729655,-0.006354339884729655,-0.008649221585266386,-0.008649221585266386,5.100760977563151e-06,5.100760977563151e-06,0.005172096150036504,0.005172096150036504,5.100760977563151e-06,5.100760977563151e-06,-0.0068615494675947014,-0.0068615494675947014
2011-06-22,0.0025497375691508773,0.0025497375691508773,-0.014201976065096778,-0.014201976065096778,0.0030466137900295722,0.0030466137900295722,-0.011438189706069305,-0.011438189706069305,-0.023664111129400096,-0.023664111129400096,-0.009950828497775054,-0.009950828497775054,-0.014483436560610031,-0.014483436560610031,-0.01592530618225401,-0.01592530618225401,-0.016265132391928127,-0.016265132391928127,-0.0008191301095547615,-0.0008191301095547615,-0.0034848201925072463,-0.0034848201925072463,-0.0008191301095547615,-0.0008191301095547615,-0.010155760809870053,-0.010155760809870053
2011-06-23,-0.03067679001135735,-0.03067679001135735,-0.005976540920222751,-0.005976540920222751,-0.02175955709993437,-0.02175955709993437,-0.01911696684895877,-0.01911696684895877,-0.017957093417549,-0.017957093417549,-0.014277014536044895,-0.014277014536044895,-0.014544574857378265,-0.014544574857378265,-0.024490718316717227,-0.024490718316717227,-0.016121288383003425,-0.016121288383003425,-0.018449943613451116,-0.018449943613451116,0.011941917621233854,0.011941917621233854,-0.018449943613451116,-0.018449943613451116,-0.018362703526348962,-0.018362703526348962
2011-06-24,-0.008764444023098724,-0.008764444023098724,-0.006437631020585553,-0.006437631020585553,-0.0007150820249827812,-0.0007150820249827812,0.017841729256730634,0.017841729256730634,-0.003557784590433077,-0.003557784590433077,0.002933842163621479,0.002933842163621479,-0.004680288813782784,-0.004680288813782784,-0.012185722065657364,-0.012185722065657364,-0.01034364493313504,-0.01034364493313504,-0.004731867140367723,-0.004731867140367723,0.0037584073427491347,0.0037584073427491347,-0.004731867140367723,-0.004731867140367723,-0.0030444374954681276,-0.0030444374954681276
2011-06-27,0.00951057623197955,0.00951057623197955,0.007408968265658042,0.007408968265658042,0.00700139108224626,0.00700139108224626,-0.0024741022595063723,-0.0024741022595063723,0.015118787390616888,0.015118787390616888,0.011569078864101365,0.011569078864101365,-0.004143147842170341,-0.004143147842170341,0.008858713141257853,0.008858713141257853,0.016050713401095713,0.016050713401095713,0.01774384603602716,0.01774384603602716,0.008934228358899217,0.008934228358899217,0.01774384603602716,0.01774384603602716,0.008666310944779949,0.008666310944779949
2011-06-28,0.011682783986884477,0.011682783986884477,0.016171854700501274,0.016171854700501274,0.014427155121267382,0.014427155121267382,-0.0070073159041284805,-0.0070073159041284805,-0.003145617002491399,-0.003145617002491399,0.005472964086904364,0.005472964086904364,0.0036452230655365306,0.0036452230655365306,0.0027450617119479563,0.0027450617119479563,0.009741586891304265,0.009741586891304265,0.00027485550003636264,0.00027485550003636264,-0.011116246817700712,-0.011116246817700712,0.00027485550003636264,0.00027485550003636264,0.005325633692520697,0.005325633692520697
2011-06-29,0.01938343272687279,0.01938343272687279,0.007539843167818064,0.007539843167818064,0.0007640579910832624,0.0007640579910832624,-0.004392602849924348,-0.004392602849924348,0.0007070376810649143,0.0007070376810649143,0.0021474663628565983,0.0021474663628565983,0.007295242609989769,0.007295242609989769,0.004535124379373595,0.004535124379373595,0.0016336870952158298,0.0016336870952158298,0.0015129628952308038,0.0015129628952308038,-0.017767355075059214,-0.017767355075059214,0.0015129628952308038,0.0015129628952308038,0.004071783741826416,0.004071783741826416
2011-06-30,-0.02253367206635117,-0.02253367206635117,-0.005167700875837395,-0.005167700875837395,-0.012918193786563848,-0.012918193786563848,-0.014656299211749733,-0.014656299211749733,-0.00747307404344893,-0.00747307404344893,-0.003414610031999614,-0.003414610031999614,-0.014307346740507685,-0.014307346740507685,-0.017416815155752875,-0.017416815155752875,-0.020688029618601615,-0.020688029618601615,-0.022926265038618797,-0.022926265038618797,-0.0011309429746632189,-0.0011309429746632189,-0.022926265038618797,-0.022926265038618797,-0.014171254132089386,-0.014171254132089386
2011-07-01,-0.01612249375039221,-0.016492114075630313,-0.02401004033463805,-0.024869437355587335,-0.013775141599429497,-0.015145696943588973,-0.025847782400175268,-0.026880899164928394,-0.020462585974792447,-0.021980838789287933,-0.02247957786046595,-0.0235026791519696,-0.018632863023027357,-0.019707018342189818,-0.022817251959354246,-0.024328578477922295,-0.011774929549596136,-0.013279796504932988,-0.01326959260270566,-0.013998558631606556,0.002910093201369479,0.0017993797933006724,-0.01326959260270566,-0.013998558631606556,-0.018922149273974287,-0.018993601516571097
2011-07-04,-0.005607331667631036,-0.005607331667631036,0.008998566539144787,0.008998566539144787,0.003907389822332907,0.003907389822332907,0.006175352178622367,0.006175352178622367,0.007050382982997309,0.007050382982997309,0.003979442529055924,0.003979442529055924,0.006150087593461032,0.006150087593461032,-0.003150032231705919,-0.003150032231705919,-0.009881013357716184,-0.009881013357716184,-0.005421807896303216,-0.005421807896303216,0.00017224513908357117,0.00017224513908357117,-0.005421807896303216,-0.005421807896303216,0.0012024081318340167,0.0012024081318340167
2011-07-05,-0.018542081819888985,-0.018542081819888985,-0.011592282651911234,-0.011592282651911234,-0.005654160678048914,-0.005654160678048914,-0.010032646595479613,-0.010032646595479613,-0.011773960634598159,-0.011773960634598159,0.002634621860452135,0.002634621860452135,-0.012210105423000763,-0.012210105423000763,-0.006075162524670146,-0.006075162524670146,-0.002684199434479163,-0.002684199434479163,-0.02091507650973251,-0.02091507650973251,-0.002359447146929119,-0.002359447146929119,-0.02091507650973251,-0.02091507650973251,-0.009684929890303586,-0.009684929890303586
2011-07-06,-0.0021524007206900476,-0.0021524007206900476,0.013393363247397875,0.013393363247397875,0.004552415592890336,0.004552415592890336,0.0055930801964730135,0.0055930801964730135,0.006272404273325256,0.006272404273325256,0.01162533332385696,0.01162533332385696,-0.0031850189929682575,-0.0031850189929682575,0.0022023238743499943,0.0022023238743499943,0.0036058546827943995,0.0036058546827943995,-0.005578582359304855,-0.005578582359304855,-0.0032896279785942714,-0.0032896279785942714,-0.005578582359304855,-0.005578582359304855,0.0036640173032582457,0.0036640173032582457
2011-07-07,-0.004794154665449623,-0.004794154665449623,0.009968341442123246,0.009968341442123246,-0.002240406290008867,-0.002240406290008867,0.011056657960170958,0.011056657960170958,0.007837215413799167,0.007837215413799167,0.008582863972251073,0.008582863972251073,0.02643161030968642,0.02643161030968642,0.013483469403047083,0.013483469403047083,0.004561660231382607,0.004561660231382607,0.012506217385800534,0.012506217385800534,0.016593964310945918,0.016593964310945918,0.012506217385800534,0.012506217385800534,0.008730644481057521,0.008730644481057521
2011-07-08,0.006679041686206463,0.006679041686206463,0.012976996242945377,0.012976996242945377,0.0007719356559215437,0.0007719356559215437,-0.006293132794703823,-0.006293132794703823,0.0014764675364522801,0.0014764675364522801,0.007826254637728985,0.007826254637728985,0.010470255346863666,0.010470255346863666,0.000981781168980777,0.000981781168980777,0.011682196448526215,0.011682196448526215,-0.0011535256853304483,-0.0011535256853304483,-0.007389602854509035,-0.007389602854509035,-0.0011535256853304483,-0.0011535256853304483,0.004569333385070758,0.004569333385070758
2011-07-11,0.0035137441045095955,0.0035137441045095955,0.008958474718169355,0.008958474718169355,-0.00041635100289303013,-0.00041635100289303013,0.016610974032352357,0.016610974032352357,0.01634825127996491,0.01634825127996491,0.0056603308342818145,0.0056603308342818145,0.004744276266438479,0.004744276266438479,0.011245390308428943,0.011245390308428943,0.011932449950961847,0.011932449950961847,0.017928282865107326,0.017928282865107326,0.013861191627085854,0.013861191627085854,0.017928282865107326,0.017928282865107326,0.009625359205671345,0.009625359205671345
2011-07-12,0.008033231578045964,0.008033231578045964,0.010591397146355536,0.010591397146355536,0.0003068185647122563,0.0003068185647122563,0.0017538608743329744,0.0017538608743329744,-0.003367231856442435,-0.003367231856442435,-0.00010852308260992293,-0.00010852308260992293,-0.00023370690303939996,-0.00023370690303939996,0.0004103317489526047,0.0004103317489526047,0.0021805496563619907,0.0021805496563619907,0.0027962785202567545,0.0027962785202567545,-0.00489673173779279,-0.00489673173779279,0.0027962785202567545,0.0027962785202567545,0.0022233001855102774,0.0022233001855102774
2011-07-13,0.014869152423930714,0.014869152423930714,0.0021300267258828453,0.0021300267258828453,0.002636088982049295,0.002636088982049295,-0.0011842673040529995,-0.0011842673040529995,0.008919426455247015,0.008919426455247015,0.0042723681250984484,0.0042723681250984484,0.001949391239288827,0.001949391239288827,0.006028506995107662,0.006028506995107662,-0.007425145964459841,-0.007425145964459841,-0.0006528610028234813,-0.0006528610028234813,-0.014870808597634082,-0.014870808597634082,-0.0006528610028234813,-0.0006528610028234813,0.0031146008614351336,0.0031146008614351336
2011-07-14,-0.01775540635486595,-0.01775540635486595,-0.009146038693490201,-0.009146038693490201,-0.011000384525452558,-0.011000384525452558,-0.01449662680632419,-0.01449662680632419,-0.003787747551858052,-0.003787747551858052,-0.013776839306414934,-0.013776839306414934,-0.017322967450860108,-0.017322967450860108,-0.014276763096005535,-0.014276763096005535,0.0030974065686173394,0.0030974065686173394,-0.014246253919596986,-0.014246253919596986,0.0034716312393054272,0.0034716312393054272,-0.014246253919596986,-0.014246253919596986,-0.01125267825535064,-0.01125267825535064
2011-07-15,-0.003132596349630302,-0.003132596349630302,-0.00859502712102555,-0.00859502712102555,-0.016422003600805563,-0.016422003600805563,-0.002661568287044197,-0.002661568287044197,0.006311948802389636,0.006311948802389636,-0.0007805053594748647,-0.0007805053594748647,-0.0007955344640990069,-0.0007955344640990069,0.00817067435784389,0.00817067435784389,-0.005763735528241409,-0.005763735528241409,0.0006221373081888848,0.0006221373081888848,0.0036268609953922924,0.0036268609953922924,0.0006221373081888848,0.0006221373081888848,-0.002304490244088278,-0.002304490244088278
2011-07-18,0.019706903431917416,0.019706903431917416,0.0023071678524935386,0.0023071678524935386,-0.01405598785156571,-0.01405598785156571,0.008281114045779685,0.008281114045779685,-0.011816374457650707,-0.011816374457650707,-0.002791551093310774,-0.002791551093310774,0.002033246573418153,0.002033246573418153,-0.006319273183177957,-0.006319273183177957,0.0008906109461166841,0.0008906109461166841,-0.0071354427843808264,-0.0071354427843808264,-0.025786713916222576,-0.025786713916222576,-0.0071354427843808264,-0.0071354427843808264,-0.0009255596727192665,-0.0009255596727192665
2011-07-19,0.0047505283183383665,0.0047505283183383665,-0.010532868268986246,-0.010532868268986246,0.009536808845602903,0.009536808845602903,0.010820757143995894,0.010820757143995894,0.01057624791104475,0.01057624791104475,0.004027904644806543,0.004027904644806543,0.0006979545691391043,0.0006979545691391043,0.013364798114962695,0.013364798114962695,0.006135680265519386,0.006135680265519386,0.018789695977642747,0.018789695977642747,0.013717009372984455,0.013717009372984455,0.018789695977642747,0.018789695977642747,0.006720231829561897,0.006720231829561897
2011-07-20,0.0025276118637299174,0.0025276118637299174,0.0010179529544529272,0.0010179529544529272,-0.008387059082902895,-0.008387059082902895,-0.00015864646606389898,-0.00015864646606389898,0.000608061138047687,0.000608061138047687,0.0023037260245607205,0.0023037260245607205,-0.007046564883657539,-0.007046564883657539,-0.01859821694245145,-0.01859821694245145,-0.013652262772536054,-0.013652262772536054,0.004752181400314356,0.004752181400314356,0.002183927466715082,0.002183927466715082,0.004752181400314356,0.004752181400314356,-0.003661111814020843,-0.003661111814020843
2011-07-21,0.010333084102708136,0.010333084102708136,0.007632689282209226,0.007632689282209226,0.004105624299297984,0.004105624299297984,0.02259589947191733,0.02259589947191733,0.004549279802179929,0.004549279802179929,0.005233104651183576,0.005233104651183576,0.007673183490342258,0.007673183490342258,0.01144101007029575,0.01144101007029575,0.002323920313381826,0.002323920313381826,0.010440552285599966,0.010440552285599966,6.552203071182473e-05,6.552203071182473e-05,0.010440552285599966,0.010440552285599966,0.00863863361595489,0.00863863361595489
2011-07-22,0.0057246121036344496,0.0057246121036344496,-0.010762620729040114,-0.010762620729040114,0.000213496989303025,0.000213496989303025,0.008514213465763025,0.008514213465763025,-0.014008695741136628,-0.014008695741136628,-0.005719646407197159,-0.005719646407197159,-0.0038765735609937366,-0.0038765735609937366,-0.001588712911793262,-0.001588712911793262,0.0035258498234200094,0.0035258498234200094,0.004371873247626463,0.004371873247626463,-0.001377175193051904,-0.001377175193051904,0.004371873247626463,0.004371873247626463,-0.0013944088369368607,-0.0013944088369368607
2011-07-25,0.002722000316315389,0.002722000316315389,-0.00907158326851353,-0.00907158326851353,-0.005858398580287175,-0.005858398580287175,-0.010020161503987718,-0.010020161503987718,0.0035363787244381867,0.0035363787244381867,0.0061807635095951574,0.0061807635095951574,0.006245261349852987,0.006245261349852987,0.011487197248764479,0.011487197248764479,-0.0026995575356886766,-0.0026995575356886766,-0.008461250567458879,-0.008461250567458879,-0.01127943937586503,-0.01127943937586503,-0.008461250567458879,-0.008461250567458879,-0.000603059584737982,-0.000603059584737982
2011-07-26,0.008211656596478111,0.008211656596478111,0.00967247682731885,0.00967247682731885,-8.823985557747643e-05,-8.823985557747643e-05,0.012609242060796187,0.012609242060796187,0.006992060006644743,0.006992060006644743,0.005900117272549316,0.005900117272549316,0.011312126732033882,0.011312126732033882,0.018532816476621604,0.018532816476621604,0.006083837212070562,0.006083837212070562,0.009700539743807204,0.009700539743807204,0.0013664562549262063,0.0013664562549262063,0.009700539743807204,0.009700539743807204,0.008942403382908477,0.008942403382908477
2011-07-27,-0.0216110234583598,-0.0216110234583598,-0.031471765591064606,-0.031471765591064606,-0.017049888999172993,-0.017049888999172993,-0.010491691004753183,-0.010491691004753183,-0.008163614290252443,-0.008163614290252443,-0.019831208462283145,-0.019831208462283145,-0.022884917163819386,-0.022884917163819386,-0.017588272239535574,-0.017588272239535574,-0.019641108059386285,-0.019641108059386285,0.005440773004112689,0.005440773004112689,0.02788688992356015,0.02788688992356015,0.005440773004112689,0.005440773004112689,-0.016326310191044205,-0.016326310191044205
2011-07-28,-0.018237493301959735,-0.018237493301959735,-0.009026416693739308,-0.009026416693739308,-0.017100892855791423,-0.017100892855791423,-0.0074881301825308125,-0.0074881301825308125,-0.013041155130663435,-0.013041155130663435,-0.0020234350805962012,-0.0020234350805962012,-0.003486729662158043,-0.003486729662158043,-0.009074175073510715,-0.009074175073510715,-0.009187974757699896,-0.009187974757699896,-0.009107444821895107,-0.009107444821895107,0.00887460593436119,0.00887460593436119,-0.009107444821895107,-0.009107444821895107,-0.009727997696593528,-0.009727997696593528
2011-07-29,-0.005358982254390316,-0.005358982254390316,-0.011425395173465986,-0.011425395173465986,-0.004811188986699242,-0.004811188986699242,-0.005517585418910868,-0.005517585418910868,-0.020387071040734162,-0.020387071040734162,-0.01110282251942885,-0.01110282251942885,-0.016783495696762615,-0.016783495696762615,-0.0110508251440952,-0.0110508251440952,-0.011049372524796475,-0.011049372524796475,-0.016029904002558326,-0.016029904002558326,-0.010554300666360893,-0.010554300666360893,-0.016029904002558326,-0.016029904002558326,-0.011399351998598716,-0.011399351998598716
2011-08-01,-0.02014954156045823,-0.020676510904685363,-0.03619790651325383,-0.03724381015166492,-0.021461957666911058,-0.02247584582471341,-0.01525125270990435,-0.01660308513909661,-0.024109634871572694,-0.025810661191121236,-0.025681361156138394,-0.027367313193328614,-0.030201956205613834,-0.03173155939653071,-0.024657124452597823,-0.025710331310008754,-0.0401604249572749,-0.0413525153188642,-0.015350813967508592,-0.016274309641905967,0.00476793130157116,0.003331523295621189,-0.015350813967508592,-0.016274309641905967,-0.02531359002407574,-0.025393446695579226
2011-08-02,-0.006067224486264192,-0.006067224486264192,-0.011899220953220515,-0.011899220953220515,0.0006578938694789507,0.0006578938694789507,-0.008099275413082346,-0.008099275413082346,-0.0038475746829059764,-0.0038475746829059764,0.002668722639337076,0.002668722639337076,-0.002645304543801278,-0.002645304543801278,-0.024714010275504815,-0.024714010275504815,-0.005194785203816103,-0.005194785203816103,-0.0109852859216951,-0.0109852859216951,-0.004840166951507251,-0.004840166951507251,-0.0109852859216951,-0.0109852859216951,-0.007013074291087648,-0.007013074291087648
2011-08-03,0.006784746124798987,0.006784746124798987,0.009022526248662439,0.009022526248662439,-0.004873427402888109,-0.004873427402888109,0.004956714682257739,0.004956714682257739,0.0017159015092259537,0.0017159015092259537,-0.001013188782265737,-0.001013188782265737,0.0071062234241217005,0.0071062234241217005,0.010676077280743174,0.010676077280743174,0.01592768583868289,0.01592768583868289,0.015985296765704513,0.015985296765704513,0.008955302731727115,0.008955302731727115,0.015985296765704513,0.015985296765704513,0.006584990394241551,0.006584990394241551
2011-08-04,-0.0098976191624967,-0.0098976191624967,0.0025294509354451605,0.0025294509354451605,-0.0054473595491568,-0.0054473595491568,0.006992789527215815,0.006992789527215815,-0.006579204343355597,-0.006579204343355597,-0.0046533597305198,-0.0046533597305198,-0.002524389853013069,-0.002524389853013069,-0.0015586155131081685,-0.0015586155131081685,0.0029370546274946965,0.0029370546274946965,0.0034792004515112884,0.0034792004515112884,0.01307196338718724,0.01307196338718724,0.0034792004515112884,0.0034792004515112884,-0.0014746106817288965,-0.0014746106817288965
2011-08-05,0.010549806185477477,0.010549806185477477,0.005612416257918069,0.005612416257918069,0.0037052422371217386,0.0037052422371217386,0.006376282431518362,0.006376282431518362,0.009172213081060598,0.009172213081060598,0.005163751237930984,0.005163751237930984,0.004494103093374896,0.004494103093374896,0.005939787613631908,0.005939787613631908,-0.015133627426884875,-0.015133627426884875,-0.0038992117191631826,-0.0038992117191631826,-0.013851030520793057,-0.013851030520793057,-0.0038992117191631826,-0.0038992117191631826,0.0031786122425305043,0.0031786122425305043
2011-08-08,0.01060663257805867,0.01060663257805867,0.019846807842939355,0.019846807842939355,0.013493582747963324,0.013493582747963324,0.010476691038071395,0.010476691038071395,0.011616505190433987,0.011616505190433987,0.014126594217874329,0.014126594217874329,0.016902090833646168,0.016902090833646168,0.02002326592707729,0.02002326592707729,0.01577870353227987,0.01577870353227987,0.013116592943779837,0.013116592943779837,0.002523994784601736,0.002523994784601736,0.013116592943779837,0.013116592943779837,0.01457534019287936,0.01457534019287936
2011-08-09,0.01219526014449029,0.01219526014449029,0.013161300438248577,0.013161300438248577,0.01622668361172438,0.01622668361172438,0.015261219843760904,0.015261219843760904,0.01149849042557628,0.01149849042557628,0.02641916508890682,0.02641916508890682,0.005875550602267578,0.005875550602267578,0.018231145944798247,0.018231145944798247,0.026894255750570632,0.026894255750570632,0.010741842727644384,0.010741842727644384,-0.0013458115876430312,-0.0013458115876430312,0.010741842727644384,0.010741842727644384,0.015621915561675758,0.015621915561675758
2011-08-10,0.004812941036143124,0.004812941036143124,0.0022754927763012018,0.0022754927763012018,0.0069900064941508175,0.0069900064941508175,0.0003418708259426095,0.0003418708259426095,0.005069634003587173,0.005069634003587173,-0.006957233350505612,-0.006957233350505612,-0.012602233241253927,-0.012602233241253927,-0.009242056710159806,-0.009242056710159806,0.010605013440501595,0.010605013440501595,-0.001586725240362062,-0.001586725240362062,-0.00639895227742292,-0.00639895227742292,-0.001586725240362062,-0.001586725240362062,-4.05705987431065e-05,-4.05705987431065e-05
2011-08-11,0.015454065581635014,0.015454065581635014,0.010466224142453545,0.010466224142453545,0.026341205110768578,0.026341205110768578,0.003826051360558501,0.003826051360558501,0.0087672688143742,0.0087672688143742,0.006956471784800042,0.006956471784800042,0.00439760886482377,0.00439760886482377,0.00913705939961551,0.00913705939961551,0.03036451086043563,0.03036451086043563,0.008291088470413028,0.008291088470413028,-0.00722910084162612,-0.00722910084162612,0.008291088470413028,0.008291088470413028,0.012419094627431218,0.012419094627431218
2011-08-12,0.0020068011980486225,0.0020068011980486225,0.02052938632509361,0.02052938632509361,0.009412971270486787,0.009412971270486787,0.005062027101838746,0.005062027101838746,0.00409516993924278,0.00409516993924278,0.013468588450101016,0.013468588450101016,0.0018296791119526458,0.0018296791119526458,-0.008548246166454962,-0.008548246166454962,-0.00542437742132917,-0.00542437742132917,-0.007712053794422425,-0.007712053794422425,-0.009981122599708132,-0.009981122599708132,-0.007712053794422425,-0.007712053794422425,0.0034748849266886877,0.0034748849266886877
2011-08-15,-0.011810340529977063,-0.011810340529977063,0.0020776908951011764,0.0020776908951011764,-0.011112027310123049,-0.011112027310123049,-0.009050575148522741,-0.009050575148522741,-0.012119816409200497,-0.012119816409200497,-0.01852809405530604,-0.01852809405530604,-0.012273463626881063,-0.012273463626881063,-0.01842010531420002,-0.01842010531420002,-0.004547812233370154,-0.004547812233370154,-0.014626983999497665,-0.014626983999497665,-0.002692107256079601,-0.002692107256079601,-0.014626983999497665,-0.014626983999497665,-0.010994596242662007,-0.010994596242662007
2011-08-16,-0.004475638460912834,-0.004475638460912834,-0.00576190099385311,-0.00576190099385311,-0.005135377506548337,-0.005135377506548337,0.0008981503862506705,0.0008981503862506705,-7.627209993113591e-05,-7.627209993113591e-05,-0.00873029296795324,-0.00873029296795324,-0.00964033987154202,-0.00964033987154202,0.0016042074071661886,0.0016042074071661886,-0.0023716415259000378,-0.0023716415259000378,0.0035311556386849875,0.0035311556386849875,0.008220793715854316,0.008220793715854316,0.0035311556386849875,0.0035311556386849875,-0.0030316313451551253,-0.0030316313451551253
2011-08-17,-0.004176835951492045,-0.004176835951492045,-0.015524067824058876,-0.015524067824058876,-0.017776458195148535,-0.017776458195148535,-0.009828327551379992,-0.009828327551379992,-0.0205366150612524,-0.0205366150612524,-0.006860249751760032,-0.006860249751760032,-0.009804056170826504,-0.009804056170826504,-0.01471607924043012,-0.01471607924043012,-0.013949009372824332,-0.013949009372824332,-0.006113223111489065,-0.006113223111489065,-0.001908860958171713,-0.001908860958171713,-0.006113223111489065,-0.006113223111489065,-0.011952329068035554,-0.011952329068035554
2011-08-18,-0.007263408097537673,-0.007263408097537673,0.001505209050337474,0.001505209050337474,-0.016767613836488972,-0.016767613836488972,-0.0036518153682655145,-0.0036518153682655145,0.0005808726052301911,0.0005808726052301911,-0.01569308044353342,-0.01569308044353342,-0.015144934258568587,-0.015144934258568587,0.0034167797801225664,0.0034167797801225664,-0.0010284886764138751,-0.0010284886764138751,-0.0017545872670309427,-0.0017545872670309427,0.005643654729173497,0.005643654729173497,-0.0017545872670309427,-0.0017545872670309427,-0.005579434268093961,-0.005579434268093961
2011-08-19,0.0006770513502492356,0.0006770513502492356,0.005453057551323387,0.005453057551323387,-0.0058323073866730375,-0.0058323073866730375,0.003918067649729342,0.003918067649729342,0.006401146769099425,0.006401146769099425,0.005299562293714294,0.005299562293714294,0.006185554981887911,0.006185554981887911,0.0037237107900285867,0.0037237107900285867,0.00203043087519386,0.00203043087519386,-0.0019088963383387218,-0.0019088963383387218,-0.0025891917713672507,-0.0025891917713672507,-0.0019088963383387218,-0.0019088963383387218,0.0025742648866892604,0.0025742648866892604
2011-08-22,-0.0009084267520622523,-0.0009084267520622523,0.009126059642721111,0.009126059642721111,0.018082595977098676,0.018082595977098676,0.007589953387425561,0.007589953387425561,0.012082488082721502,0.012082488082721502,0.0038055001651552053,0.0038055001651552053,0.013625683521168707,0.013625683521168707,0.002159279866293571,0.002159279866293571,0.0014704482815402712,0.0014704482815402712,0.020396925857217686,0.020396925857217686,0.021312224531529478,0.021312224531529478,0.020396925857217686,0.020396925857217686,0.008709556505616226,0.008709556505616226
2011-08-23,0.007374064519567524,0.007374064519567524,0.011045581479985227,0.011045581479985227,0.022528643180747335,0.022528643180747335,0.01623069524712212,0.01623069524712212,0.02174494461513367,0.02174494461513367,0.025370746436124286,0.025370746436124286,0.016204515430973426,0.016204515430973426,0.019397213170840668,0.019397213170840668,0.011193767860837173,0.011193767860837173,0.029663029050353937,0.029663029050353937,0.022344377110632203,0.022344377110632203,0.029663029050353937,0.029663029050353937,0.018049899347717575,0.018049899347717575
2011-08-24,-0.013606748568579814,-0.013606748568579814,-0.007543776801088208,-0.007543776801088208,-0.013559238101473338,-0.013559238101473338,-0.00957519846092933,-0.00957519846092933,-0.013742821726461886,-0.013742821726461886,-0.016560917535854217,-0.016560917535854217,-0.010327809088994356,-0.010327809088994356,-0.0024219381755252183,-0.0024219381755252183,-0.014815295959821156,-0.014815295959821156,-0.014732102704848898,-0.014732102704848898,-0.0015707171351414528,-0.0015707171351414528,-0.014732102704848898,-0.014732102704848898,-0.011713148599243148,-0.011713148599243148
2011-08-25,0.008326832935948797,0.008326832935948797,0.003242781015483885,0.003242781015483885,0.008175710019129142,0.008175710019129142,-0.0034704904084350867,-0.0034704904084350867,0.009846539067884064,0.009846539067884064,0.000839253549592649,0.000839253549592649,0.0026113729144200083,0.0026113729144200083,-0.0002167970771032202,-0.0002167970771032202,0.008409521658693256,0.008409521658693256,-0.006989630780735884,-0.006989630780735884,-0.014951577434245139,-0.014951577434245139,-0.006989630780735884,-0.006989630780735884,0.003060374721959638,0.003060374721959638
2011-08-26,-0.015144855160473413,-0.015144855160473413,-0.0036375926961976094,-0.0036375926961976094,-0.01421681800594505,-0.01421681800594505,-0.005775373793130768,-0.005775373793130768,-0.01746844747479119,-0.01746844747479119,-0.010537964044259374,-0.010537964044259374,0.0009809876387154711,0.0009809876387154711,-0.010829467993797907,-0.010829467993797907,-0.01125672587474049,-0.01125672587474049,-0.01449665984666375,-0.01449665984666375,0.000406623291578697,0.000406623291578697,-0.01449665984666375,-0.01449665984666375,-0.010265941728308742,-0.010265941728308742
2011-08-29,0.0009043463434097601,0.0009043463434097601,0.012539175963387845,0.012539175963387845,0.005638540174166608,0.005638540174166608,0.004682991882171784,0.004682991882171784,0.014062118889984963,0.014062118889984963,0.010558282549897107,0.010558282549897107,0.003657070279139874,0.003657070279139874,0.007542090031529562,0.007542090031529562,-0.0031376815704846767,-0.0031376815704846767,0.0053605455884037706,0.0053605455884037706,0.004408555417426788,0.004408555417426788,0.0053605455884037706,0.0053605455884037706,0.00619804678658125,0.00619804678658125
2011-08-30,-0.0029565084755693357,-0.0029565084755693357,-0.005322382347924327,-0.005322382347924327,-0.005400266837125718,-0.005400266837125718,-0.01373316721294033,-0.01373316721294033,-0.009701442144984024,-0.009701442144984024,-0.003689097775358913,-0.003689097775358913,-0.0022129645242503103,-0.0022129645242503103,0.005536943096749373,0.005536943096749373,-0.00039061447123205214,-0.00039061447123205214,-0.006169329403373758,-0.006169329403373758,-0.00323200552714654,-0.00323200552714654,-0.006169329403373758,-0.006169329403373758,-0.004457459194231456,-0.004457459194231456
2011-08-31,-0.007561523990216185,-0.007561523990216185,-0.0027942137542556296,-0.0027942137542556296,-0.019986226396212968,-0.019986226396212968,0.0013397281062768728,0.0013397281062768728,-0.01622269482627133,-0.01622269482627133,-0.01402195184781445,-0.01402195184781445,-0.007819799488538354,-0.007819799488538354,-0.024967621229010587,-0.024967621229010587,-0.012317046040765948,-0.012317046040765948,-0.010992189998783111,-0.010992189998783111,-0.003508365123066102,-0.003508365123066102,-0.010992189998783111,-0.010992189998783111,-0.011502515611573848,-0.011502515611573848
2011-09-01,0.004066317704871647,0.003491024560263052,0.008699464683803448,0.007807261859321016,0.018773975807260035,0.018162231751592452,0.012324882473803811,0.011140456012206989,0.010381390587665074,0.008839632120236687,0.007004715855300603,0.005646635244320436,0.0040479034992624285,0.0023671859022822523,0.0030752961867916984,0.0018769086687154353,0.01903493899330977,0.018007428678758968,0.007216498942313798,0.006479502388188717,0.003110311883827599,0.0018070271795571015,0.007216498942313798,0.006479502388188717,0.009471778223875793,0.009384714884774638
2011-09-02,-0.013128626297070178,-0.013128626297070178,-0.01203689320635222,-0.01203689320635222,-0.006318890951441188,-0.006318890951441188,-0.01664987345955992,-0.01664987345955992,0.003184468819885685,0.003184468819885685,-0.0071748058827514425,-0.0071748058827514425,0.0013315812017252904,0.0013315812017252904,0.003007108890996919,0.003007108890996919,0.0038791060002529654,0.0038791060002529654,-0.0009537780878760113,-0.0009537780878760113,0.012214288622725385,0.012214288622725385,-0.0009537780878760113,-0.0009537780878760113,-0.004487701792111341,-0.004487701792111341
2011-09-05,-0.003351368042986041,-0.003351368042986041,-0.002230762567524203,-0.002230762567524203,0.000268831877235967,0.000268831877235967,-0.007555961375491945,-0.007555961375491945,-0.001953317545093719,-0.001953317545093719,-0.003962265499149951,-0.003962265499149951,0.00013262592849677804,0.00013262592849677804,-0.007621873059927089,-0.007621873059927089,-0.005859717485721651,-0.005859717485721651,-0.014915052947486355,-0.014915052947486355,-0.01153037250840503,-0.01153037250840503,-0.014915052947486355,-0.014915052947486355,-0.004704695356878693,-0.004704695356878693
2011-09-06,-0.008383497764914438,-0.008383497764914438,-0.007251949110682623,-0.007251949110682623,-0.013404798823044056,-0.013404798823044056,-0.0006832362989993824,-0.0006832362989993824,-0.008533093704243632,-0.008533093704243632,-0.010818412044870038,-0.010818412044870038,-0.005570805996901353,-0.005570805996901353,0.008287492802634994,0.008287492802634994,-0.00907737232676025,-0.00907737232676025,-0.0006683153241766777,-0.0006683153241766777,0.0076082756840342835,0.0076082756840342835,-0.0006683153241766777,-0.0006683153241766777,-0.00563779306808181,-0.00563779306808181
2011-09-07,-0.006998787213270506,-0.006998787213270506,0.006500000867878799,0.006500000867878799,-0.011927911966939861,-0.011927911966939861,-0.01580643542136825,-0.01580643542136825,0.006593410797661818,0.006593410797661818,0.002957175513857647,0.002957175513857647,-0.007850828337890565,-0.007850828337890565,-0.006854271749851467,-0.006854271749851467,-0.01120630004729226,-0.01120630004729226,0.006030361468532948,0.006030361468532948,0.012712102870527289,0.012712102870527289,0.006030361468532948,0.006030361468532948,-0.003873209395763703,-0.003873209395763703
2011-09-08,0.002253756553942133,0.002253756553942133,-0.0011932181319872365,-0.0011932181319872365,0.019838235703584672,0.019838235703584672,0.024049688250557245,0.024049688250557245,0.002551815155308691,0.002551815155308691,0.005588147027935879,0.005588147027935879,0.0026452116101651378,0.0026452116101651378,0.008757993048951158,0.008757993048951158,0.005107557286816857,0.005107557286816857,0.007475291510763274,0.007475291510763274,0.0051423356548706885,0.0051423356548706885,0.007475291510763274,0.007475291510763274,0.007670075497184156,0.007670075497184156
2011-09-09,0.003885672302611048,0.003885672302611048,0.00224428249894317,0.00224428249894317,-0.003990845123040129,-0.003990845123040129,-0.004422791589775782,-0.004422791589775782,0.007985869699856426,0.007985869699856426,0.0023363213717766595,0.0023363213717766595,0.005858723257974344,0.005858723257974344,0.00226037758028794,0.00226037758028794,0.003837668629883536,0.003837668629883536,0.004572496710568408,0.004572496710568408,0.0007800443925286282,0.0007800443925286282,0.004572496710568408,0.004572496710568408,0.002457837699266642,0.002457837699266642
2011-09-12,0.00725042263482251,0.00725042263482251,-0.0017700856821168502,-0.0017700856821168502,0.0048125563367551645,0.0048125563367551645,0.0022131126428697433,0.0022131126428697433,-0.0028731797354784447,-0.0028731797354784447,0.0058360804538664145,0.0058360804538664145,0.007627397543317311,0.007627397543317311,0.00866180568843283,0.00866180568843283,-0.001957018434765776,-0.001957018434765776,0.011126736942457013,0.011126736942457013,0.0040108247180263325,0.0040108247180263325,0.011126736942457013,0.011126736942457013,0.004087058417677683,0.004087058417677683
2011-09-13,-0.016436269609213523,-0.016436269609213523,0.004627863187813571,0.004627863187813571,0.009951609107410267,0.009951609107410267,0.007846124449081778,0.007846124449081778,0.002795430519971784,0.002795430519971784,-0.0023204701374220063,-0.0023204701374220063,0.0038635481047019924,0.0038635481047019924,0.0023052219775940874,0.0023052219775940874,0.0009076104079277598,0.0009076104079277598,0.0038650879264323116,0.0038650879264323116,0.01951695206181626,0.01951695206181626,0.0038650879264323116,0.0038650879264323116,0.0017711655496700951,0.0017711655496700951
2011-09-14,0.021775379429758802,0.021775379429758802,0.0029716337253482194,0.0029716337253482194,0.016583663196623584,0.016583663196623584,0.008731671671681637,0.008731671671681637,0.02861035249096692,0.02861035249096692,0.01871479178584222,0.01871479178584222,0.02256868805059209,0.02256868805059209,0.014138847432952153,0.014138847432952153,0.008379149341107046,0.008379149341107046,0.02143421804115305,0.02143421804115305,0.0007827280247033226,0.0007827280247033226,0.02143421804115305,0.02143421804115305,0.016416262985573464,0.016416262985573464
2011-09-15,-0.009641388975159749,-0.009641388975159749,-0.0034156636427873444,-0.0034156636427873444,-0.006352943792664463,-0.006352943792664463,-0.004674300606111264,-0.004674300606111264,-0.004137497027101792,-0.004137497027101792,-0.005665522830989359,-0.005665522830989359,-3.0277310869632982e-05,-3.0277310869632982e-05,-0.012008874235213147,-0.012008874235213147,-0.01738255190681465,-0.01738255190681465,-0.005951269071701008,-0.005951269071701008,0.0031625944437896677,0.0031625944437896677,-0.005951269071701008,-0.005951269071701008,-0.006906778357174055,-0.006906778357174055
2011-09-16,-0.00787017141286837,-0.00787017141286837,-0.010141960835943705,-0.010141960835943705,-0.023250285904254313,-0.023250285904254313,-0.0015795499645426076,-0.0015795499645426076,-0.00849496423716099,-0.00849496423716099,-0.015842575342493975,-0.015842575342493975,-0.008062596632634127,-0.008062596632634127,-0.011031374051046795,-0.011031374051046795,-0.015855998754988464,-0.015855998754988464,0.0029507267035296086,0.0029507267035296086,0.010212279652187493,0.010212279652187493,0.0029507267035296086,0.0029507267035296086,-0.00989775490782193,-0.00989775490782193
2011-09-19,0.0028663553582979656,0.0028663553582979656,0.01913712600985879,0.01913712600985879,0.005763459033957542,0.005763459033957542,0.00227593851495267,0.00227593851495267,-0.0005127061566641937,-0.0005127061566641937,0.006846930061464987,0.006846930061464987,0.0142449010693104,0.0142449010693104,0.004966532596945251,0.004966532596945251,0.013899467696357205,0.013899467696357205,-0.004090334945032949,-0.004090334945032949,-0.006609285185430334,-0.006609285185430334,-0.004090334945032949,-0.004090334945032949,0.006461410428010159,0.006461410428010159
2011-09-20,-0.0010150770636343492,-0.0010150770636343492,-0.00441417365324678,-0.00441417365324678,0.005538092153187618,0.005538092153187618,-0.003332266903533562,-0.003332266903533562,-0.00221548363291514,-0.00221548363291514,-0.005974121162921097,-0.005974121162921097,-0.00944928389008419,-0.00944928389008419,-0.01104598350902023,-0.01104598350902023,0.002170434520075893,0.002170434520075893,-0.005378666947874256,-0.005378666947874256,-0.004331519519546138,-0.004331519519546138,-0.005378666947874256,-0.005378666947874256,-0.0035520466162524997,-0.0035520466162524997
2011-09-21,0.019071900591798686,0.019071900591798686,0.012138463117500255,0.012138463117500255,0.01051652701986107,0.01051652701986107,0.0025866503208831037,0.0025866503208831037,1.3829471937770905e-05,1.3829471937770905e-05,0.0020956803112928005,0.0020956803112928005,0.012031913937377917,0.012031913937377917,0.0037959716809494405,0.0037959716809494405,0.01377504350042228,0.01377504350042228,0.005311584887145766,0.005311584887145766,-0.012425871143275138,-0.012425871143275138,0.005311584887145766,0.005311584887145766,0.008084576484604648,0.008084576484604648
2011-09-22,-0.003371641267014101,-0.003371641267014101,0.005174667769058129,0.005174667769058129,-0.0023089898542633614,-0.0023089898542633614,-0.008446254984748311,-0.008446254984748311,0.002941628191225092,0.002941628191225092,-0.0038173862178954264,-0.0038173862178954264,0.0071288588311840245,0.0071288588311840245,-0.006399765958198854,-0.006399765958198854,0.006442994505870216,0.006442994505870216,0.001833296588980935,0.001833296588980935,0.005039794265550786,0.005039794265550786,0.001833296588980935,0.001833296588980935,-3.5745091889495366e-05,-3.5745091889495366e-05
2011-09-23,0.00538895756017317,0.00538895756017317,-0.004877006668058967,-0.004877006668058967,-0.0045759408180352755,-0.0045759408180352755,-0.011887328528791739,-0.011887328528791739,0.002718220400266211,0.002718220400266211,-0.004897484683632602,-0.004897484683632602,-0.00808060967366616,-0.00808060967366616,-0.01824598125851795,-0.01824598125851795,0.005663772206442904,0.005663772206442904,-0.004853094943020761,-0.004853094943020761,-0.009911298074072775,-0.009911298074072775,-0.004853094943020761,-0.004853094943020761,-0.004354831318306929,-0.004354831318306929
2011-09-26,0.02282547950081499,0.02282547950081499,0.005879204998480132,0.005879204998480132,-0.00683118216043909,-0.00683118216043909,0.007886904886682384,0.007886904886682384,-0.0024299521335748465,-0.0024299521335748465,0.0033200756543949033,0.0033200756543949033,0.013170790814851865,0.013170790814851865,-0.0012267204037504451,-0.0012267204037504451,0.009811161785004022,0.009811161785004022,0.008630855555344838,0.008630855555344838,-0.013303408455787032,-0.013303408455787032,0.008630855555344838,0.008630855555344838,0.006099926359317047,0.006099926359317047
2011-09-27,0.022921490214445055,0.022921490214445055,0.02906085262861629,0.02906085262861629,0.02942627833718475,0.02942627833718475,0.022800215513624066,0.022800215513624066,0.010132196420271874,0.010132196420271874,0.023768597302142033,0.023768597302142033,0.025072269478298825,0.025072269478298825,0.030354118134970732,0.030354118134970732,0.022395660430330328,0.022395660430330328,0.024625810803577654,0.024625810803577654,0.002300242339100558,0.002300242339100558,0.024625810803577654,0.024625810803577654,0.02401421327445491,0.02401421327445491
2011-09-28,0.029136158949951085,0.029136158949951085,0.011035359134404628,0.011035359134404628,0.017315179505542323,0.017315179505542323,0.010112534775358513,0.010112534775358513,0.021631203282589242,0.021631203282589242,0.025858406686630035,0.025858406686630035,0.006629419757974689,0.006629419757974689,0.024159801143041778,0.024159801143041778,0.018858010010241587,0.018858010010241587,0.018315915449116954,0.018315915449116954,-0.01049922003209637,-0.01049922003209637,0.018315915449116954,0.018315915449116954,0.01824611969028366,0.01824611969028366
2011-09-29,-0.009503562542146658,-0.009503562542146658,-0.004306822914124729,-0.004306822914124729,0.012593404884878754,0.012593404884878754,-0.003966504242298347,-0.003966504242298347,-0.003777720397683379,-0.003777720397683379,-0.009757209127055633,-0.009757209127055633,-0.003374839180266877,-0.003374839180266877,-0.007479278725761662,-0.007479278725761662,0.005033599445027528,0.005033599445027528,0.0020130148337210822,0.0020130148337210822,0.012198429809039905,0.012198429809039905,0.0020130148337210822,0.0020130148337210822,-0.0022155202085547793,-0.0022155202085547793
2011-09-30,0.013474420052376682,0.013474420052376682,0.007238579742955975,0.007238579742955975,0.006227560111351782,0.006227560111351782,0.004105779697382718,0.004105779697382718,-0.007935316971282134,-0.007935316971282134,0.01196397968788231,0.01196397968788231,0.003554762277324498,0.003554762277324498,-0.00044879980983735207,-0.00044879980983735207,-0.00715303455704591,-0.00715303455704591,0.005828159823899948,0.005828159823899948,-0.007738885079709616,-0.007738885079709616,0.005828159823899948,0.005828159823899948,0.0036624284729714117,0.0036624284729714117
2011-10-03,0.006859245680883808,0.006465088559918348,0.000929852760417571,6.880810391493922e-05,0.006300844963517793,0.005271128127964616,0.012776027529420197,0.011569716642329711,0.007553271485829516,0.006206586089298553,0.011086546995611624,0.00974619707634236,0.000824653505118178,-0.0005692245741389056,0.01224774854971411,0.01074774854971411,0.012209440174119068,0.010692111773303396,0.005025305718360906,0.004132893065235212,-0.0017647709875665551,-0.003089618961739123,0.005025305718360906,0.004132893065235212,0.00758360395711466,0.007509661106119852
2011-10-04,-0.0007280287923491372,-0.0007280287923491372,-0.012484695352327414,-0.012484695352327414,-0.01505362309058099,-0.01505362309058099,-0.0013136693067716497,-0.0013136693067716497,-0.013094168101290026,-0.013094168101290026,-0.010066532713971933,-0.010066532713971933,-0.009670280075008284,-0.009670280075008284,-0.008901606072195813,-0.008901606072195813,-0.005199935978575178,-0.005199935978575178,-0.0015011682091830396,-0.0015011682091830396,-0.000776471680648073,-0.000776471680648073,-0.0015011682091830396,-0.0015011682091830396,-0.007794944990792252,-0.007794944990792252
2011-10-05,0.004717976190428112,0.004717976190428112,0.0032766189381893958,0.0032766189381893958,0.002243806626275111,0.002243806626275111,0.008050937958232933,0.008050937958232933,0.009482552793782328,0.009482552793782328,0.006783146732019332,0.006783146732019332,-0.0021643796123309907,-0.0021643796123309907,0.0027047486566063733,0.0027047486566063733,0.001685998982230064,0.001685998982230064,0.009990162557620936,0.009990162557620936,0.0052880974464791595,0.0052880974464791595,0.009990162557620936,0.009990162557620936,0.00468787818000533,0.00468787818000533
2011-10-06,-0.003953440528302306,-0.003953440528302306,-0.0052350358022253945,-0.0052350358022253945,-0.008928907436573829,-0.008928907436573829,0.003682519319898065,0.003682519319898065,-0.002427314438436726,-0.002427314438436726,0.003105878344672879,0.003105878344672879,0.001493298189815009,0.001493298189815009,-0.0014314579018078716,-0.0014314579018078716,-0.008301108382863966,-0.008301108382863966,0.0011641165760546118,0.0011641165760546118,0.005167615585380438,0.005167615585380438,0.0011641165760546118,0.0011641165760546118,-0.0020674350022321657,-0.0020674350022321657
2011-10-07,0.006763332132792314,0.006763332132792314,-0.00022003592281585513,-0.00022003592281585513,0.01278845558579827,0.01278845558579827,-0.0020318990598185965,-0.0020318990598185965,-0.002188297010602436,-0.002188297010602436,0.002807543260305344,0.002807543260305344,0.004803749988903995,0.004803749988903995,0.003027999838167505,0.003027999838167505,-0.002453376465078796,-0.002453376465078796,0.009908020630189151,0.009908020630189151,0.003212208408702461,0.003212208408702461,0.009908020630189151,0.009908020630189151,0.0033053727034035967,0.0033053727034035967
2011-10-10,-0.011583284591745041,-0.011583284591745041,-0.0009012926490419614,-0.0009012926490419614,-0.006901704950195071,-0.006901704950195071,-0.014297567523227764,-0.014297567523227764,-0.017862758057216658,-0.017862758057216658,0.005134713623659372,0.005134713623659372,-0.006257613192668102,-0.006257613192668102,-0.012676743924723906,-0.012676743924723906,0.0033505815706074684,0.0033505815706074684,-0.009550051911292871,-0.009550051911292871,0.0019462859080307286,0.0019462859080307286,-0.009550051911292871,-0.009550051911292871,-0.007178765908559855,-0.007178765908559855
2011-10-11,-0.015010198278231846,-0.015010198278231846,-0.02002499853843389,-0.02002499853843389,-0.007758203150797087,-0.007758203150797087,-0.01169746115716188,-0.01169746115716188,-0.02254642373096476,-0.02254642373096476,-0.01677945286590288,-0.01677945286590288,-0.016256875670583027,-0.016256875670583027,-0.008235209602360866,-0.008235209602360866,-0.012214568363913391,-0.012214568363913391,-0.015106249421795481,-0.015106249421795481,-0.0002739169838065535,-0.0002739169838065535,-0.015106249421795481,-0.015106249421795481,-0.014553344618118306,-0.014553344618118306
2011-10-12,-0.027971645703150406,-0.027971645703150406,-0.024829120134667336,-0.024829120134667336,-0.024030309760447552,-0.024030309760447552,-0.012581072446737729,-0.012581072446737729,-0.02627648763065796,-0.02627648763065796,-0.0024028563050172832,-0.0024028563050172832,-0.0263067580562042,-0.0263067580562042,-0.01385497429639762,-0.01385497429639762,-0.018055110946260697,-0.018055110946260697,-0.030375817055101433,-0.030375817055101433,-0.0026969389457466297,-0.0026969389457466297,-0.030375817055101433,-0.030375817055101433,-0.020612727142330436,-0.020612727142330436
2011-10-13,0.006057993305840768,0.006057993305840768,-0.014226156518040642,-0.014226156518040642,-0.010792268478512525,-0.010792268478512525,-0.014743695581443516,-0.014743695581443516,-0.021042830457228212,-0.021042830457228212,-0.009538207197135487,-0.009538207197135487,-0.006066794501164293,-0.006066794501164293,-0.016589792761671447,-0.016589792761671447,-0.0013583422821579795,-0.0013583422821579795,-0.014787422406552881,-0.014787422406552881,-0.019953860027725954,-0.019953860027725954,-0.014787422406552881,-0.014787422406552881,-0.010288495641177103,-0.010288495641177103
2011-10-14,-0.005737138617310228,-0.005737138617310228,-0.008419181384131896,-0.008419181384131896,0.0002945682854731261,0.0002945682854731261,0.0010745515436169683,0.0010745515436169683,-0.012587517603220563,-0.012587517603220563,-0.006333355195848598,-0.006333355195848598,-0.010478527538028753,-0.010478527538028753,-0.0071343647139783094,-0.0071343647139783094,-0.00768324285350719,-0.00768324285350719,-0.0003422981984559331,-0.0003422981984559331,0.005270094378719294,0.005270094378719294,-0.0003422981984559331,-0.0003422981984559331,-0.005692746591060346,-0.005692746591060346
2011-10-17,-0.014941026426530637,-0.014941026426530637,-0.005169956633603667,-0.005169956633603667,0.004102315434699058,0.004102315434699058,-0.0015403485061403679,-0.0015403485061403679,-0.01110395534082941,-0.01110395534082941,0.0013436397677333732,0.0013436397677333732,-0.018764281477402764,-0.018764281477402764,0.006330483595014775,0.006330483595014775,0.00035530515609434414,0.00035530515609434414,-0.00790330326464283,-0.00790330326464283,0.006842025462647234,0.006842025462647234,-0.00790330326464283,-0.00790330326464283,-0.004649367965705127,-0.004649367965705127
2011-10-18,0.014008859573001155,0.014008859573001155,0.020217115211546247,0.020217115211546247,0.016878194955931392,0.016878194955931392,0.003741334499746148,0.003741334499746148,0.02580559629068825,0.02580559629068825,0.02222316645018304,0.02222316645018304,0.01967875595242294,0.01967875595242294,0.017201665792871145,0.017201665792871145,0.027030076170565864,0.027030076170565864,0.015851260682309874,0.015851260682309874,0.0017537989014015415,0.0017537989014015415,0.015851260682309874,0.015851260682309874,0.018206935391250647,0.018206935391250647
2011-10-19,0.005865889816890518,0.005865889816890518,0.011126691129110036,0.011126691129110036,0.007959295819354315,0.007959295819354315,-0.0021179239376827074,-0.0021179239376827074,0.010007578467104459,0.010007578467104459,0.010173214936711566,0.010173214936711566,0.007064062542072692,0.007064062542072692,0.009578178073653465,0.009578178073653465,0.012240791168964853,0.012240791168964853,0.02144813524866881,0.02144813524866881,0.014954584657369062,0.014954584657369062,0.02144813524866881,0.02144813524866881,0.009334569618729536,0.009334569618729536
2011-10-20,-0.010306471558567797,-0.010306471558567797,-0.006629540505461142,-0.006629540505461142,-0.021267328686824384,-0.021267328686824384,-0.013329006386752424,-0.013329006386752424,-0.004862474849105813,-0.004862474849105813,-0.0036541303481689557,-0.0036541303481689557,-0.003779053582010174,-0.003779053582010174,-0.004825731856050256,-0.004825731856050256,-0.0056218934150318615,-0.0056218934150318615,-0.010526876250017456,-0.010526876250017456,-0.0003909294897781407,-0.0003909294897781407,-0.010526876250017456,-0.010526876250017456,-0.008488500033961715,-0.008488500033961715
2011-10-21,0.0004708051671533848,0.0004708051671533848,-0.0022742240858914034,-0.0022742240858914034,0.004116378634829143,0.004116378634829143,0.005056203173325032,0.005056203173325032,0.017438710882748145,0.017438710882748145,-0.004169150377284485,-0.004169150377284485,0.005647125892838139,0.005647125892838139,0.015768070042451697,0.015768070042451697,0.006414620990459541,0.006414620990459541,0.0038503839859041927,0.0038503839859041927,0.003235766484897939,0.003235766484897939,0.0038503839859041927,0.0038503839859041927,0.005168168483647345,0.005168168483647345
2011-10-24,0.004839382792601557,0.004839382792601557,-0.004369276372917859,-0.004369276372917859,-0.002457641227517262,-0.002457641227517262,-0.006149486556385669,-0.006149486556385669,-0.00556547787450657,-0.00556547787450657,-9.591285848941245e-05,-9.591285848941245e-05,-0.0038533299720052987,-0.0038533299720052987,0.004652134398341699,0.004652134398341699,0.0025699677105043175,0.0025699677105043175,-0.0024866226596206107,-0.0024866226596206107,-0.0069040963549845055,-0.0069040963549845055,-0.0024866226596206107,-0.0024866226596206107,-0.001232409920831905,-0.001232409920831905
2011-10-25,-0.012036041055180982,-0.012036041055180982,-0.001147444434931785,-0.001147444434931785,0.0036138986349750703,0.0036138986349750703,-0.01548259790680774,-0.01548259790680774,-0.0013993728516816307,-0.0013993728516816307,0.0010521352367074803,0.0010521352367074803,0.00022719106162671096,0.00022719106162671096,-0.0045330430598532825,-0.0045330430598532825,-0.005827061781036648,-0.005827061781036648,-0.002957931173877727,-0.002957931173877727,0.008554595805493767,0.008554595805493767,-0.002957931173877727,-0.002957931173877727,-0.003855687641702213,-0.003855687641702213
2011-10-26,0.0005724005517545499,0.0005724005517545499,0.006925019942184149,0.006925019942184149,0.0011316620549310116,0.0011316620549310116,0.005841831319128904,0.005841831319128904,0.006568994420679931,0.006568994420679931,-0.0005942208219329196,-0.0005942208219329196,0.009013265025118806,0.009013265025118806,0.00021453549639006845,0.00021453549639006845,0.009361215788593358,0.009361215788593358,-0.0022943138001559303,-0.0022943138001559303,-0.0027080372590819633,-0.0027080372590819633,-0.0022943138001559303,-0.0022943138001559303,0.0036247950005067623,0.0036247950005067623
2011-10-27,-0.0008620049463732115,-0.0008620049463732115,0.00834702308421982,0.00834702308421982,-0.00043115545224224475,-0.00043115545224224475,-0.0009518720589849956,-0.0009518720589849956,0.010850409505527259,0.010850409505527259,0.008931444116773447,0.008931444116773447,0.007132499663381685,0.007132499663381685,0.01119055615297982,0.01119055615297982,0.004847073837562221,0.004847073837562221,-0.0010727517445939215,-0.0010727517445939215,-0.00021643900793188921,-0.00021643900793188921,-0.0010727517445939215,-0.0010727517445939215,0.004824424456114268,0.004824424456114268
2011-10-28,-0.012306675728617125,-0.012306675728617125,-0.00336567466888773,-0.00336567466888773,-0.005173556498003843,-0.005173556498003843,0.004487004634581695,0.004487004634581695,0.0005963167441097664,0.0005963167441097664,-0.0030246552264064502,-0.0030246552264064502,0.0005938103908290047,0.0005938103908290047,0.0034043048343506627,0.0034043048343506627,-0.0037128851840985124,-0.0037128851840985124,-0.005898375570632984,-0.005898375570632984,0.005847583408741372,0.005847583408741372,-0.005898375570632984,-0.005898375570632984,-0.0024309930664113025,-0.0024309930664113025
2011-10-31,0.026406451485688594,0.026406451485688594,0.03315284408104133,0.03315284408104133,0.012963028011667049,0.012963028011667049,0.01230960275616977,0.01230960275616977,0.017895371741008897,0.017895371741008897,0.006491799096156468,0.006491799096156468,0.010684330871038563,0.010684330871038563,0.01462473548473298,0.01462473548473298,0.015272969698104131,0.015272969698104131,0.016838851681243848,0.016838851681243848,-0.008323055913058009,-0.008323055913058009,0.016838851681243848,0.016838851681243848,0.01654717964439535,0.01654717964439535
2011-11-01,-0.001922565799539644,-0.00232783006273867,-0.015956196269358403,-0.01733014500631398,-0.021762375125013556,-0.023138953284902335,-0.010622020875052596,-0.012288687541719263,-0.013570413562195238,-0.014761786585514414,-0.005773112229491173,-0.006806391698783809,0.0017903958481448878,0.0002896592742216155,-0.009747008502650423,-0.010950865769849907,-0.0077168018428828145,-0.009053976742810247,-0.0183173110489403,-0.01885935378567959,-0.016298247279933453,-0.01723852880510805,-0.0183173110489403,-0.01885935378567959,-0.010360748366531447,-0.01044454078943656
2011-11-02,-0.013777144106520398,-0.013777144106520398,-0.0030161700924822127,-0.0030161700924822127,-0.015392760927799704,-0.015392760927799704,0.007635637301619044,0.007635637301619044,-0.004394179638097563,-0.004394179638097563,0.0005168641160745529,0.0005168641160745529,0.004610563889956737,0.004610563889956737,0.00047269912915376313,0.00047269912915376313,0.007725908614422959,0.007725908614422959,0.001672838348417981,0.001672838348417981,0.01560761403230728,0.01560761403230728,0.001672838348417981,0.001672838348417981,-0.0013780832795082512,-0.0013780832795082512
2011-11-03,0.022801462945774016,0.022801462945774016,0.02606878308819429,0.02606878308819429,0.03344038070701556,0.03344038070701556,0.023421680166278318,0.023421680166278318,0.028364522309725287,0.028364522309725287,0.02645847308245448,0.02645847308245448,0.02589697164445223,0.02589697164445223,0.029058735165401965,0.029058735165401965,0.015469699317332039,0.015469699317332039,0.02836937270875517,0.02836937270875517,0.005494770363698942,0.005494770363698942,0.02836937270875517,0.02836937270875517,0.025901570973443838,0.025901570973443838
2011-11-04,0.0069475336671110145,0.0069475336671110145,0.014800898009797137,0.014800898009797137,0.0020905130779788235,0.0020905130779788235,0.0024448080370496087,0.0024448080370496087,0.0039011476781605704,0.0039011476781605704,-0.005662955223801608,-0.005662955223801608,0.006977624062616886,0.006977624062616886,0.007892017372136538,0.007892017372136538,-0.0007526234812918618,-0.0007526234812918618,0.011333590137609055,0.011333590137609055,0.004455117102920839,0.004455117102920839,0.011333590137609055,0.011333590137609055,0.004987521991962812,0.004987521991962812
2011-11-07,0.01604327152869834,0.01604327152869834,0.021122010421688264,0.021122010421688264,0.0068000717085364105,0.0068000717085364105,0.020641720964081976,0.020641720964081976,0.020196794487396745,0.020196794487396745,0.015267752987333861,0.015267752987333861,0.024453027230493495,0.024453027230493495,0.025302521094515036,0.025302521094515036,0.0211412378595721,0.0211412378595721,0.023082236031161933,0.023082236031161933,0.007299871653333663,0.007299871653333663,0.023082236031161933,0.023082236031161933,0.01945044074886733,0.01945044074886733
2011-11-08,-0.00955169278846375,-0.00955169278846375,0.005951034706253064,0.005951034706253064,-0.012718043187651807,-0.012718043187651807,-0.01034775973982796,-0.01034775973982796,0.0011971984658552138,0.0011971984658552138,0.006155519787393931,0.006155519787393931,-0.00023695447683218587,-0.00023695447683218587,-0.009218966745595202,-0.009218966745595202,0.001983774570130051,0.001983774570130051,0.005390810029378965,0.005390810029378965,0.015197511058295853,0.015197511058295853,0.005390810029378965,0.005390810029378965,-0.0021073241936684283,-0.0021073241936684283
2011-11-09,0.010450232706667935,0.010450232706667935,0.017583866892179972,0.017583866892179972,0.0038504512331668478,0.0038504512331668478,0.005027803931253296,0.005027803931253296,0.006296046749670556,0.006296046749670556,0.0056975796843340195,0.0056975796843340195,0.012564124063361477,0.012564124063361477,0.008094694961789686,0.008094694961789686,0.011112062771419625,0.011112062771419625,0.004627837944681192,0.004627837944681192,-0.005589910744672037,-0.005589910744672037,0.004627837944681192,0.004627837944681192,0.008564523925097916,0.008564523925097916
2011-11-10,-0.011427853913970023,-0.011427853913970023,0.005768668409022761,0.005768668409022761,0.015265646639365972,0.015265646639365972,0.0057070555572699576,0.0057070555572699576,-0.0016651711610928786,-0.0016651711610928786,0.014019775776979777,0.014019775776979777,0.008242695135626936,0.008242695135626936,0.005645942275419368,0.005645942275419368,-0.0011683956134438652,-0.0011683956134438652,0.00023515965535207684,0.00023515965535207684,0.011691313497653762,0.011691313497653762,0.00023515965535207684,0.00023515965535207684,0.004042857488062961,0.004042857488062961
2011-11-11,0.0004991202622235207,0.0004991202622235207,0.009801911152631685,0.009801911152631685,0.0030978316959199875,0.0030978316959199875,0.003142624211183502,0.003142624211183502,-0.00201143355873777,-0.00201143355873777,0.0046422895615204915,0.0046422895615204915,0.012758046098592803,0.012758046098592803,-0.0006230918717477138,-0.0006230918717477138,-0.0007335126896587177,-0.0007335126896587177,-0.0026462541866528345,-0.0026462541866528345,-0.003180874331003442,-0.003180874331003442,-0.0026462541866528345,-0.0026462541866528345,0.002849464699538399,0.002849464699538399
2011-11-14,-0.006415691023878513,-0.006415691023878513,-0.01840108664283628,-0.01840108664283628,-0.0027708762525230526,-0.0027708762525230526,0.003909600916648123,0.003909600916648123,-0.005255374022024511,-0.005255374022024511,-0.011362979939556744,-0.011362979939556744,-0.0009203557460279767,-0.0009203557460279767,-0.00606744447882842,-0.00606744447882842,0.001726162556083095,0.001726162556083095,9.111038746954661e-06,9.111038746954661e-06,0.006313320871713503,0.006313320871713503,9.111038746954661e-06,9.111038746954661e-06,-0.0045914591500718065,-0.0045914591500718065
2011-11-15,0.0010960888192672615,0.0010960888192672615,0.015833663929650226,0.015833663929650226,0.010309851428639575,0.010309851428639575,0.0005043928077118049,0.0005043928077118049,-0.00043816619075496676,-0.00043816619075496676,-0.0014827533201763072,-0.0014827533201763072,0.010863526673255328,0.010863526673255328,0.0032196898185737526,0.0032196898185737526,-0.00016485515302395917,-0.00016485515302395917,0.01011288411896375,0.01011288411896375,0.009166273475011495,0.009166273475011495,0.01011288411896375,0.01011288411896375,0.005033552454183745,0.005033552454183745
2011-11-16,-0.014551220283205794,-0.014551220283205794,-0.001763257943006614,-0.001763257943006614,-0.0019117919558695668,-0.0019117919558695668,-0.0041364337643148615,-0.0041364337643148615,-0.005904131861922489,-0.005904131861922489,-0.012472848518047978,-0.012472848518047978,-0.006577824870566964,-0.006577824870566964,-0.018774595322171767,-0.018774595322171767,-0.01009247541118355,-0.01009247541118355,0.014553373410018234,0.014553373410018234,0.028739493063919718,0.028739493063919718,0.014553373410018234,0.014553373410018234,-0.006107597923431779,-0.006107597923431779
2011-11-17,-0.0020053950883864684,-0.0020053950883864684,0.014240656783658477,0.014240656783658477,0.0023496616951833174,0.0023496616951833174,0.001502042042001872,0.001502042042001872,0.007119025258721684,0.007119025258721684,0.0011807324384169567,0.0011807324384169567,0.021073885860679934,0.021073885860679934,0.0034877161349229284,0.0034877161349229284,0.0014129640691544166,0.0014129640691544166,-0.0005105856370385886,-0.0005105856370385886,0.0013389591028558955,0.0013389591028558955,-0.0005105856370385886,-0.0005105856370385886,0.005128281410624148,0.005128281410624148
2011-11-18,0.020211225389970024,0.020211225389970024,0.007447688922465608,0.007447688922465608,-0.00786287289327916,-0.00786287289327916,0.019990430499059297,0.019990430499059297,0.010576665148647595,0.010576665148647595,0.0136248419735438,0.0136248419735438,-0.00030460432701386823,-0.00030460432701386823,0.013577273449451355,0.013577273449451355,0.013980726511441895,0.013980726511441895,0.009416922401597791,0.009416922401597791,-0.009184972583639052,-0.009184972583639052,0.009416922401597791,0.009416922401597791,0.009956611951667905,0.009956611951667905
2011-11-21,0.006373130073301107,0.006373130073301107,0.0011945371334936956,0.0011945371334936956,-0.006872846773700075,-0.006872846773700075,0.0002589379334013282,0.0002589379334013282,0.006574277449251276,0.006574277449251276,0.003087156275561488,0.003087156275561488,0.010172349679252093,0.010172349679252093,0.0035670738729880027,0.0035670738729880027,0.0015812701959031228,0.0015812701959031228,0.00146011825589325,0.00146011825589325,-0.00454696517128017,-0.00454696517128017,0.00146011825589325,0.00146011825589325,0.0027945871336030673,0.0027945871336030673
2011-11-22,0.003247068919509047,0.003247068919509047,0.0017401282856915777,0.0017401282856915777,0.006081666541860972,0.006081666541860972,0.0038336039549131803,0.0038336039549131803,0.005169473161681855,0.005169473161681855,-0.00014568448848393915,-0.00014568448848393915,-0.00012069713748463426,-0.00012069713748463426,0.0004337972471304503,0.0004337972471304503,-0.0010951211662083883,-0.0010951211662083883,-0.013030479247783685,-0.013030479247783685,-0.01641675084120788,-0.01641675084120788,-0.013030479247783685,-0.013030479247783685,0.0005340070771184646,0.0005340070771184646
2011-11-23,0.004004517415146185,0.004004517415146185,0.02187364128677813,0.02187364128677813,0.013110444204667022,0.013110444204667022,0.015482798294984054,0.015482798294984054,0.014789924059347141,0.014789924059347141,0.0033623468227349596,0.0033623468227349596,-0.001901299704299541,-0.001901299704299541,0.019596563564376664,0.019596563564376664,0.012699697526120764,0.012699697526120764,0.012921918982055169,0.012921918982055169,0.009338789833263831,0.009338789833263831,0.012921918982055169,0.012921918982055169,0.011563855753956213,0.011563855753956213
2011-11-24,-0.006180848106556297,-0.006180848106556297,0.011041142589664748,0.011041142589664748,0.002710925244459112,0.002710925244459112,0.0023782216347414164,0.0023782216347414164,-0.004959143957128882,-0.004959143957128882,-0.003923487556337685,-0.003923487556337685,0.0032665292090936593,0.0032665292090936593,-0.005606917977423539,-0.005606917977423539,0.012993485838708626,0.012993485838708626,-0.011167841151173107,-0.011167841151173107,-0.005490071302726802,-0.005490071302726802,-0.011167841151173107,-0.011167841151173107,0.00012979801969101074,0.00012979801969101074
2011-11-25,0.011374589387454444,0.011374589387454444,0.010025104000055927,0.010025104000055927,0.013183773480414608,0.013183773480414608,0.006780734682665514,0.006780734682665514,0.006526011517435636,0.006526011517435636,0.011365991422069267,0.011365991422069267,0.006167081376742042,0.006167081376742042,0.016115661465055345,0.016115661465055345,0.00945062723234225,0.00945062723234225,0.015471057740980999,0.015471057740980999,0.004793335183171682,0.004793335183171682,0.015471057740980999,0.015471057740980999,0.010594573807542121,0.010594573807542121
2011-11-28,-0.020259461904980958,-0.020259461904980958,-0.02383661163604041,-0.02383661163604041,-0.02288731991579378,-0.02288731991579378,-0.014406712390889552,-0.014406712390889552,-0.016693090171933645,-0.016693090171933645,-0.014637764729652286,-0.014637764729652286,-0.024082744544664934,-0.024082744544664934,-0.021646836986231207,-0.021646836986231207,-0.02499377417035714,-0.02499377417035714,-0.03428845024845195,-0.03428845024845195,-0.01566778395408146,-0.01566778395408146,-0.03428845024845195,-0.03428845024845195,-0.021824531787638657,-0.021824531787638657
2011-11-29,0.003651011744905082,0.003651011744905082,-0.00284448335889972,-0.00284448335889972,0.0027573565418198337,0.0027573565418198337,-0.011498953632298643,-0.011498953632298643,0.0008043727842207068,0.0008043727842207068,-0.0064432607729005,-0.0064432607729005,-0.0019307748300999247,-0.0019307748300999247,-0.003931633532163108,-0.003931633532163108,-0.013735425372341651,-0.013735425372341651,-0.00019883939854855714,-0.00019883939854855714,-0.0037488317479392125,-0.0037488317479392125,-0.00019883939854855714,-0.00019883939854855714,-0.003403576814137719,-0.003403576814137719
2011-11-30,-0.02263132907595353,-0.02263132907595353,-0.01843954898229737,-0.01843954898229737,-0.016470273831034797,-0.016470273831034797,-0.01697448604580077,-0.01697448604580077,-0.01786620336295473,-0.01786620336295473,-0.01798950314844505,-0.01798950314844505,-0.01963794123577229,-0.01963794123577229,-0.013590471119774288,-0.013590471119774288,-0.014707775170527782,-0.014707775170527782,-0.015125086765868866,-0.015125086765868866,0.006757624470369381,0.006757624470369381,-0.015125086765868866,-0.015125086765868866,-0.017345195128543774,-0.017345195128543774
2011-12-01,-0.02261596952323708,-0.022993369596325572,-0.0172407310546262,-0.018436392503587334,-0.012221357512886777,-0.013728450786682108,0.004952483625077164,0.0031058261075952217,-0.020172095648620214,-0.02184652354016224,-0.012234882692021776,-0.01342167564976081,-0.01752022402625264,-0.019045431654108692,-0.019012589652785405,-0.02054028108117502,-0.015695431974126706,-0.016900714370323304,-0.015679669725556122,-0.016392580609582933,0.006920432852459024,0.005820917038164395,-0.015679669725556122,-0.016392580609582933,-0.014763735236551723,-0.014843073182868118
2011-12-02,0.011820643227904503,0.011820643227904503,0.02237015193883711,0.02237015193883711,0.014059969166647592,0.014059969166647592,0.015626115410629682,0.015626115410629682,0.012318059024569814,0.012318059024569814,0.010429694559860807,0.010429694559860807,0.02053473509461768,0.02053473509461768,0.014742037559293281,0.014742037559293281,0.01768500345466489,0.01768500345466489,0.011074740880952018,0.011074740880952018,-0.0006326352220155564,-0.0006326352220155564,0.011074740880952018,0.011074740880952018,0.015067726848230135,0.015067726848230135
2011-12-05,0.01915767855751061,0.01915767855751061,0.00915152150564633,0.00915152150564633,0.006026372614216059,0.006026372614216059,0.018621951007000828,0.018621951007000828,0.007311117071225258,0.007311117071225258,0.014875512363245635,0.014875512363245635,0.0152188043685294,0.0152188043685294,0.009594515003466135,0.009594515003466135,0.015513900482518946,0.015513900482518946,0.0025451425373037373,0.0025451425373037373,-0.01628242774579384,-0.01628242774579384,0.0025451425373037373,0.0025451425373037373,0.011812261041224435,0.011812261041224435
2011-12-06,0.0010326135944500577,0.0010326135944500577,0.0007374135502292833,0.0007374135502292833,-0.003788941656771768,-0.003788941656771768,-0.011578767060614305,-0.011578767060614305,-0.005927281798896331,-0.005927281798896331,-0.006783106243022458,-0.006783106243022458,-0.0032490428375253743,-0.0032490428375253743,-0.007233802220104237,-0.007233802220104237,-0.001933675230919365,-0.001933675230919365,-0.006762790714269619,-0.006762790714269619,-0.007864873857082682,-0.007864873857082682,-0.006762790714269619,-0.006762790714269619,-0.004560160201192569,-0.004560160201192569
2011-12-07,-0.013007319777469934,-0.013007319777469934,-0.01292996224447613,-0.01292996224447613,-0.014813077482293654,-0.014813077482293654,-0.010286825017108009,-0.010286825017108009,-0.014063691437310701,-0.014063691437310701,-0.016809111744826476,-0.016809111744826476,-0.026595209153138358,-0.026595209153138358,-0.010544758058799644,-0.010544758058799644,-0.026728450701236316,-0.026728450701236316,-0.018818987295339908,-0.018818987295339908,-0.005643292379094233,-0.005643292379094233,-0.018818987295339908,-0.018818987295339908,-0.01646479399085858,-0.01646479399085858
2011-12-08,-0.026236304008356505,-0.026236304008356505,-0.03007895097741836,-0.03007895097741836,-0.03941162405787432,-0.03941162405787432,-0.025139014124434356,-0.025139014124434356,-0.02894983121215091,-0.02894983121215091,-0.018818903176255525,-0.018818903176255525,-0.03253563501273038,-0.03253563501273038,-0.024142041816332366,-0.024142041816332366,-0.03440549790572041,-0.03440549790572041,-0.0339821001942396,-0.0339821001942396,-0.007116016806513144,-0.007116016806513144,-0.0339821001942396,-0.0339821001942396,-0.029350249240261368,-0.029350249240261368
2011-12-09,-0.002723505476328626,-0.002723505476328626,0.0036143307254474168,0.0036143307254474168,-0.003672884771039177,-0.003672884771039177,-0.0011785207283917336,-0.0011785207283917336,-0.001982668361341971,-0.001982668361341971,-0.0003131056806977032,-0.0003131056806977032,0.00013731779401019144,0.00013731779401019144,-0.012057955193388273,-0.012057955193388273,-0.018101326848633123,-0.018101326848633123,-0.006851799469933706,-0.006851799469933706,-0.003916743194749033,-0.003916743194749033,-0.006851799469933706,-0.006851799469933706,-0.0042785954649032665,-0.0042785954649032665
2011-12-12,0.006620981978817861,0.006620981978817861,0.029363264489654962,0.029363264489654962,0.017821199640603837,0.017821199640603837,0.025992222728876746,0.025992222728876746,0.02226947488393359,0.02226947488393359,0.013046323938549334,0.013046323938549334,0.02665201196973703,0.02665201196973703,0.02308973672872469,0.02308973672872469,0.007461128938032178,0.007461128938032178,0.02539779719103135,0.02539779719103135,0.017907204762116328,0.017907204762116328,0.02539779719103135,0.02539779719103135,0.019802432072996277,0.019802432072996277
2011-12-13,-0.00242174721998985,-0.00242174721998985,0.010160054430964153,0.010160054430964153,0.005471421463468765,0.005471421463468765,-0.003531002766596199,-0.003531002766596199,0.019463671631356958,0.019463671631356958,0.00926704333559009,0.00926704333559009,0.014199393649826047,0.014199393649826047,-0.00019387859389817476,-0.00019387859389817476,0.0061368597120666675,0.0061368597120666675,0.004055769125877488,0.004055769125877488,0.006339735565766766,0.006339735565766766,0.004055769125877488,0.004055769125877488,0.006242641657912688,0.006242641657912688
2011-12-14,-0.0015859372433508858,-0.0015859372433508858,-0.006241280456585393,-0.006241280456585393,-0.009696180471951556,-0.009696180471951556,-0.01184272082179999,-0.01184272082179999,-0.01154279088325692,-0.01154279088325692,-0.006986406035552232,-0.006986406035552232,-0.00599905793600744,-0.00599905793600744,-0.009057709242610387,-0.009057709242610387,-0.011886838357319908,-0.011886838357319908,0.0007207071149491369,0.0007207071149491369,0.002253813385837848,0.002253813385837848,0.0007207071149491369,0.0007207071149491369,-0.007425569074939976,-0.007425569074939976
2011-12-15,0.0007225489646721015,0.0007225489646721015,-0.0028705894050416506,-0.0028705894050416506,0.002055678659808098,0.002055678659808098,0.0053083965057926005,0.0053083965057926005,-0.01377125303607664,-0.01377125303607664,0.011169764488767246,0.011169764488767246,0.006078036196297184,0.006078036196297184,-0.00156305782135973,-0.00156305782135973,-0.00705031392843538,-0.00705031392843538,0.004331022678385129,0.004331022678385129,0.0034918043307627326,0.0034918043307627326,0.004331022678385129,0.004331022678385129,0.00047904747207425276,0.00047904747207425276
2011-12-16,-0.014968630041487602,-0.014968630041487602,-0.019263776863755078,-0.019263776863755078,-0.0066124183092189205,-0.0066124183092189205,-0.003690976921227573,-0.003690976921227573,-0.01842073590219966,-0.01842073590219966,-0.022274807660116212,-0.022274807660116212,-0.014558340351005068,-0.014558340351005068,-0.01979198848782652,-0.01979198848782652,-0.01586195572780295,-0.01586195572780295,-0.01381834255758706,-0.01381834255758706,0.0011708422746516851,0.0011708422746516851,-0.01381834255758706,-0.01381834255758706,-0.014919688764402746,-0.014919688764402746
2011-12-19,-0.014258171254095129,-0.014258171254095129,0.0026578990757032007,0.0026578990757032007,-0.010877330341788925,-0.010877330341788925,-0.007615666406468567,-0.007615666406468567,0.005056101222735365,0.005056101222735365,-0.008244998057794526,-0.008244998057794526,0.0018558473707372984,0.0018558473707372984,-0.0021141240827787615,-0.0021141240827787615,-0.008745697351980504,-0.008745697351980504,-0.013935382329318536,-0.013935382329318536,0.0003441952534090067,0.0003441952534090067,-0.013935382329318536,-0.013935382329318536,-0.005586597022272568,-0.005586597022272568
2011-12-20,0.008635166504737815,0.008635166504737815,-0.008821246450918651,-0.008821246450918651,-0.0019604254444912706,-0.0019604254444912706,0.002321138987990164,0.002321138987990164,0.005331561694373158,0.005331561694373158,-0.007944000749741342,-0.007944000749741342,-0.008088680900630429,-0.008088680900630429,0.013528373837129277,0.013528373837129277,0.005120061132777363,0.005120061132777363,-0.007335972363667016,-0.007335972363667016,-0.015059665318820723,-0.015059665318820723,-0.007335972363667016,-0.007335972363667016,-1.8496304219197258e-05,-1.8496304219197258e-05
2011-12-21,-0.00040999076965936125,-0.00040999076965936125,-0.014207047124557774,-0.014207047124557774,0.005731958802860435,0.005731958802860435,-0.00025127631464460414,-0.00025127631464460414,-0.00048406501763096884,-0.00048406501763096884,-0.008828152868379062,-0.008828152868379062,-0.0007194619130086446,-0.0007194619130086446,0.00665179009897846,0.00665179009897846,-0.00927447997723841,-0.00927447997723841,-0.0056321198680254255,-0.0056321198680254255,-0.004949381273138712,-0.004949381273138712,-0.0056321198680254255,-0.0056321198680254255,-0.002734502680892383,-0.002734502680892383
2011-12-22,0.006762374496873657,0.006762374496873657,-0.0037673365270278272,-0.0037673365270278272,0.010855509984937286,0.010855509984937286,0.011261252595638201,0.011261252595638201,0.0033219497251543587,0.0033219497251543587,0.010844075859141107,0.010844075859141107,0.011957652168335192,0.011957652168335192,0.011090773073602893,0.011090773073602893,0.009634842865740142,0.009634842865740142,0.0076552105410972165,0.0076552105410972165,0.0006943554729355139,0.0006943554729355139,0.0076552105410972165,0.0076552105410972165,0.007959868513314181,0.007959868513314181
2011-12-23,-0.00015712444142084933,-0.00015712444142084933,0.014763109095065338,0.014763109095065338,-0.011104228714670396,-0.011104228714670396,0.001807917558848327,0.001807917558848327,-0.011550577900031608,-0.011550577900031608,0.0030909843808368124,0.0030909843808368124,-0.0023020238401928452,-0.0023020238401928452,0.0005961607500481977,0.0005961607500481977,-0.009663504663309619,-0.009663504663309619,0.007056566299089161,0.007056566299089161,0.0068931580641513005,0.0068931580641513005,0.007056566299089161,0.007056566299089161,-0.000706407128892436,-0.000706407128892436
2011-12-26,0.002236248764033587,0.002236248764033587,0.005968070968921512,0.005968070968921512,0.017203962944705126,0.017203962944705126,0.004324261525890185,0.004324261525890185,0.004267319225818507,0.004267319225818507,0.01145144452381719,0.01145144452381719,0.005881087700910496,0.005881087700910496,0.0005556334841983219,0.0005556334841983219,0.019748608088870356,0.019748608088870356,0.015876582296744567,0.015876582296744567,0.012996667547174464,0.012996667547174464,0.015876582296744567,0.015876582296744567,0.008624419820619955,0.008624419820619955
2011-12-27,-0.007530228700630065,-0.007530228700630065,-0.013955559540538592,-0.013955559540538592,-0.01419389351844686,-0.01419389351844686,-0.00499794013505123,-0.00499794013505123,-0.0053392901060178655,-0.0053392901060178655,-0.0009963471185939834,-0.0009963471185939834,0.004471527956693779,0.004471527956693779,-0.008968419614340719,-0.008968419614340719,-0.007914715359744853,-0.007914715359744853,-0.011232231137216813,-0.011232231137216813,-0.003532632997444573,-0.003532632997444573,-0.011232231137216813,-0.011232231137216813,-0.007028133052362908,-0.007028133052362908
2011-12-28,0.011172632112172122,0.011172632112172122,0.0012402663789722428,0.0012402663789722428,0.005743496694163486,0.005743496694163486,-0.002583342884981147,-0.002583342884981147,0.007609972767260038,0.007609972767260038,0.005356375765376516,0.005356375765376516,0.012613418834565328,0.012613418834565328,0.014684196033825595,0.014684196033825595,0.012354908506392114,0.012354908506392114,0.011832319356986374,0.011832319356986374,0.0005670027224524759,0.0005670027224524759,0.011832319356986374,0.011832319356986374,0.007933452302734735,0.007933452302734735
2011-12-29,0.022560194135249408,0.022560194135249408,0.014168456548014548,0.014168456548014548,0.016182595221732675,0.016182595221732675,0.017629615242459644,0.017629615242459644,0.013044603230312967,0.013044603230312967,0.010120795281577735,0.010120795281577735,0.005875868139192692,0.005875868139192692,0.02175875149358131,0.02175875149358131,0.01802148772206776,0.01802148772206776,0.014128730664366207,0.014128730664366207,-0.008213279688043406,-0.008213279688043406,0.014128730664366207,0.014128730664366207,0.015308447792075186,0.015308447792075186
2011-12-30,-0.01032550646138954,-0.01032550646138954,-0.0025478717207632626,-0.0025478717207632626,-0.005984999270196445,-0.005984999270196445,-0.00950226176717097,-0.00950226176717097,-0.01036723454092041,-0.01036723454092041,-0.007557134087577835,-0.007557134087577835,-0.012813808619455268,-0.012813808619455268,-0.007575237396922159,-0.007575237396922159,-0.002300865588042327,-0.002300865588042327,-0.018935381181566832,-0.018935381181566832,-0.008327229349443702,-0.008327229349443702,-0.018935381181566832,-0.018935381181566832,-0.008817613969784206,-0.008817613969784206
2012-01-02,-0.013355808185018803,-0.013749113960269569,-0.020997464289236212,-0.022170973387318032,-0.015150637818479917,-0.016173862357151066,-0.017705970797068815,-0.019080666722647514,-0.015711942181816152,-0.017571002671393932,-0.014171487780290204,-0.015691508833906416,-0.005828381431485896,-0.007214711947326168,-0.006667479927065401,-0.00801289089121203,-0.004009843569513616,-0.005220628905645711,-0.010230410646896337,-0.010985117123621931,0.0031298323536397277,0.0019882263084403193,-0.010230410646896337,-0.010985117123621931,-0.012387227960401592,-0.012467504719927698
2012-01-03,0.014545054419432229,0.014545054419432229,0.0038300111372137667,0.0038300111372137667,0.025857146205720882,0.025857146205720882,0.02066035121457932,0.02066035121457932,0.017720205411505582,0.017720205411505582,0.009343555032460857,0.009343555032460857,0.0068625787105794055,0.0068625787105794055,0.00542818110624282,0.00542818110624282,0.02046589227332577,0.02046589227332577,0.009456227591037685,0.009456227591037685,-0.0049880251244929525,-0.0049880251244929525,0.009456227591037685,0.009456227591037685,0.013412810258351573,0.013412810258351573
2012-01-04,0.0018202519606457157,0.0018202519606457157,-0.0032435386737376956,-0.0032435386737376956,-0.00593968581975482,-0.00593968581975482,0.007394171528976829,0.007394171528976829,0.007540730338918302,0.007540730338918302,0.006165956417679805,0.006165956417679805,-0.007041381669570954,-0.007041381669570954,-0.00424209464546034,-0.00424209464546034,0.011054000320927298,0.011054000320927298,-0.0009623707534799145,-0.0009623707534799145,-0.0027916439159750804,-0.0027916439159750804,-0.0009623707534799145,-0.0009623707534799145,0.0012708290357711807,0.0012708290357711807
2012-01-05,0.026291426015815994,0.026291426015815994,0.012069987737627175,0.012069987737627175,0.02270562925429239,0.02270562925429239,0.019299790617295955,0.019299790617295955,0.012286822334202896,0.012286822334202896,0.009249944629096535,0.009249944629096535,0.017523734087903784,0.017523734087903784,0.008111346994220552,0.008111346994220552,0.0384843627963533,0.0384843627963533,0.0241363286108039,0.0241363286108039,-0.0023027587109735364,-0.0023027587109735364,0.0241363286108039,0.0241363286108039,0.019084998810046674,0.019084998810046674
2012-01-06,-0.007105704729784242,-0.007105704729784242,0.0028272353971081363,0.0028272353971081363,-0.004194487270126923,-0.004194487270126923,0.004474851191304072,0.004474851191304072,-0.0007682831336886601,-0.0007682831336886601,0.0051630557038411466,0.0051630557038411466,-0.003114829635580011,-0.003114829635580011,0.00695165325419808,0.00695165325419808,-0.013080584877137924,-0.013080584877137924,0.005014310490215239,0.005014310490215239,0.012538208022025621,0.012538208022025621,0.005014310490215239,0.005014310490215239,-0.00046845189654587394,-0.00046845189654587394
2012-01-09,0.008184805861792013,0.008184805861792013,0.011977179680735646,0.011977179680735646,0.017598561771062338,0.017598561771062338,0.013314723701735956,0.013314723701735956,0.016196905881333105,0.016196905881333105,0.016580255459048433,0.016580255459048433,0.011966494484451648,0.011966494484451648,0.017202589121291644,0.017202589121291644,0.018791613230201638,0.018791613230201638,0.01457603847614451,0.01457603847614451,0.006573618676464828,0.006573618676464828,0.01457603847614451,0.01457603847614451,0.014656240112096035,0.014656240112096035
2012-01-10,0.007770611827862004,0.007770611827862004,0.012884289331799997,0.012884289331799997,0.006513299812759309,0.006513299812759309,0.0034076959693992584,0.0034076959693992584,0.005690229155931016,0.005690229155931016,0.004717562618226313,0.004717562618226313,-0.008409933798010095,-0.008409933798010095,0.0041336335996018615,0.0041336335996018615,0.001411874084036579,0.001411874084036579,-0.0026719732376562578,-0.0026719732376562578,-0.010673008072278322,-0.010673008072278322,-0.0026719732376562578,-0.0026719732376562578,0.003525162038621567,0.003525162038621567
2012-01-11,-0.0075321166258544466,-0.0075321166258544466,0.000964244772917686,0.000964244772917686,0.014780538291236813,0.014780538291236813,0.0008206373240010377,0.0008206373240010377,0.008894620961726748,0.008894620961726748,0.0076930135412606,0.0076930135412606,0.012444799023264425,0.012444799023264425,0.005531503598156543,0.005531503598156543,0.005095096351220243,0.005095096351220243,-0.012724801102161612,-0.012724801102161612,-0.005399217829512486,-0.005399217829512486,-0.012724801102161612,-0.012724801102161612,0.00358896648924083,0.00358896648924083
2012-01-12,0.0258089814976419,0.0258089814976419,0.015650955469941746,0.015650955469941746,0.01067782264599557,0.01067782264599557,0.026029243133476068,0.026029243133476068,0.01660046816681351,0.01660046816681351,0.019246420630634812,0.019246420630634812,0.018975816382996814,0.018975816382996814,0.008258409466830017,0.008258409466830017,0.02002052738578836,0.02002052738578836,0.022056926901736926,0.022056926901736926,-0.003992125154891333,-0.003992125154891333,0.022056926901736926,0.022056926901736926,0.0183248212612869,0.0183248212612869
2012-01-13,-0.014436353936542985,-0.014436353936542985,-0.010075964309607732,-0.010075964309607732,-0.004783941519260569,-0.004783941519260569,-0.013346859298246255,-0.013346859298246255,-0.008740560867040129,-0.008740560867040129,-0.0002431022960714584,-0.0002431022960714584,0.004036495608230236,0.004036495608230236,-0.003524226416199133,-0.003524226416199133,-0.007748193870819124,-0.007748193870819124,-0.0013426628386727043,-0.0013426628386727043,0.013981975882909984,0.013981975882909984,-0.0013426628386727043,-0.0013426628386727043,-0.006052210333745614,-0.006052210333745614
2012-01-16,-0.017145925847866082,-0.017145925847866082,-0.01761116822722956,-0.01761116822722956,-0.01686563768574937,-0.01686563768574937,-0.001881865080077498,-0.001881865080077498,-0.002594935668244933,-0.002594935668244933,-0.006296544062392346,-0.006296544062392346,-0.017787612499781957,-0.017787612499781957,-0.009352784313394428,-0.009352784313394428,-0.008755024427911696,-0.008755024427911696,-0.01557563608256619,-0.01557563608256619,0.001548805472993367,0.001548805472993367,-0.01557563608256619,-0.01557563608256619,-0.011337203446601371,-0.011337203446601371
2012-01-17,0.0036795890530572028,0.0036795890530572028,0.006776636032199227,0.006776636032199227,0.011118127759723822,0.011118127759723822,0.0016442342519203297,0.0016442342519203297,-0.010826724486147401,-0.010826724486147401,-0.015412368010633157,-0.015412368010633157,0.006776169347637943,0.006776169347637943,0.000710588551603759,0.000710588551603759,-0.006391312310321299,-0.006391312310321299,0.004099489833999597,0.004099489833999597,0.00045459284437771074,0.00045459284437771074,0.004099489833999597,0.004099489833999597,0.00012293826881811225,0.00012293826881811225
2012-01-18,-0.0069945635274647824,-0.0069945635274647824,-0.0023904303009295753,-0.0023904303009295753,-0.0022742035119274508,-0.0022742035119274508,0.020688217998383954,0.020688217998383954,0.00835853865511171,0.00835853865511171,0.011330262006004885,0.011330262006004885,0.007370741023191216,0.007370741023191216,0.002673245058693163,0.002673245058693163,-0.0014323460570798922,-0.0014323460570798922,0.007755509667410589,0.007755509667410589,0.015114314644904515,0.015114314644904515,0.007755509667410589,0.007755509667410589,0.0045437617427720066,0.0045437617427720066
2012-01-19,-0.011137790621010309,-0.011137790621010309,-0.022754040077193644,-0.022754040077193644,-0.0051196183023685966,-0.0051196183023685966,-0.012392202907553844,-0.012392202907553844,-0.006806661997887979,-0.006806661997887979,-0.018816016650936164,-0.018816016650936164,-0.014380020793669998,-0.014380020793669998,-0.017546911165623603,-0.017546911165623603,-0.015963681937371427,-0.015963681937371427,-0.01411826624181141,-0.01411826624181141,-0.003285671184613121,-0.003285671184613121,-0.01411826624181141,-0.01411826624181141,-0.013863706002574859,-0.013863706002574859
2012-01-20,0.0030068207116597475,0.0030068207116597475,-0.005499240765075646,-0.005499240765075646,0.00873139564792956,0.00873139564792956,0.01176943020489054,0.01176943020489054,0.015460014942475014,0.015460014942475014,0.009016383009243614,0.009016383009243614,0.02001917432949873,0.02001917432949873,0.004983152666894293,0.004983152666894293,0.0016125789997194625,0.0016125789997194625,0.006934545118893783,0.006934545118893783,0.004021220811460995,0.004021220811460995,0.006934545118893783,0.006934545118893783,0.007682756047385936,0.007682756047385936
2012-01-23,-0.0017069029507613802,-0.0017069029507613802,-0.008979778441879138,-0.008979778441879138,-0.010555733064649558,-0.010555733064649558,-0.01139857691142243,-0.01139857691142243,-0.006398112629403575,-0.006398112629403575,-0.015454873674781319,-0.015454873674781319,0.0006171917282132462,0.0006171917282132462,-0.00022546179228622983,-0.00022546179228622983,-0.008257071427459016,-0.008257071427459016,-0.012976633581423126,-0.012976633581423126,-0.011448566552730221,-0.011448566552730221,-0.012976633581423126,-0.012976633581423126,-0.007570855664248867,-0.007570855664248867
2012-01-24,0.008783820918952412,0.008783820918952412,0.022586606012859323,0.022586606012859323,-0.007562938525593324,-0.007562938525593324,0.012558086366184927,0.012558086366184927,-0.00166401383459949,-0.00166401383459949,0.013770456968416037,0.013770456968416037,0.0025157194340069845,0.0025157194340069845,0.00717925002919932,0.00717925002919932,0.003297104141014362,0.003297104141014362,0.008333831627166343,0.008333831627166343,-0.0003558650054757322,-0.0003558650054757322,0.008333831627166343,0.008333831627166343,0.006844591377692303,0.006844591377692303
2012-01-25,-0.023370874673733954,-0.023370874673733954,-0.024128560757639507,-0.024128560757639507,-0.02723008254006241,-0.02723008254006241,-0.02794353500393365,-0.02794353500393365,-0.019917853125498118,-0.019917853125498118,-0.02570608085260198,-0.02570608085260198,-0.02278831777967273,-0.02278831777967273,-0.028865240565295085,-0.028865240565295085,-0.01856405989101884,-0.01856405989101884,-0.0294051321955097,-0.0294051321955097,-0.006408183087611843,-0.006408183087611843,-0.0294051321955097,-0.0294051321955097,-0.024787418072160887,-0.024787418072160887
2012-01-26,-0.010742703133440118,-0.010742703133440118,-0.010972507495764217,-0.010972507495764217,-0.002115693612581412,-0.002115693612581412,-0.006731177523637622,-0.006731177523637622,-0.002035205240100407,-0.002035205240100407,0.0020194409641789706,0.0020194409641789706,-0.007667407056630497,-0.007667407056630497,-0.0037596913095824316,-0.0037596913095824316,-0.00471714749662985,-0.00471714749662985,-0.0014936933151967092,-0.0014936933151967092,0.009163855228922097,0.009163855228922097,-0.0014936933151967092,-0.0014936933151967092,-0.004797172849206912,-0.004797172849206912
2012-01-27,-0.025292901185735593,-0.025292901185735593,-0.017127507158807433,-0.017127507158807433,-0.017374871882349312,-0.017374871882349312,-0.019080875555618697,-0.019080875555618697,-0.010798898754661378,-0.010798898754661378,-0.01400926378307745,-0.01400926378307745,-0.008197277260506067,-0.008197277260506067,-0.025704572103683248,-0.025704572103683248,-0.015372901567843421,-0.015372901567843421,-0.005212308896136529,-0.005212308896136529,0.019446902275322104,0.019446902275322104,-0.005212308896136529,-0.005212308896136529,-0.015778583261239265,-0.015778583261239265
2012-01-30,-0.009675453824492024,-0.009675453824492024,-0.010961970040196972,-0.010961970040196972,-0.012473748813058447,-0.012473748813058447,-0.022899333262455548,-0.022899333262455548,-0.0038601476254231247,-0.0038601476254231247,-0.008978546178668542,-0.008978546178668542,-0.0060200642889106214,-0.0060200642889106214,-0.0017729985600979546,-0.0017729985600979546,-0.012060292264480105,-0.012060292264480105,-0.010350089573215876,-0.010350089573215876,-0.0009622724048836701,-0.0009622724048836701,-0.010350089573215876,-0.010350089573215876,-0.009948418547200858,-0.009948418547200858
2012-01-31,0.0033232528864624183,0.0033232528864624183,0.011278146088686433,0.011278146088686433,-0.00924505825859972,-0.00924505825859972,-0.013788043051327886,-0.013788043051327886,-0.0009926767217939012,-0.0009926767217939012,0.004397658667134807,0.004397658667134807,0.011972757175127711,0.011972757175127711,-0.010594227423595287,-0.010594227423595287,0.013426426196499888,0.013426426196499888,-0.01184957917522626,-0.01184957917522626,-0.014350178733347709,-0.014350178733347709,-0.01184957917522626,-0.01184957917522626,-0.0002367463884215699,-0.0002367463884215699
2012-02-01,0.001987918961519508,0.001753130168172573,0.011164536528432745,0.01011483726247735,0.0059937448828086826,0.004823517827430031,0.0013001432947516989,-8.964237985406597e-05,-0.0013713395563942354,-0.00257849039406888,0.018542276566096305,0.017026275912867265,0.0067131404841935804,0.004879807150860247,0.004056414234041128,0.0025251803165446127,0.011664017553906891,0.009955645819390813,0.008402792899029787,0.007856404277099443,0.0063999294440229,0.005612842501129277,0.008402792899029787,0.007856404277099443,0.006856231867823581,0.006771051149172796
2012-02-02,-0.006346600313362342,-0.006346600313362342,0.0012789592319281942,0.0012789592319281942,-0.0014771837134201168,-0.0014771837134201168,0.004572424915434657,0.004572424915434657,-0.01390365333884726,-0.01390365333884726,-0.007310361520991924,-0.007310361520991924,0.00637143787773772,0.00637143787773772,0.00637324746120912,0.00637324746120912,0.010755721354378953,0.010755721354378953,0.007881834014329226,0.007881834014329226,0.01422428892567833,0.01422428892567833,0.007881834014329226,0.007881834014329226,0.0008283186103013494,0.0008283186103013494
2012-02-03,0.005896999134594841,0.005896999134594841,-0.0011368836723751055,-0.0011368836723751055,-0.0004304787168021248,-0.0004304787168021248,0.011199070462691115,0.011199070462691115,-0.0001371293039882848,-0.0001371293039882848,-0.0003231650335180731,-0.0003231650335180731,0.0032922089398420753,0.0032922089398420753,0.005218844888557351,0.005218844888557351,0.0007434519612178152,0.0007434519612178152,0.0030181371107627693,0.0030181371107627693,-0.0027492736686430745,-0.0027492736686430745,0.0030181371107627693,0.0030181371107627693,0.002732484717062489,0.002732484717062489
2012-02-06,-0.002647987333838359,-0.002647987333838359,-0.0016959586209754052,-0.0016959586209754052,-0.0045883351721338565,-0.0045883351721338565,-0.0008983179962057603,-0.0008983179962057603,2.4611198470660383e-05,2.4611198470660383e-05,0.01031641236665655,0.01031641236665655,-0.0053928278954620545,-0.0053928278954620545,0.01289666493293885,0.01289666493293885,0.011100588916600497,0.011100588916600497,0.009961165271993744,0.009961165271993744,0.012587718512130466,0.012587718512130466,0.009961165271993744,0.009961165271993744,0.002937756687950724,0.002937756687950724
2012-02-07,-0.015392928913225789,-0.015392928913225789,-0.02809248943086429,-0.02809248943086429,-0.01150582110893662,-0.01150582110893662,-0.010546742961417725,-0.010546742961417725,-0.00788377450504054,-0.00788377450504054,-0.015825403539926924,-0.015825403539926924,-0.016449128694723057,-0.016449128694723057,-0.010193374735939323,-0.010193374735939323,-0.015537640699563881,-0.015537640699563881,-0.0265194663968762,-0.0265194663968762,-0.011575523337301746,-0.011575523337301746,-0.0265194663968762,-0.0265194663968762,-0.015826157197252298,-0.015826157197252298
2012-02-08,0.014850888269512938,0.014850888269512938,0.009414201499217864,0.009414201499217864,0.015955981376626103,0.015955981376626103,0.00137728362607293,0.00137728362607293,-0.0008351798526471917,-0.0008351798526471917,0.009412378213060976,0.009412378213060976,-0.0020996110598181395,-0.0020996110598181395,0.003552621328489337,0.003552621328489337,0.008537042045664207,0.008537042045664207,-0.0031171403471198125,-0.0031171403471198125,-0.017413732143834078,-0.017413732143834078,-0.0031171403471198125,-0.0031171403471198125,0.00568881047717806,0.00568881047717806
2012-02-09,-0.018973757949825608,-0.018973757949825608,0.0005294126770139015,0.0005294126770139015,-0.011879060608671473,-0.011879060608671473,-0.0011150061316373746,-0.0011150061316373746,-0.006031357959530959,-0.006031357959530959,-0.0008989980450619254,-0.0008989980450619254,-0.000959282460280713,-0.000959282460280713,0.016316558450209608,0.016316558450209608,-0.006211955456993401,-0.006211955456993401,-0.003227333472220783,-0.003227333472220783,0.01570742185900361,0.01570742185900361,-0.003227333472220783,-0.003227333472220783,-0.003203309981699404,-0.003203309981699404
2012-02-10,0.005290651430486719,0.005290651430486719,0.006076193954089403,0.006076193954089403,0.0032921277362710816,0.0032921277362710816,0.002830216754078456,0.002830216754078456,0.00432186415930609,0.00432186415930609,0.003806956587578573,0.003806956587578573,0.012440791555896526,0.012440791555896526,0.013509805303196515,0.013509805303196515,0.005292555331431973,0.005292555331431973,0.011399146091149082,0.011399146091149082,0.006072394744920129,0.006072394744920129,0.011399146091149082,0.011399146091149082,0.006850826278378587,0.006850826278378587
2012-02-13,0.006622699338370025,0.006622699338370025,0.006669267787731565,0.006669267787731565,0.022019832347391688,0.022019832347391688,0.010640595451335402,0.010640595451335402,0.00029076881613733464,0.00029076881613733464,0.003500533246947943,0.003500533246947943,0.02281968809357784,0.02281968809357784,0.017481204581209032,0.017481204581209032,0.009469076833043683,0.009469076833043683,0.009125287515887603,0.009125287515887603,0.002612812894127464,0.002612812894127464,0.009125287515887603,0.009125287515887603,0.010916160836943023,0.010916160836943023
2012-02-14,0.009802842672517664,0.009802842672517664,-0.002658361500690507,-0.002658361500690507,-1.0998896779576724e-05,-1.0998896779576724e-05,0.009076432147099306,0.009076432147099306,-0.008490830678039685,-0.008490830678039685,0.009031740951817573,0.009031740951817573,0.00528164341839258,0.00528164341839258,0.00591837224207379,0.00591837224207379,0.0016046149272337914,0.0016046149272337914,0.006943182572227041,0.006943182572227041,-0.002592310757932233,-0.002592310757932233,0.006943182572227041,0.006943182572227041,0.0037070161154311022,0.0037070161154311022
2012-02-15,0.033774247004662375,0.033774247004662375,0.025200270935317556,0.025200270935317556,0.010987373609844846,0.010987373609844846,0.01786160729449665,0.01786160729449665,0.030456025355990107,0.030456025355990107,0.01853204267048531,0.01853204267048531,0.030439142593724336,0.030439142593724336,0.03908221185512106,0.03908221185512106,0.035674739007479306,0.035674739007479306,0.024325850803498087,0.024325850803498087,-0.008705870300882643,-0.008705870300882643,0.024325850803498087,0.024325850803498087,0.02668037074794681,0.02668037074794681
2012-02-16,0.005304756695912198,0.005304756695912198,0.004515838143250206,0.004515838143250206,0.0020753001581488633,0.0020753001581488633,0.003319554322977109,0.003319554322977109,0.010154291713061463,0.010154291713061463,0.004738835942351603,0.004738835942351603,0.002807909370808183,0.002807909370808183,-0.0052864921692856864,-0.0052864921692856864,0.0029808473912771036,0.0029808473912771036,0.008496534191024951,0.008496534191024951,0.0033740948180394966,0.0033740948180394966,0.008496534191024951,0.008496534191024951,0.0038128855957419547,0.0038128855957419547
2012-02-17,0.004786989468941724,0.004786989468941724,0.0057455427396046485,0.0057455427396046485,0.0027783873327565005,0.0027783873327565005,0.009898987056319988,0.009898987056319988,-0.009014805831370742,-0.009014805831370742,-0.0006643438230798382,-0.0006643438230798382,-0.0069494292971247085,-0.0069494292971247085,0.00013246435213018525,0.00013246435213018525,-0.007917923665586996,-0.007917923665586996,0.005106881175699597,0.005106881175699597,0.0004139610809341097,0.0004139610809341097,0.005106881175699597,0.005106881175699597,0.0003816534211491401,0.0003816534211491401
2012-02-20,-0.000997017487742077,-0.000997017487742077,-0.010480936069553817,-0.010480936069553817,-0.0015891260080622223,-0.0015891260080622223,-0.003150981742986247,-0.003150981742986247,0.00091228735934059,0.00091228735934059,-0.01020255720421362,-0.01020255720421362,-0.008804872890983747,-0.008804872890983747,-0.0006848799987120809,-0.0006848799987120809,-0.005240513496748972,-0.005240513496748972,-0.005415512263801816,-0.005415512263801816,-0.004632630599028861,-0.004632630599028861,-0.005415512263801816,-0.005415512263801816,-0.004574812353525625,-0.004574812353525625
2012-02-21,-0.012906083409681707,-0.012906083409681707,-0.008149649498048198,-0.008149649498048198,-0.021681225718992087,-0.021681225718992087,-0.013823910856749128,-0.013823910856749128,-0.01279577304389366,-0.01279577304389366,-0.01088572540962183,-0.01088572540962183,-0.013230354789199763,-0.013230354789199763,-0.011059025472628648,-0.011059025472628648,-0.01688864361912832,-0.01688864361912832,-0.014408366334985375,-0.014408366334985375,-0.0017335960947209746,-0.0017335960947209746,-0.014408366334985375,-0.014408366334985375,-0.013576673435896124,-0.013576673435896124
2012-02-22,-0.01996471333149446,-0.01996471333149446,-0.011458617821846574,-0.011458617821846574,-0.016508145061244667,-0.016508145061244667,-0.0033495590345748944,-0.0033495590345748944,-0.011043789705353808,-0.011043789705353808,-0.013526195957364198,-0.013526195957364198,-0.008766437590423889,-0.008766437590423889,-0.011851815497038043,-0.011851815497038043,-0.01728579972855867,-0.01728579972855867,-0.00989783643229036,-0.00989783643229036,0.01015152600112226,0.01015152600112226,-0.00989783643229036,-0.00989783643229036,-0.012351745667378145,-0.012351745667378145
2012-02-23,0.0003137270239041137,0.0003137270239041137,-0.01721619907319641,-0.01721619907319641,-0.006217407997831593,-0.006217407997831593,-0.006152783265954736,-0.006152783265954736,-0.008095224281882097,-0.008095224281882097,-0.006955413926507602,-0.006955413926507602,-0.007040181189342136,-0.007040181189342136,-0.01052066423913085,-0.01052066423913085,-0.010847194416662785,-0.010847194416662785,-0.009810763289103425,-0.009810763289103425,-0.010219227088592835,-0.010219227088592835,-0.009810763289103425,-0.009810763289103425,-0.008270526051485348,-0.008270526051485348
2012-02-24,-0.007576658089053505,-0.007576658089053505,0.0029129562079418664,0.0029129562079418664,0.006894839341596209,0.006894839341596209,0.0050944220250959266,0.0050944220250959266,-0.0037844684215697783,-0.0037844684215697783,-0.004819069683450106,-0.004819069683450106,-0.010932921567979323,-0.010932921567979323,0.0015894366010500687,0.0015894366010500687,-0.007610141153409724,-0.007610141153409724,-0.008971858592765862,-0.008971858592765862,-0.0014927162279775486,-0.0014927162279775486,-0.008971858592765862,-0.008971858592765862,-0.0027212886997081487,-0.0027212886997081487
2012-02-27,-0.009343083532460515,-0.009343083532460515,0.003154160669631336,0.003154160669631336,-0.0077568218094419186,-0.0077568218094419186,0.0010516767976406776,0.0010516767976406776,0.011733983687943341,0.011733983687943341,0.0069728161233508276,0.0069728161233508276,-9.377608002206824e-06,-9.377608002206824e-06,0.00014271554142040663,0.00014271554142040663,0.006133916087364518,0.006133916087364518,0.007852469763723072,0.007852469763723072,0.017156202387957974,0.017156202387957974,0.007852469763723072,0.007852469763723072,0.0019518990838542668,0.0019518990838542668
2012-02-28,0.006277643160061301,0.006277643160061301,0.01471279697550662,0.01471279697550662,0.01151339977213183,0.01151339977213183,0.011533697010670176,0.011533697010670176,0.011196834737318173,0.011196834737318173,-0.0022421898969719497,-0.0022421898969719497,0.0036802888223342522,0.0036802888223342522,-0.0013661969137169095,-0.0013661969137169095,0.00398279696624656,0.00398279696624656,-0.0016365200392743483,-0.0016365200392743483,-0.007699843700204117,-0.007699843700204117,-0.0016365200392743483,-0.0016365200392743483,0.005675978147810473,0.005675978147810473
2012-02-29,-0.0036727858099194393,-0.0036727858099194393,0.0005327092658255822,0.0005327092658255822,-0.010133760884144905,-0.010133760884144905,0.003904245135821312,0.003904245135821312,-0.0003992315375219587,-0.0003992315375219587,-0.008304427389893109,-0.008304427389893109,0.005967422368647047,0.005967422368647047,-0.01746772110276455,-0.01746772110276455,-0.006653737077600535,-0.006653737077600535,0.008588596793550249,0.008588596793550249,0.012190005482359358,0.012190005482359358,0.008588596793550249,0.008588596793550249,-0.002821140857499483,-0.002821140857499483
2012-03-01,0.0038062245046048826,0.0035647171721860335,0.010476343926016485,0.010079116434769003,0.020050957204749142,0.019195079372273927,0.019336435475284075,0.018463981569930368,0.014754820067630403,0.013215788219999573,0.015791507009573547,0.014123108846518358,0.008763022575097867,0.0072211554113838635,0.01702964221622638,0.01548441683392574,0.008058420427547341,0.006686066582136776,0.006117081806836122,0.005394911664873043,0.0023378628536370183,0.0013812219198848143,0.006117081806836122,0.005394911664873043,0.012432763212108622,0.012348494247199509
2012-03-02,0.0035210851898333497,0.0035210851898333497,0.005395683482545893,0.005395683482545893,0.010994975556638259,0.010994975556638259,0.0024383782906718943,0.0024383782906718943,0.005981862606103669,0.005981862606103669,0.01173041989888558,0.01173041989888558,0.004400335366564208,0.004400335366564208,0.005757565886176434,0.005757565886176434,0.007369032332279644,0.007369032332279644,0.004191994505687613,0.004191994505687613,0.0006825175151526203,0.0006825175151526203,0.004191994505687613,0.004191994505687613,0.006185356319104043,0.006185356319104043
2012-03-05,-0.0025253446478316283,-0.0025253446478316283,0.004474274065596378,0.004474274065596378,0.005819131818937771,0.005819131818937771,-0.014495063129495401,-0.014495063129495401,0.0027560315449658107,0.0027560315449658107,0.0016222135041542964,0.0016222135041542964,0.0077865731144829645,0.0077865731144829645,0.004482418459171388,0.004482418459171388,-0.008128636856398879,-0.008128636856398879,0.008409003580008742,0.008409003580008742,0.01099620336259264,0.01099620336259264,0.008409003580008742,0.008409003580008742,0.0010192825357659427,0.0010192825357659427
2012-03-06,-0.006690115086934739,-0.006690115086934739,-0.007997072236165075,-0.007997072236165075,-0.011747934612765031,-0.011747934612765031,-0.019870472465569212,-0.019870472465569212,-0.0094267693851818,-0.0094267693851818,-0.013035998832185714,-0.013035998832185714,-0.0019412759538500858,-0.0019412759538500858,-0.011365976793202157,-0.011365976793202157,-0.012590421601064465,-0.012590421601064465,-0.012484282200287447,-0.012484282200287447,-0.005911985556328915,-0.005911985556328915,-0.012484282200287447,-0.012484282200287447,-0.010710443584961055,-0.010710443584961055
2012-03-07,-0.0012939337354420338,-0.0012939337354420338,0.007568238909264989,0.007568238909264989,0.004744902361334049,0.004744902361334049,0.010777116493639157,0.010777116493639157,0.0120179931827107,0.0120179931827107,0.00831337881989844,0.00831337881989844,0.004107652082956041,0.004107652082956041,9.412795703746344e-05,9.412795703746344e-05,0.013968641889845524,0.013968641889845524,0.013973740147536294,0.013973740147536294,0.015214580058363118,0.015214580058363118,0.013973740147536294,0.013973740147536294,0.0074104316890095355,0.0074104316890095355
2012-03-08,0.0033824512034092385,0.0033824512034092385,0.0041838758936067685,0.0041838758936067685,0.0003021382558669849,0.0003021382558669849,0.003334278963544094,0.003334278963544094,0.007814069849016492,0.007814069849016492,0.0066306938855527275,0.0066306938855527275,0.004274019572090237,0.004274019572090237,0.0033138152587550425,0.0033138152587550425,-0.003090105009348577,-0.003090105009348577,0.01322436229145579,0.01322436229145579,0.009881357015599383,0.009881357015599383,0.01322436229145579,0.01322436229145579,0.0043492623741746865,0.0043492623741746865
2012-03-09,-0.02130372971253735,-0.02130372971253735,-0.02921444297039177,-0.02921444297039177,-0.020383586302801238,-0.020383586302801238,-0.008435126191419713,-0.008435126191419713,-0.011907552451813576,-0.011907552451813576,-0.0308917247542413,-0.0308917247542413,-0.016699364457173203,-0.016699364457173203,-0.02508669357090211,-0.02508669357090211,-0.013191309956209811,-0.013191309956209811,-0.015750797994182903,-0.015750797994182903,0.004850057652196805,0.004850057652196805,-0.015750797994182903,-0.015750797994182903,-0.01931123785635178,-0.01931123785635178
2012-03-12,-0.00011275209820385036,-0.00011275209820385036,0.0023344185373329798,0.0023344185373329798,-0.0026811763650326564,-0.0026811763650326564,-0.005690170594809094,-0.005690170594809094,-0.0030320106367134757,-0.0030320106367134757,0.007441240794464303,0.007441240794464303,-0.0003561699586247715,-0.0003561699586247715,0.0029201810624377373,0.0029201810624377373,-0.005996512696463394,-0.005996512696463394,-0.018237692863740995,-0.018237692863740995,-0.01774537017037254,-0.01774537017037254,-0.018237692863740995,-0.018237692863740995,-0.0023742988224459494,-0.0023742988224459494
2012-03-13,-0.0009754245868746252,-0.0009754245868746252,0.01066933575751798,0.01066933575751798,0.0018256965163787819,0.0018256965163787819,0.0077445750114208,0.0077445750114208,0.007567482971454993,0.007567482971454993,-0.0006504782383836769,-0.0006504782383836769,-0.0012933069552380095,-0.0012933069552380095,0.004044038710168477,0.004044038710168477,0.0015883645826724534,0.0015883645826724534,0.005664872404611219,0.005664872404611219,0.006476831125264885,0.006476831125264885,0.005664872404611219,0.005664872404611219,0.0036230475225718893,0.0036230475225718893
2012-03-14,-0.015309717489794497,-0.015309717489794497,-0.0034879745849119796,-0.0034879745849119796,-0.008496715716244599,-0.008496715716244599,-0.014571155731371818,-0.014571155731371818,-0.0020885793698485235,-0.0020885793698485235,-0.010268757757782365,-0.010268757757782365,-0.006493454682770675,-0.006493454682770675,-0.007468304034332214,-0.007468304034332214,-0.017912695518788865,-0.017912695518788865,-0.015194830064122172,-0.015194830064122172,-0.0002918543566405819,-0.0002918543566405819,-0.015194830064122172,-0.015194830064122172,-0.010075305049673328,-0.010075305049673328
2012-03-15,0.0018097774953025,0.0018097774953025,0.0038898431791754,0.0038898431791754,0.009043618425890907,0.009043618425890907,0.0021741821857215056,0.0021741821857215056,0.00966997443320705,0.00966997443320705,-0.009694524256317985,-0.009694524256317985,0.004417194301905746,0.004417194301905746,-3.1259375809871565e-05,-3.1259375809871565e-05,0.0002091727924837161,0.0002091727924837161,0.009515802049273304,0.009515802049273304,0.007467951692365482,0.007467951692365482,0.009515802049273304,0.009515802049273304,0.0031349641973669566,0.0031349641973669566
2012-03-16,-0.010648647500825248,-0.010648647500825248,-0.01304587440296561,-0.01304587440296561,-0.001836031410802525,-0.001836031410802525,-0.017856592554303795,-0.017856592554303795,-0.020338623754006926,-0.020338623754006926,-0.0051129196106585685,-0.0051129196106585685,-0.00502382454094782,-0.00502382454094782,-0.010171411587802388,-0.010171411587802388,-0.011531334428336195,-0.011531334428336195,-0.015309479442980226,-0.015309479442980226,-0.004852336340485752,-0.004852336340485752,-0.015309479442980226,-0.015309479442980226,-0.011105404335640005,-0.011105404335640005
2012-03-19,0.020531558155186175,0.020531558155186175,0.015534542167303165,0.015534542167303165,0.017996506399136563,0.017996506399136563,0.00592975412031114,0.00592975412031114,-0.0015261761869356807,-0.0015261761869356807,0.013906356341876652,0.013906356341876652,0.012078762499551537,0.012078762499551537,0.0048515379204047936,0.0048515379204047936,0.00840297797960381,0.00840297797960381,0.020617323170243104,0.020617323170243104,0.0006695084502921266,0.0006695084502921266,0.020617323170243104,0.020617323170243104,0.01180472140321209,0.01180472140321209
2012-03-20,0.01216413911040677,0.01216413911040677,0.021173968847996,0.021173968847996,0.02134205473006404,0.02134205473006404,0.027064510080500467,0.027064510080500467,0.02862260014650096,0.02862260014650096,0.014829370294435783,0.014829370294435783,0.007680727222101124,0.007680727222101124,0.01987361615633295,0.01987361615633295,0.010046861464133555,0.010046861464133555,0.002088152881308364,0.002088152881308364,-0.009456184623861457,-0.009456184623861457,0.002088152881308364,0.002088152881308364,0.016504629807912008,0.016504629807912008
2012-03-21,0.009279384358799455,0.009279384358799455,-0.005438911917822168,-0.005438911917822168,-0.0004970986080707366,-0.0004970986080707366,0.000373171073493243,0.000373171073493243,-0.0050753501164415935,-0.0050753501164415935,-0.010684327602950565,-0.010684327602950565,-0.004355264116290951,-0.004355264116290951,0.005574761660743638,0.005574761660743638,-0.011238617111860257,-0.011238617111860257,-0.014495526171807296,-0.014495526171807296,-0.023236781951217027,-0.023236781951217027,-0.014495526171807296,-0.014495526171807296,-0.00366352639007341,-0.00366352639007341
2012-03-22,-2.695099012659961e-05,-2.695099012659961e-05,0.0011489973333624996,0.0011489973333624996,0.0018532064834722419,0.0018532064834722419,0.006911134001059532,0.006911134001059532,-0.008942148321029866,-0.008942148321029866,-0.005159753373918766,-0.005159753373918766,0.013468991744011859,0.013468991744011859,-0.005891198752362587,-0.005891198752362587,0.005903537755782379,0.005903537755782379,0.014392650256528866,0.014392650256528866,0.01433302163482291,0.01433302163482291,0.014392650256528866,0.014392650256528866,0.002306747761900405,0.002306747761900405
2012-03-23,-0.02677196083044164,-0.02677196083044164,-0.024754598998257236,-0.024754598998257236,-0.02526278937946382,-0.02526278937946382,-0.026151231237827366,-0.026151231237827366,-0.028989693801293157,-0.028989693801293157,-0.02400981587496955,-0.02400981587496955,-0.03570142801087547,-0.03570142801087547,-0.009766912353529673,-0.009766912353529673,-0.029504285561792947,-0.029504285561792947,-0.027158357282960593,-0.027158357282960593,-0.000675022556913164,-0.000675022556913164,-0.027158357282960593,-0.027158357282960593,-0.025822300300308146,-0.025822300300308146
2012-03-26,-0.012885463016256756,-0.012885463016256756,-0.001705025489963632,-0.001705025489963632,-0.006164339452687433,-0.006164339452687433,-0.004725967738496865,-0.004725967738496865,-0.02504488421576164,-0.02504488421576164,0.000668204469979115,0.000668204469979115,-0.002871357642643919,-0.002871357642643919,-0.00597137715715499,-0.00597137715715499,-0.009751609094773293,-0.009751609094773293,-0.0042511891480448965,-0.0042511891480448965,0.008224010639032359,0.008224010639032359,-0.0042511891480448965,-0.0042511891480448965,-0.007268371379394651,-0.007268371379394651
2012-03-27,-0.010153262572253614,-0.010153262572253614,0.0007072828174340671,0.0007072828174340671,-0.00885105712307405,-0.00885105712307405,0.008301075882905377,0.008301075882905377,-0.015991507456162502,-0.015991507456162502,-0.0043625929194721635,-0.0043625929194721635,0.0021112673307157504,0.0021112673307157504,-0.006904603851349935,-0.006904603851349935,0.0070960263590040635,0.0070960263590040635,0.010904226895564108,0.010904226895564108,0.019939762936487096,0.019939762936487096,0.010904226895564108,0.010904226895564108,-0.0017584602362701112,-0.0017584602362701112
2012-03-28,-0.017356333087345306,-0.017356333087345306,0.0014939129668126317,0.0014939129668126317,-0.012343859061549771,-0.012343859061549771,-0.016619697551774587,-0.016619697551774587,-0.013506550637810545,-0.013506550637810545,-0.0004065338695767519,-0.0004065338695767519,-0.005846648737263353,-0.005846648737263353,-0.008674541226240451,-0.008674541226240451,-0.00212203484818805,-0.00212203484818805,-0.007494879406144694,-0.007494879406144694,0.00869114186149814,0.00869114186149814,-0.007494879406144694,-0.007494879406144694,-0.008267471151609949,-0.008267471151609949
2012-03-29,0.009528773791760762,0.009528773791760762,0.0038134233601223,0.0038134233601223,-0.0014945741502849913,-0.0014945741502849913,0.0022321714927618394,0.0022321714927618394,0.0010448012104639992,0.0010448012104639992,0.005136904249219403,0.005136904249219403,0.002134901537469238,0.002134901537469238,0.005621796389228582,0.005621796389228582,0.005759908998658594,0.005759908998658594,-0.0033151974209163593,-0.0033151974209163593,-0.011535374696899544,-0.011535374696899544,-0.0033151974209163593,-0.0033151974209163593,0.0030001970827886046,0.0030001970827886046
2012-03-30,0.017817439009306275,0.017817439009306275,0.02608424882858745,0.02608424882858745,0.026922008943460463,0.026922008943460463,0.021031908934930094,0.021031908934930094,0.02594034350295879,0.02594034350295879,0.018576308450579553,0.018576308450579553,0.020534063141153663,0.020534063141153663,0.02476988233160871,0.02476988233160871,0.021130758529021226,0.021130758529021226,0.021386371230396006,0.021386371230396006,0.003971020936739346,0.003971020936739346,0.021386371230396006,0.021386371230396006,0.022452593363929838,0.022452593363929838
2012-04-02,-0.015202171354115612,-0.015579935891104037,-0.015098351769232687,-0.016151299861738456,-0.018894065478702204,-0.020108869474612732,-0.023432871346959372,-0.02495500220690758,-0.014935766575324583,-0.01660268901721337,-0.004597754242261609,-0.006109011162010182,-0.0240415515295046,-0.025064608995291615,-0.02488471948565041,-0.025922807417352593,-0.002367674165446809,-0.003212949880227729,-0.01687223271263716,-0.017425032165946746,-0.0016779647774283202,-0.002604161145116706,-0.01687223271263716,-0.017425032165946746,-0.0160352571326271,-0.01611101325303639
2012-04-03,-0.002223326822545265,-0.002223326822545265,-0.006354940599843428,-0.006354940599843428,-0.011290632565576685,-0.011290632565576685,0.004769903592229414,0.004769903592229414,-0.009429945095612874,-0.009429945095612874,-0.01081914724940528,-0.01081914724940528,-0.012195545352148479,-0.012195545352148479,-0.0021478015403603116,-0.0021478015403603116,-0.0013127353866178994,-0.0013127353866178994,-0.013899221585303502,-0.013899221585303502,-0.011491358838578328,-0.011491358838578328,-0.013899221585303502,-0.013899221585303502,-0.006493204805759343,-0.006493204805759343
2012-04-04,0.0020201313100370816,0.0020201313100370816,-0.00038742571703079937,-0.00038742571703079937,-0.0037104959948641163,-0.0037104959948641163,0.00840353527701452,0.00840353527701452,-0.002154827820710571,-0.002154827820710571,0.010858153412574241,0.010858153412574241,0.006212398003796501,0.006212398003796501,0.008141096041032869,0.008141096041032869,-0.0020359439117521,-0.0020359439117521,-7.282028927298981e-05,-7.282028927298981e-05,-0.0020836358288306646,-0.0020836358288306646,-7.282028927298981e-05,-7.282028927298981e-05,0.002726183419809472,0.002726183419809472
2012-04-05,0.020888873358870436,0.020888873358870436,0.014823018090264335,0.014823018090264335,0.010194701056809044,0.010194701056809044,0.012751928769531065,0.012751928769531065,0.023374702998117163,0.023374702998117163,0.010539912671578246,0.010539912671578246,0.025459358747395716,0.025459358747395716,-0.005649136341540323,-0.005649136341540323,0.020932211820020155,0.020932211820020155,0.01634257813715406,0.01634257813715406,-0.004807314453259458,-0.004807314453259458,0.01634257813715406,0.01634257813715406,0.014956653367439489,0.014956653367439489
2012-04-06,-0.01690088641963586,-0.01690088641963586,-0.03331980481665306,-0.03331980481665306,-0.020800531669315635,-0.020800531669315635,-0.020663559423795375,-0.020663559423795375,-0.023460985685851515,-0.023460985685851515,-0.015034289967524721,-0.015034289967524721,-0.01436439750197975,-0.01436439750197975,-0.008327072365836782,-0.008327072365836782,-0.016554014487513338,-0.016554014487513338,0.0029252954062506387,0.0029252954062506387,0.020279683540086045,0.020279683540086045,0.0029252954062506387,0.0029252954062506387,-0.01667783585440954,-0.01667783585440954
2012-04-09,-0.0037200195395966106,-0.0037200195395966106,-0.0066397309159433,-0.0066397309159433,0.007912393252118352,0.007912393252118352,0.003669028994861014,0.003669028994861014,0.004967809396227785,0.004967809396227785,0.010785870099312589,0.010785870099312589,0.013057550828857926,0.013057550828857926,-0.00826157615631519,-0.00826157615631519,0.0027251458838578086,0.0027251458838578086,-0.00809040984275074,-0.00809040984275074,-0.0043159259265005455,-0.0043159259265005455,-0.00809040984275074,-0.00809040984275074,0.0016544885713306147,0.0016544885713306147
2012-04-10,0.012126790221907637,0.012126790221907637,0.022790907023042543,0.022790907023042543,0.013568112895528419,0.013568112895528419,0.013591068707358038,0.013591068707358038,0.006649702505526672,0.006649702505526672,0.028698960354979344,0.028698960354979344,0.0214997654553827,0.0214997654553827,0.011201026117689868,0.011201026117689868,0.01397539318028488,0.01397539318028488,0.020208432124893726,0.020208432124893726,0.00789516043214545,0.00789516043214545,0.020208432124893726,0.020208432124893726,0.016455522981971435,0.016455522981971435
2012-04-11,-0.015844887421472643,-0.015844887421472643,-0.013657973707290275,-0.013657973707290275,-0.020187568603691333,-0.020187568603691333,-0.020714735570845938,-0.020714735570845938,-0.021461783408727994,-0.021461783408727994,-0.011650967943973908,-0.011650967943973908,-0.012007047698805456,-0.012007047698805456,-0.014244692178648863,-0.014244692178648863,-0.024024396559883202,-0.024024396559883202,-0.02295806248737637,-0.02295806248737637,-0.007134008849875575,-0.007134008849875575,-0.02295806248737637,-0.02295806248737637,-0.01766701815598594,-0.01766701815598594
2012-04-12,-0.015656090377627666,-0.015656090377627666,-0.02161278633079373,-0.02161278633079373,-0.014152851544060704,-0.014152851544060704,-0.019647056653237745,-0.019647056653237745,-0.01629620403744814,-0.01629620403744814,-0.0015839233087284281,-0.0015839233087284281,-0.015578352108415745,-0.015578352108415745,-0.010799390481898395,-0.010799390481898395,-0.014161753709193863,-0.014161753709193863,-0.00742477935343753,-0.00742477935343753,0.008135538243815311,0.008135538243815311,-0.00742477935343753,-0.00742477935343753,-0.013638155563236061,-0.013638155563236061
2012-04-13,-0.001239073229101851,-0.001239073229101851,0.004731149531298854,0.004731149531298854,0.008154151734412477,0.008154151734412477,-0.017638595525735795,-0.017638595525735795,-0.01238859061596855,-0.01238859061596855,-0.0019894825590220083,-0.0019894825590220083,-0.006910542003681792,-0.006910542003681792,0.0006276170180324267,0.0006276170180324267,0.0074257836107781755,0.0074257836107781755,0.005483135312461938,0.005483135312461938,0.006483935365093079,0.006483935365093079,0.005483135312461938,0.005483135312461938,-0.0013877363732076684,-0.0013877363732076684
2012-04-16,0.0015561297820029167,0.0015561297820029167,-0.0026374343269192097,-0.0026374343269192097,-0.0018412655448719487,-0.0018412655448719487,-0.007236878553467501,-0.007236878553467501,-0.003617774279716593,-0.003617774279716593,-0.011593151606611804,-0.011593151606611804,-0.010238292329801647,-0.010238292329801647,-0.00878697445234762,-0.00878697445234762,-0.004517485429621198,-0.004517485429621198,-0.00861804485858196,-0.00861804485858196,-0.009795044951506862,-0.009795044951506862,-0.00861804485858196,-0.00861804485858196,-0.005800066545063507,-0.005800066545063507
2012-04-17,0.022021077458486436,0.022021077458486436,0.005588371626203132,0.005588371626203132,0.006157750978174579,0.006157750978174579,0.0010599183501909975,0.0010599183501909975,0.002917420227439902,0.002917420227439902,-0.0024924254897607133,-0.0024924254897607133,0.015264687573168886,0.015264687573168886,0.008172418481456913,0.008172418481456913,0.008907864090583686,0.008907864090583686,0.014269847432804749,0.014269847432804749,-0.0074714560013771775,-0.0074714560013771775,0.014269847432804749,0.014269847432804749,0.008201483806082089,0.008201483806082089
2012-04-18,0.002697064134422766,0.002697064134422766,0.00818170930507557,0.00818170930507557,-0.007069539252348937,-0.007069539252348937,0.0012826203048973638,0.0012826203048973638,-0.0019312553745540976,-0.0019312553745540976,-0.004478702700735183,-0.004478702700735183,-0.0007173672107784611,-0.0007173672107784611,-0.002317808361408048,-0.002317808361408048,0.0022950297717065074,0.0022950297717065074,0.0024254918644749162,0.0024254918644749162,-0.00028674927259044955,-0.00028674927259044955,0.0024254918644749162,0.0024254918644749162,3.4013787681252744e-05,3.4013787681252744e-05
2012-04-19,-0.01593802908702651,-0.01593802908702651,-0.03093555797269868,-0.03093555797269868,-0.035843740335520596,-0.035843740335520596,-0.017499007583915482,-0.017499007583915482,-0.0158601945145676,-0.0158601945145676,-0.02648343057465533,-0.02648343057465533,-0.014275089525752144,-0.014275089525752144,-0.01543420407264844,-0.01543420407264844,-0.01442701924195595,-0.01442701924195595,-0.023712654191347902,-0.023712654191347902,-0.0075755722043183375,-0.0075755722043183375,-0.023712654191347902,-0.023712654191347902,-0.021023238307411075,-0.021023238307411075
2012-04-20,0.021051159117876597,0.021051159117876597,9.63196728364531e-05,9.63196728364531e-05,0.010746722391950564,0.010746722391950564,0.0006257717184588066,0.0006257717184588066,-0.001477719235776445,-0.001477719235776445,0.006568266859487656,0.006568266859487656,0.021756980122584337,0.021756980122584337,0.016723058370256585,0.016723058370256585,0.002488626915611015,0.002488626915611015,-0.003976339559011087,-0.003976339559011087,-0.024671602631283835,-0.024671602631283835,-0.003976339559011087,-0.003976339559011087,0.007535341915236182,0.007535341915236182
2012-04-23,-0.006013481294175744,-0.006013481294175744,0.007019054672152479,0.007019054672152479,-0.009795669521210259,-0.009795669521210259,-0.0007426669441628554,-0.0007426669441628554,-0.01217834577881794,-0.01217834577881794,-0.0005056010297511994,-0.0005056010297511994,-0.0023955829320432996,-0.0023955829320432996,-0.005943570220398029,-0.005943570220398029,-0.012213906601719223,-0.012213906601719223,0.0008308961980447783,0.0008308961980447783,0.007046612143248766,0.007046612143248766,0.0008308961980447783,0.0008308961980447783,-0.004200770854947417,-0.004200770854947417
2012-04-24,0.020450708587751668,0.020450708587751668,0.016006551937533822,0.016006551937533822,0.013370495662147519,0.013370495662147519,0.012341022390969049,0.012341022390969049,0.019066782329881442,0.019066782329881442,0.024635993292355433,0.024635993292355433,0.011064649851980718,0.011064649851980718,0.020565784263935006,0.020565784263935006,0.01165092033616711,0.01165092033616711,0.020187004472308683,0.020187004472308683,-0.0009424010795889188,-0.0009424010795889188,0.020187004472308683,0.020187004472308683,0.016951071074835226,0.016951071074835226
2012-04-25,-0.012324730035605202,-0.012324730035605202,-0.004702109368293536,-0.004702109368293536,-0.014807692888517215,-0.014807692888517215,-0.003743366524554076,-0.003743366524554076,-0.01293396151447249,-0.01293396151447249,0.00603282589310734,0.00603282589310734,-0.0024470435291036583,-0.0024470435291036583,-0.0079558449858326,-0.0079558449858326,-0.008650480381369086,-0.008650480381369086,0.0015290737265005886,0.0015290737265005886,0.014396042892857848,0.014396042892857848,0.0015290737265005886,0.0015290737265005886,-0.005914100372527738,-0.005914100372527738
2012-04-26,7.939003492381832e-05,7.939003492381832e-05,0.007442983114085802,0.007442983114085802,-0.0023463991231794813,-0.0023463991231794813,-0.003013538373317504,-0.003013538373317504,-0.003134726519647576,-0.003134726519647576,-0.002759260950843186,-0.002759260950843186,-0.001482972925541366,-0.001482972925541366,-0.012187829611225092,-0.012187829611225092,-0.005601653019270807,-0.005601653019270807,0.00039763710636894377,0.00039763710636894377,0.00031535570821654093,0.00031535570821654093,0.00039763710636894377,0.00039763710636894377,-0.0022495083857982856,-0.0022495083857982856
2012-04-27,0.012095641352928435,0.012095641352928435,-0.0066855581818254205,-0.0066855581818254205,0.002675738662357651,0.002675738662357651,-0.006635795580299201,-0.006635795580299201,0.002777055169908209,0.002777055169908209,-0.006345049181560161,-0.006345049181560161,0.0145641522047118,0.0145641522047118,0.0022611961242614874,0.0022611961242614874,0.008144649831904811,0.008144649831904811,0.004515265821333154,0.004515265821333154,-0.007782954066459261,-0.007782954066459261,0.004515265821333154,0.004515265821333154,0.0028268183001360406,0.0028268183001360406
2012-04-30,0.0153776544026962,0.0153776544026962,0.01885111016102939,0.01885111016102939,0.010159620160930428,0.010159620160930428,0.00787926248669313,0.00787926248669313,0.016021588198187945,0.016021588198187945,0.012246600493550232,0.012246600493550232,0.004415185250095223,0.004415185250095223,0.012614790157470114,0.012614790157470114,0.005007786328274208,0.005007786328274208,0.010271648257527228,0.010271648257527228,-0.00556812696765429,-0.00556812696765429,0.010271648257527228,0.010271648257527228,0.011242415142592046,0.011242415142592046
2012-05-01,0.006513872171204804,0.0059084524524489,0.0061612867186351394,0.005119009201078876,-0.003341262067929174,-0.00472760137276483,-0.004176159937249624,-0.0055234420866128574,0.003718403342525045,0.0025517366758583786,0.004872261733262384,0.003989695504437467,0.009380282915026239,0.008018941320974114,0.012709770174296864,0.011688848970821761,0.007169120557217301,0.006152691376781505,0.005456393848222607,0.005214552423727783,-0.0010906607392131562,-0.0019654862621710225,0.005456393848222607,0.005214552423727783,0.004862214357217676,0.004779764745318118
2012-05-02,-0.03207055204992894,-0.03207055204992894,-0.022271437199451013,-0.022271437199451013,-0.016352363269936006,-0.016352363269936006,-0.01758429816626844,-0.01758429816626844,-0.011426384863790138,-0.011426384863790138,-0.02197575380563741,-0.02197575380563741,-0.01688626207969103,-0.01688626207969103,-0.020602931297747734,-0.020602931297747734,-0.012636217800642752,-0.012636217800642752,-0.012032065520409013,-0.012032065520409013,0.02016354574148968,0.02016354574148968,-0.012032065520409013,-0.012032065520409013,-0.018386293686334258,-0.018386293686334258
2012-05-03,0.007241004033621783,0.007241004033621783,0.005210405956998138,0.005210405956998138,0.0017519677088912095,0.0017519677088912095,0.007176953653315814,0.007176953653315814,-0.0001917213511447441,-0.0001917213511447441,0.004813605951865936,0.004813605951865936,-0.0012763878219931228,-0.0012763878219931228,0.011444238664358706,0.011444238664358706,-0.0001103012554327324,-0.0001103012554327324,0.007822242760952476,0.007822242760952476,0.0007083577908790079,0.0007083577908790079,0.007822242760952476,0.007822242760952476,0.004379142680727089,0.004379142680727089
2012-05-04,-0.01192827683197847,-0.01192827683197847,-0.012663855342024835,-0.012663855342024835,-0.016654953922340468,-0.016654953922340468,-0.007981737406325086,-0.007981737406325086,-0.00480181075710512,-0.00480181075710512,-0.0032737426618310505,-0.0032737426618310505,-0.0020008833928934298,-0.0020008833928934298,-0.00979401169949525,-0.00979401169949525,-0.009444791386473288,-0.009444791386473288,-0.013878488223769695,-0.013878488223769695,-0.002155847861453364,-0.002155847861453364,-0.013878488223769695,-0.013878488223769695,-0.009241715356165896,-0.009241715356165896
2012-05-07,-0.0010411384629415129,-0.0010411384629415129,-0.003566280551228848,-0.003566280551228848,-0.00995661035109292,-0.00995661035109292,0.0028743794298824793,0.0028743794298824793,-0.004576365264899331,-0.004576365264899331,-0.0008548007352308629,-0.0008548007352308629,-0.0001636237118478887,-0.0001636237118478887,0.0020346443566641448,0.0020346443566641448,0.008766421083212432,0.008766421083212432,-0.003307387277696092,-0.003307387277696092,-0.0022164321376744915,-0.0022164321376744915,-0.003307387277696092,-0.003307387277696092,-0.0009615699360186957,-0.0009615699360186957
2012-05-08,-0.020728103908076837,-0.020728103908076837,-0.00554609276734576,-0.00554609276734576,-0.010478793761836955,-0.010478793761836955,-0.011198940000963071,-0.011198940000963071,-0.013408760342599309,-0.013408760342599309,-0.011987252815785745,-0.011987252815785745,-0.013438912354525106,-0.013438912354525106,-0.001493618549391337,-0.001493618549391337,-0.011280505198003088,-0.011280505198003088,0.0030224290822063594,0.0030224290822063594,0.022672667111793172,0.022672667111793172,0.0030224290822063594,0.0030224290822063594,-0.009631328854099406,-0.009631328854099406
2012-05-09,0.003544976666656527,0.003544976666656527,-0.0009855687076334597,-0.0009855687076334597,0.005196271470737159,0.005196271470737159,-0.0032672192423979646,-0.0032672192423979646,0.00026510093623711463,0.00026510093623711463,0.0060706309350454495,0.0060706309350454495,-0.019458722431374163,-0.019458722431374163,-0.0016820402698355696,-0.0016820402698355696,0.00390664728577844,0.00390664728577844,-0.009599887987923928,-0.009599887987923928,-0.012353316689054771,-0.012353316689054771,-0.009599887987923928,-0.009599887987923928,-0.001644071812621941,-0.001644071812621941
2012-05-10,-0.023590239043438294,-0.023590239043438294,-0.006066762769608339,-0.006066762769608339,-0.023353409739094947,-0.023353409739094947,-0.0020182875978041427,-0.0020182875978041427,-0.011021396317532415,-0.011021396317532415,-0.013305236632629662,-0.013305236632629662,-0.011162310811277422,-0.011162310811277422,-0.004985647988384592,-0.004985647988384592,-0.015977803769716144,-0.015977803769716144,-0.004135023077311959,-0.004135023077311959,0.01792511214320327,0.01792511214320327,-0.004135023077311959,-0.004135023077311959,-0.011512289601336245,-0.011512289601336245
2012-05-11,-0.011958054759317716,-0.011958054759317716,-0.01582786572441538,-0.01582786572441538,-0.02350512868507701,-0.02350512868507701,-0.016789679897826704,-0.016789679897826704,-0.008878853568159617,-0.008878853568159617,-0.015618900242823273,-0.015618900242823273,-0.013358158037639966,-0.013358158037639966,-0.015997044180437264,-0.015997044180437264,-0.01630724360952754,-0.01630724360952754,-0.005608855501589925,-0.005608855501589925,0.005403742274040642,0.005403742274040642,-0.005608855501589925,-0.005608855501589925,-0.014361863076238539,-0.014361863076238539
2012-05-14,0.030616273510262304,0.030616273510262304,-0.0008563151220723341,-0.0008563151220723341,0.007917938603650908,0.007917938603650908,0.005645418412214923,0.005645418412214923,0.002996132659960406,0.002996132659960406,0.0005861654734245366,0.0005861654734245366,0.010023502666900365,0.010023502666900365,0.0070788861757700924,0.0070788861757700924,0.01793856936806181,0.01793856936806181,0.010996598826415831,0.010996598826415831,-0.016612469931047535,-0.016612469931047535,0.010996598826415831,0.010996598826415831,0.0092369999425807,0.0092369999425807
2012-05-15,-0.0027396089330908417,-0.0027396089330908417,-0.005363054897363705,-0.005363054897363705,0.0002755181902598025,0.0002755181902598025,-0.007053386111738972,-0.007053386111738972,-0.0009855020183003437,-0.0009855020183003437,0.0037594857359359492,0.0037594857359359492,-0.002682708519894708,-0.002682708519894708,-0.005466063438347721,-0.005466063438347721,0.003552956622985502,0.003552956622985502,-0.008783870609979885,-0.008783870609979885,-0.005815618537097069,-0.005815618537097069,-0.008783870609979885,-0.008783870609979885,-0.002571465541385978,-0.002571465541385978
2012-05-16,-0.01227973433098108,-0.01227973433098108,-0.0013593114459380844,-0.0013593114459380844,-0.011387848577157937,-0.011387848577157937,-0.023988955976383473,-0.023988955976383473,0.0022703172034867396,0.0022703172034867396,-0.004413092557921832,-0.004413092557921832,-0.006659788038893956,-0.006659788038893956,-0.009617283122053837,-0.009617283122053837,-0.007584899376456364,-0.007584899376456364,-0.014533742319537558,-0.014533742319537558,-0.0024532821143297455,-0.0024532821143297455,-0.014533742319537558,-0.014533742319537558,-0.008955739744595896,-0.008955739744595896
2012-05-17,0.002086072416813749,0.002086072416813749,0.011372531770145718,0.011372531770145718,0.013977095649488524,0.013977095649488524,0.0036408659405118247,0.0036408659405118247,0.010754552340242429,0.010754552340242429,0.00858483673587946,0.00858483673587946,0.012783235436055137,0.012783235436055137,0.024387667834187596,0.024387667834187596,0.01929286365028999,0.01929286365028999,0.012330667376495415,0.012330667376495415,0.009612170119586589,0.009612170119586589,0.012330667376495415,0.012330667376495415,0.011984555749988642,0.011984555749988642
2012-05-18,0.00011928674709579682,0.00011928674709579682,-0.005698144323225392,-0.005698144323225392,-0.0020150338286387226,-0.0020150338286387226,-0.0018720252116303073,-0.0018720252116303073,-0.008707614311057188,-0.008707614311057188,-0.013671609380245909,-0.013671609380245909,0.0013162208961844226,0.0013162208961844226,-0.007049679834145863,-0.007049679834145863,-0.010846065475411167,-0.010846065475411167,-0.01419044692891671,-0.01419044692891671,-0.013388539260162627,-0.013388539260162627,-0.01419044692891671,-0.01419044692891671,-0.006346029384233717,-0.006346029384233717
2012-05-21,0.005858247743550442,0.005858247743550442,-0.0009471090176201981,-0.0009471090176201981,0.0019018466001638978,0.0019018466001638978,-0.001619832187529723,-0.001619832187529723,0.009234948269304651,0.009234948269304651,-0.0030934168838786637,-0.0030934168838786637,-0.005762224065408263,-0.005762224065408263,0.0029037765339764467,0.0029037765339764467,0.0023886457500536334,0.0023886457500536334,-0.011260764030827989,-0.011260764030827989,-0.01589074464546622,-0.01589074464546622,-0.011260764030827989,-0.011260764030827989,-2.972631698900806e-05,-2.972631698900806e-05
2012-05-22,-0.007192861218501668,-0.007192861218501668,0.014114031589068569,0.014114031589068569,0.00411328097224431,0.00411328097224431,-0.002700525346426224,-0.002700525346426224,0.004523692289018758,0.004523692289018758,-0.0007030853099601042,-0.0007030853099601042,0.004357637896435152,0.004357637896435152,0.0027940197103041974,0.0027940197103041974,0.008228989445110331,0.008228989445110331,0.009111039695183816,0.009111039695183816,0.015287168173663187,0.015287168173663187,0.009111039695183816,0.009111039695183816,0.003695816697568048,0.003695816697568048
2012-05-23,-0.0070919858126479085,-0.0070919858126479085,-0.009489524705923309,-0.009489524705923309,-0.010597590988067472,-0.010597590988067472,0.00046483674532404873,0.00046483674532404873,-0.009863723666842922,-0.009863723666842922,-0.008286140364197924,-0.008286140364197924,0.002782269893686875,0.002782269893686875,-0.0021649827126880273,-0.0021649827126880273,-0.004679527159338429,-0.004679527159338429,-0.000872681354666332,-0.000872681354666332,0.005670844864021035,0.005670844864021035,-0.000872681354666332,-0.000872681354666332,-0.004976315738768406,-0.004976315738768406
2012-05-24,-0.001313724823883756,-0.001313724823883756,0.00251155503869412,0.00251155503869412,0.006685505936138093,0.006685505936138093,0.007461014757854577,0.007461014757854577,-0.011544833130998917,-0.011544833130998917,0.0038479217300824054,0.0038479217300824054,-0.004074914439208544,-0.004074914439208544,0.01042639735696541,0.01042639735696541,0.009224108508557581,0.009224108508557581,-0.004094016411332159,-0.004094016411332159,-0.0026120379241702458,-0.0026120379241702458,-0.004094016411332159,-0.004094016411332159,0.0019216548274213346,0.0019216548274213346
2012-05-25,-0.0008820326486105297,-0.0008820326486105297,-0.00929971138545384,-0.00929971138545384,0.003922539172859094,0.003922539172859094,-0.011586333072708455,-0.011586333072708455,0.003099035976343018,0.003099035976343018,-0.012151513574372861,-0.012151513574372861,-0.0067001815011409095,-0.0067001815011409095,0.009960619426475718,0.009960619426475718,-0.004879623097691168,-0.004879623097691168,-0.0009486029944148038,-0.0009486029944148038,-8.132014298880565e-05,-8.132014298880565e-05,-0.0009486029944148038,-0.0009486029944148038,-0.0028883944253845074,-0.0028883944253845074
2012-05-28,-0.0016319514378752473,-0.0016319514378752473,-0.004679797780336277,-0.004679797780336277,-0.00801357421574904,-0.00801357421574904,-0.01039747505885945,-0.01039747505885945,-0.004843972133437463,-0.004843972133437463,-0.009460477466520602,-0.009460477466520602,-0.013648658934999815,-0.013648658934999815,-0.0012614133237608322,-0.0012614133237608322,-0.010504921287123457,-0.010504921287123457,0.014865900369746051,0.014865900369746051,0.015233643178192589,0.015233643178192589,0.014865900369746051,0.014865900369746051,-0.004923547322116988,-0.004923547322116988
2012-05-29,0.022913924751513222,0.022913924751513222,0.021291382363543925,0.021291382363543925,0.010381004062358291,0.010381004062358291,0.01777121312396667,0.01777121312396667,0.014016433047403463,0.014016433047403463,0.024396092528198923,0.024396092528198923,0.008840796401000729,0.008840796401000729,0.007966541655973738,0.007966541655973738,0.0036947422858751118,0.0036947422858751118,0.020528721517879857,0.020528721517879857,-0.0013619839659563234,-0.0013619839659563234,0.020528721517879857,0.020528721517879857,0.015072331846132006,0.015072331846132006
2012-05-30,-0.008502649932060971,-0.008502649932060971,0.007808167410485185,0.007808167410485185,-0.015375085904430189,-0.015375085904430189,-0.019788055904947678,-0.019788055904947678,-0.0015934261646062702,-0.0015934261646062702,-0.010552859973508475,-0.010552859973508475,-0.010410754887013665,-0.010410754887013665,-0.002663623286080076,-0.002663623286080076,-0.008026580904696053,-0.008026580904696053,-0.01157133462813872,-0.01157133462813872,-0.0032038244635752815,-0.0032038244635752815,-0.01157133462813872,-0.01157133462813872,-0.007970190075739623,-0.007970190075739623
2012-05-31,-0.03727846755458017,-0.03727846755458017,-0.0282090109468121,-0.0282090109468121,-0.0237033509276509,-0.0237033509276509,-0.030823490282948573,-0.030823490282948573,-0.019775421763697846,-0.019775421763697846,-0.033532409038309514,-0.033532409038309514,-0.012777944374356035,-0.012777944374356035,-0.02163186431174021,-0.02163186431174021,-0.025672840692425557,-0.025672840692425557,-0.026063321724730425,-0.026063321724730425,0.009305050937283097,0.009305050937283097,-0.026063321724730425,-0.026063321724730425,-0.025906349189458854,-0.025906349189458854
2012-06-01,0.005726293247994452,0.0051790791922094945,0.0008117283341617654,-8.853690298120756e-05,0.019716586717873907,0.01853260216419139,0.01010961102907637,0.008920811770458933,0.013231747630696011,0.01188524656312153,0.013876198001927964,0.012813455648432132,0.025902429327114396,0.024713568898580406,0.02034769161559935,0.019488110994275314,0.025049961068982052,0.024342818075219624,0.01369857715329137,0.01330331955689969,0.008427954050375552,0.007516984948458129,0.01369857715329137,0.01330331955689969,0.014836364970876037,0.014750087799642935
2012-06-04,0.032121538390336636,0.032121538390336636,0.025474487796383814,0.025474487796383814,0.025212329964722398,0.025212329964722398,0.033614486990125265,0.033614486990125265,0.02928082051748135,0.02928082051748135,0.04070071388806391,0.04070071388806391,0.024789662294502864,0.024789662294502864,0.02313770100472925,0.02313770100472925,0.024975565616801386,0.024975565616801386,0.027187464350024136,0.027187464350024136,-0.004575174458083647,-0.004575174458083647,0.027187464350024136,0.027187464350024136,0.028634985330088722,0.028634985330088722
2012-06-05,-0.005168366433365629,-0.005168366433365629,-0.0026418822058719964,-0.0026418822058719964,-0.004884503763307313,-0.004884503763307313,0.004996443430132436,0.004996443430132436,-0.007714531356262057,-0.007714531356262057,-0.017310936974320654,-0.017310936974320654,-0.01221007582244625,-0.01221007582244625,-0.006501432935985193,-0.006501432935985193,-0.011488573655476965,-0.011488573655476965,-0.011206748361443739,-0.011206748361443739,-0.006286600944641072,-0.006286600944641072,-0.011206748361443739,-0.011206748361443739,-0.007437363711054825,-0.007437363711054825
2012-06-06,-0.014472492013368102,-0.014472492013368102,-0.0069546256631892915,-0.0069546256631892915,-0.025647802440852324,-0.025647802440852324,-0.016785352879584645,-0.016785352879584645,-0.012255273217643924,-0.012255273217643924,-0.018139287098630254,-0.018139287098630254,-0.015470218743414182,-0.015470218743414182,-0.013524511157726822,-0.013524511157726822,-0.02191234798568739,-0.02191234798568739,-0.013496965784041194,-0.013496965784041194,0.0009929202772082269,0.0009929202772082269,-0.013496965784041194,-0.013496965784041194,-0.015885730420901904,-0.015885730420901904
2012-06-07,-0.0012429513076923204,-0.0012429513076923204,-0.010353970419410084,-0.010353970419410084,-0.016628635123631087,-0.016628635123631087,-0.013276599321615075,-0.013276599321615075,-0.01239821097797282,-0.01239821097797282,-0.004568794434962639,-0.004568794434962639,0.002737215117697738,0.002737215117697738,-0.00691275615279875,-0.00691275615279875,-0.0027784588954501655,-0.0027784588954501655,-0.0060566975136461705,-0.0060566975136461705,-0.0048881981615829535,-0.0048881981615829535,-0.0060566975136461705,-0.0060566975136461705,-0.007154144895715209,-0.007154144895715209
2012-06-08,0.0008362635174177886,0.0008362635174177886,-0.0055037117435497145,-0.0055037117435497145,-0.004068114048664653,-0.004068114048664653,-0.008824703723350506,-0.008824703723350506,-0.005519107366217816,-0.005519107366217816,-0.002481428440422346,-0.002481428440422346,-0.009550420092960091,-0.009550420092960091,-0.0030904970825460882,-0.0030904970825460882,-0.007387889821640043,-0.007387889821640043,-0.0005416754512270524,-0.0005416754512270524,-0.0013995570878732237,-0.0013995570878732237,-0.0005416754512270524,-0.0005416754512270524,-0.004619800449212417,-0.004619800449212417
2012-06-11,-0.00931863871651339,-0.00931863871651339,0.009407387595508795,0.009407387595508795,-0.005971831278472308,-0.005971831278472308,0.001347994847967893,0.001347994847967893,0.003771945612199182,0.003771945612199182,0.0030147429839399685,0.0030147429839399685,0.0011662560435747238,0.0011662560435747238,0.006630005577516536,0.006630005577516536,-0.0018937619792582876,-0.0018937619792582876,-0.0051534898320796,-0.0051534898320796,0.004268261548568048,0.004268261548568048,-0.0051534898320796,-0.0051534898320796,0.00029896970932437013,0.00029896970932437013
2012-06-12,-0.01272260835900474,-0.01272260835900474,-0.016220675220422205,-0.016220675220422205,-0.017274596552641165,-0.017274596552641165,-0.013597765576636424,-0.013597765576636424,-0.015886266807010177,-0.015886266807010177,-0.01980905477642406,-0.01980905477642406,-0.0067234864338209755,-0.0067234864338209755,-0.006274024687123233,-0.006274024687123233,-0.011849212187008677,-0.011849212187008677,-0.01358395582617913,-0.01358395582617913,-0.0008628065972675963,-0.0008628065972675963,-0.01358395582617913,-0.01358395582617913,-0.013377828963579627,-0.013377828963579627
2012-06-13,0.010446672529118817,0.010446672529118817,0.005806224958510475,0.005806224958510475,-0.0014850755822069604,-0.0014850755822069604,0.0020420324807057587,0.0020420324807057587,0.009753170374335624,0.009753170374335624,0.009749932439482332,0.009749932439482332,0.009649893641286142,0.009649893641286142,-0.0003525200875138558,-0.0003525200875138558,0.0045425024408075245,0.0045425024408075245,0.00946811118213606,0.00946811118213606,-0.0009825620796049869,-0.0009825620796049869,0.00946811118213606,0.00946811118213606,0.0059693418539004,0.0059693418539004
2012-06-14,-0.004066364693376081,-0.004066364693376081,-0.0014980088851242563,-0.0014980088851242563,0.0006899696976664475,0.0006899696976664475,0.02048506773801267,0.02048506773801267,0.006936714788722399,0.006936714788722399,-0.001660300319875956,-0.001660300319875956,0.008850377271659174,0.008850377271659174,-0.0046292741325890925,-0.0046292741325890925,0.0023547009533161777,0.0023547009533161777,0.00534058274371606,0.00534058274371606,0.009441223646376914,0.009441223646376914,0.00534058274371606,0.00534058274371606,0.0032835917039199035,0.0032835917039199035
2012-06-15,-0.005111459472259727,-0.005111459472259727,-0.01197513010455723,-0.01197513010455723,-0.016292095039192465,-0.016292095039192465,-0.015552219112324477,-0.015552219112324477,-0.01772660305913241,-0.01772660305913241,-0.026588034843540186,-0.026588034843540186,-0.014740233331525077,-0.014740233331525077,-0.0007237546735370652,-0.0007237546735370652,-0.01515686442228283,-0.01515686442228283,-0.01082238638929733,-0.01082238638929733,-0.0057405898867151865,-0.0057405898867151865,-0.01082238638929733,-0.01082238638929733,-0.013461849815531404,-0.013461849815531404
2012-06-18,-0.0027241858818800504,-0.0027241858818800504,0.004868948618195924,0.004868948618195924,0.003029317719374775,0.003029317719374775,0.006326491533098208,0.006326491533098208,0.0015697420122481463,0.0015697420122481463,0.011683709611599116,0.011683709611599116,-0.0013811420739305406,-0.0013811420739305406,0.009724638262075917,0.009724638262075917,0.012003239894218587,0.012003239894218587,0.007609016347506539,0.007609016347506539,0.010262469770178426,0.010262469770178426,0.007609016347506539,0.007609016347506539,0.005258834371498182,0.005258834371498182
2012-06-19,0.020312002042095115,0.020312002042095115,0.025412067686425305,0.025412067686425305,0.01973960415747035,0.01973960415747035,0.021242853705034388,0.021242853705034388,0.023599002420251036,0.023599002420251036,0.019099987064282568,0.019099987064282568,0.02930213355308591,0.02930213355308591,0.02083963999474578,0.02083963999474578,0.024332343318545044,0.024332343318545044,0.027965299007612982,0.027965299007612982,0.007821732937603297,0.007821732937603297,0.027965299007612982,0.027965299007612982,0.023205730591911274,0.023205730591911274
2012-06-20,0.01256506582514387,0.01256506582514387,-0.002744481111633045,-0.002744481111633045,0.003142245230026668,0.003142245230026668,0.005918523974136832,0.005918523974136832,-0.008623166550204791,-0.008623166550204791,0.0011647866485717797,0.0011647866485717797,0.013440233842591656,0.013440233842591656,0.005911257906741522,0.005911257906741522,0.0012627447169208956,0.0012627447169208956,0.0026565387882455755,0.0026565387882455755,-0.009771776540062466,-0.009771776540062466,0.0026565387882455755,0.0026565387882455755,0.0035006055521402046,0.0035006055521402046
2012-06-21,-0.011889779835981575,-0.011889779835981575,-0.005200003292986099,-0.005200003292986099,-0.004450395987149728,-0.004450395987149728,-0.0037180866509512905,-0.0037180866509512905,-0.018900517837215722,-0.018900517837215722,-0.004777075259387096,-0.004777075259387096,-0.016847236183702607,-0.016847236183702607,-0.0063617853759577875,-0.0063617853759577875,0.00046537076901353286,0.00046537076901353286,-0.002488171536460523,-0.002488171536460523,0.009506809911267164,0.009506809911267164,-0.002488171536460523,-0.002488171536460523,-0.007435888134403266,-0.007435888134403266
2012-06-22,0.0020191755109571032,0.0020191755109571032,0.006679134536296462,0.006679134536296462,-0.010085057566749996,-0.010085057566749996,-0.006290028019933216,-0.006290028019933216,-0.0021175294116435404,-0.0021175294116435404,0.005154731173829953,0.005154731173829953,-0.004279310862765516,-0.004279310862765516,0.005496717356799389,0.005496717356799389,-0.0011322035101857192,-0.0011322035101857192,0.005228607040799405,0.005228607040799405,0.0032840621732832032,0.0032840621732832032,0.005228607040799405,0.005228607040799405,0.0001020479900426238,0.0001020479900426238
2012-06-25,0.0008745526631191668,0.0008745526631191668,-0.005378589356005671,-0.005378589356005671,0.018113094673353324,0.018113094673353324,0.0049179132076778796,0.0049179132076778796,-0.004339681376029302,-0.004339681376029302,0.006030765685200592,0.006030765685200592,0.0012093238943253375,0.0012093238943253375,-0.005808399552495857,-0.005808399552495857,0.008621456031946442,0.008621456031946442,0.019407655534977863,0.019407655534977863,0.018798067967909764,0.018798067967909764,0.019407655534977863,0.019407655534977863,0.004320557289519997,0.004320557289519997
2012-06-26,-0.033402922449017984,-0.033402922449017984,-0.02033279713226325,-0.02033279713226325,-0.02805220624989557,-0.02805220624989557,-0.006255592897816732,-0.006255592897816732,-0.026487861381380904,-0.026487861381380904,-0.017770831226833858,-0.017770831226833858,-0.008924763614545039,-0.008924763614545039,-0.024603735080571894,-0.024603735080571894,-0.021674974439508103,-0.021674974439508103,-0.017328454053255136,-0.017328454053255136,0.014951983416616358,0.014951983416616358,-0.017328454053255136,-0.017328454053255136,-0.020392358721914437,-0.020392358721914437
2012-06-27,0.0018569288270767594,0.0018569288270767594,0.0037868659226088933,0.0037868659226088933,-0.0017542846732918633,-0.0017542846732918633,0.00905802013617381,0.00905802013617381,0.015384681991420294,0.015384681991420294,0.0016843010729264197,0.0016843010729264197,0.0067298157398363425,0.0067298157398363425,0.013962502332058214,0.013962502332058214,0.009425785047414141,0.009425785047414141,0.003796177929490549,0.003796177929490549,0.002004618768350147,0.002004618768350147,0.003796177929490549,0.003796177929490549,0.0064141521033137605,0.0064141521033137605
2012-06-28,-0.004627367512934579,-0.004627367512934579,-0.00022635288081310125,-0.00022635288081310125,-0.0020121917377820793,-0.0020121917377820793,-0.010327055003498547,-0.010327055003498547,-0.01064999641478832,-0.01064999641478832,-0.004310942944489079,-0.004310942944489079,-0.006670755994881564,-0.006670755994881564,0.005270393008285511,0.005270393008285511,-0.005307439609717825,-0.005307439609717825,0.0064625550828217955,0.0064625550828217955,0.010644898830984293,0.010644898830984293,0.0064625550828217955,0.0064625550828217955,-0.0031980162263471976,-0.0031980162263471976
2012-06-29,0.012489027168510337,0.012489027168510337,0.03521170009852155,0.03521170009852155,0.024803226326449566,0.024803226326449566,0.021878661789628544,0.021878661789628544,0.012715518001471544,0.012715518001471544,0.030816881692687183,0.030816881692687183,0.017809855972429595,0.017809855972429595,0.027423577006306002,0.027423577006306002,0.015167328970417502,0.015167328970417502,0.014278890544698525,0.014278890544698525,0.0025800930832416916,0.0025800930832416916,0.014278890544698525,0.014278890544698525,0.0212499192388966,0.0212499192388966
2012-07-02,-0.001022979666627788,-0.0014183541672967287,-0.009358546654836375,-0.010415206085389477,-0.009581004479784827,-0.010605146399061193,-0.00014857912086796432,-0.001181830467315803,-0.004259733826634138,-0.005609297697299021,0.002385959264259885,0.0010304523861106158,0.005875771910927252,0.0046984446977008315,-0.004319299528009579,-0.005839566182219515,-0.014143618579473882,-0.015347053278147433,0.004698906638852307,0.004287206478251899,0.005732794401332786,0.004926210760248986,0.004698906638852307,0.004287206478251899,-0.003001558475947297,-0.0030786335018471098
2012-07-03,0.02728412443930719,0.02728412443930719,0.02602286499069454,0.02602286499069454,0.01249426185359177,0.01249426185359177,0.016247097806353538,0.016247097806353538,0.01952179025143739,0.01952179025143739,0.013593767756538228,0.013593767756538228,0.018783691525665346,0.018783691525665346,0.0160824458441002,0.0160824458441002,0.030559392434672032,0.030559392434672032,0.017343581212156584,0.017343581212156584,-0.009762039701001294,-0.009762039701001294,0.017343581212156584,0.017343581212156584,0.019776495917777616,0.019776495917777616
2012-07-04,-0.017638327807675193,-0.017638327807675193,-0.02216322745001249,-0.02216322745001249,-0.011895177980449539,-0.011895177980449539,-0.0163363845993678,-0.0163363845993678,-0.003430570792715672,-0.003430570792715672,-0.010822296721747691,-0.010822296721747691,0.003867199319148449,0.003867199319148449,-0.014503390926629733,-0.014503390926629733,-0.01594807195450425,-0.01594807195450425,-0.016565745170966425,-0.016565745170966425,0.0011653865549051986,0.0011653865549051986,-0.016565745170966425,-0.016565745170966425,-0.012540430193695036,-0.012540430193695036
2012-07-05,0.011394667057988504,0.011394667057988504,0.0012537504952945602,0.0012537504952945602,0.014215729244942,0.014215729244942,0.012971673246773167,0.012971673246773167,0.00602466071435092,0.00602466071435092,0.013834217061624158,0.013834217061624158,0.006878439825777774,0.006878439825777774,-0.0013241087873772659,-0.0013241087873772659,0.006685040940997904,0.006685040940997904,0.004934068157816671,0.004934068157816671,-0.006540994276298123,-0.006540994276298123,0.004934068157816671,0.004934068157816671,0.007686843022416293,0.007686843022416293
2012-07-06,0.008068287052432333,0.008068287052432333,-0.0023171535443988617,-0.0023171535443988617,0.011841159211826281,0.011841159211826281,0.001210177088716099,0.001210177088716099,0.011516742453590781,0.011516742453590781,0.0066698213213968035,0.0066698213213968035,0.0206897675175239,0.0206897675175239,0.01972849955484207,0.01972849955484207,0.01518728994988157,0.01518728994988157,0.0031290518091488615,0.0031290518091488615,-0.005109855976654011,-0.005109855976654011,0.0031290518091488615,0.0031290518091488615,0.00959493214942068,0.00959493214942068
2012-07-09,-0.007568380342125075,-0.007568380342125075,-0.0007767434937170272,-0.0007767434937170272,-0.012341460245395626,-0.012341460245395626,-0.008931098382208489,-0.008931098382208489,0.0007190861998852382,0.0007190861998852382,-0.011310814643696033,-0.011310814643696033,0.007410005839127807,0.007410005839127807,-0.004521104610413061,-0.004521104610413061,0.0026926667284941034,0.0026926667284941034,-0.01917912577645215,-0.01917912577645215,-0.011829182859669076,-0.011829182859669076,-0.01917912577645215,-0.01917912577645215,-0.005332936363057511,-0.005332936363057511
2012-07-10,9.726608462895742e-05,9.726608462895742e-05,-0.00925821093112927,-0.00925821093112927,0.005609235083872779,0.005609235083872779,0.0027047266563971018,0.0027047266563971018,0.0025796363589747715,0.0025796363589747715,0.006222002515025506,0.006222002515025506,0.004174710564733943,0.004174710564733943,0.003591488691661477,0.003591488691661477,0.008572490571712017,0.008572490571712017,0.00735599849900321,0.00735599849900321,0.007404794531451888,0.007404794531451888,0.00735599849900321,0.00735599849900321,0.003188759877831426,0.003188759877831426
2012-07-11,0.005281965850843765,0.005281965850843765,0.012728885552807424,0.012728885552807424,0.017436529676371472,0.017436529676371472,0.011435254077503265,0.011435254077503265,0.013850325866741653,0.013850325866741653,0.019663190951645912,0.019663190951645912,0.02279928596268983,0.02279928596268983,0.0114416117717484,0.0114416117717484,0.008360254174319112,0.008360254174319112,0.017433051745008126,0.017433051745008126,0.012299572354950113,0.012299572354950113,0.017433051745008126,0.017433051745008126,0.014077566171650938,0.014077566171650938
2012-07-12,-0.010000353498763185,-0.010000353498763185,0.01018169841299535,0.01018169841299535,-0.010452480067230326,-0.010452480067230326,-0.00859873185844485,-0.00859873185844485,-0.010333247593932442,-0.010333247593932442,-0.007589245394821278,-0.007589245394821278,0.0013522777090759174,0.0013522777090759174,-0.013932929410712131,-0.013932929410712131,-0.0030086068819534404,-0.0030086068819534404,-0.002882793975430763,-0.002882793975430763,0.007364786159397505,0.007364786159397505,-0.002882793975430763,-0.002882793975430763,-0.0055364079670159,-0.0055364079670159
2012-07-13,-0.013963089446335071,-0.013963089446335071,-0.011948475272197657,-0.011948475272197657,-0.019844732626032684,-0.019844732626032684,-0.025313216110672623,-0.025313216110672623,-0.004428464027563514,-0.004428464027563514,-0.021157603072841768,-0.021157603072841768,-0.011231075601119491,-0.011231075601119491,-0.009711890657844086,-0.009711890657844086,-0.03499368381415738,-0.03499368381415738,-0.013662330759502562,-0.013662330759502562,0.0002933385800467205,0.0002933385800467205,-0.013662330759502562,-0.013662330759502562,-0.016611204385443393,-0.016611204385443393
2012-07-16,0.004564928204602456,0.004564928204602456,-0.001562190468465257,-0.001562190468465257,-0.005570168989650388,-0.005570168989650388,-0.006744791727635329,-0.006744791727635329,-0.007060699463625313,-0.007060699463625313,0.0014355943998229496,0.0014355943998229496,-0.0036761149398798734,-0.0036761149398798734,-0.0005676676756137832,-0.0005676676756137832,4.7608337180396216e-05,4.7608337180396216e-05,0.009887745664374167,0.009887745664374167,0.005333423393353041,0.005333423393353041,0.009887745664374167,0.009887745664374167,-0.0009490604801914919,-0.0009490604801914919
2012-07-17,0.0006542909455603029,0.0006542909455603029,-0.010108171796325742,-0.010108171796325742,-0.009688529771337044,-0.009688529771337044,-0.013768045906930376,-0.013768045906930376,-0.0034055524839510035,-0.0034055524839510035,-0.008017439441787916,-0.008017439441787916,-0.007857775591713962,-0.007857775591713962,-0.0031411540456351018,-0.0031411540456351018,-0.013604620563644877,-0.013604620563644877,-0.017061951075655654,-0.017061951075655654,-0.01781017021927116,-0.01781017021927116,-0.017061951075655654,-0.017061951075655654,-0.008573280688329394,-0.008573280688329394
2012-07-18,-0.0018123029692980342,-0.0018123029692980342,-0.0018357773819525222,-0.0018357773819525222,-0.008997813542469792,-0.008997813542469792,0.0072713561907065865,0.0072713561907065865,-0.0046175216009433,-0.0046175216009433,-0.0016905325257893103,-0.0016905325257893103,-0.0012158153655315769,-0.0012158153655315769,-0.0019327095859901055,-0.0019327095859901055,0.0008475954932598605,0.0008475954932598605,-0.008137761716918566,-0.008137761716918566,-0.0063443862005165795,-0.0063443862005165795,-0.008137761716918566,-0.008137761716918566,-0.002230793608980071,-0.002230793608980071
2012-07-19,-0.008166149307137978,-0.008166149307137978,-0.012156811062658871,-0.012156811062658871,-0.0006745890683531024,-0.0006745890683531024,0.00011133194668451951,0.00011133194668451951,0.005010859379133115,0.005010859379133115,0.000156380621991495,0.000156380621991495,0.009521684326186598,0.009521684326186598,-0.010924813363918626,-0.010924813363918626,-0.0005052103114523156,-0.0005052103114523156,0.0069183862504620195,0.0069183862504620195,0.015299455325178976,0.015299455325178976,0.0069183862504620195,0.0069183862504620195,-0.000982238732581531,-0.000982238732581531
2012-07-20,-0.02951031952216575,-0.02951031952216575,-0.010405896288162268,-0.010405896288162268,-0.03380605369939438,-0.03380605369939438,-0.010268832623695474,-0.010268832623695474,-0.01763742674802298,-0.01763742674802298,-0.026419758735020372,-0.026419758735020372,-0.014362835526124414,-0.014362835526124414,-0.01657206396651111,-0.01657206396651111,-0.007755153188648762,-0.007755153188648762,-0.011524337821333178,-0.011524337821333178,0.017996811233274145,0.017996811233274145,-0.011524337821333178,-0.011524337821333178,-0.01781206284877289,-0.01781206284877289
2012-07-23,-0.01023274093226495,-0.01023274093226495,-0.0273963588657454,-0.0273963588657454,-0.009627729526769314,-0.009627729526769314,-0.028498697054143974,-0.028498697054143974,-0.013430849937206705,-0.013430849937206705,-0.012726416407554684,-0.012726416407554684,-0.01132811194723329,-0.01132811194723329,-0.019286353804050187,-0.019286353804050187,-0.022946115783960247,-0.022946115783960247,-0.012806778549734131,-0.012806778549734131,-0.0026438093643318056,-0.0026438093643318056,-0.012806778549734131,-0.012806778549734131,-0.01676694292279729,-0.01676694292279729
2012-07-24,0.0021424073716142687,0.0021424073716142687,0.0021942917264941063,0.0021942917264941063,0.012392209788163945,0.012392209788163945,0.012239026433793085,0.012239026433793085,0.01139632559969607,0.01139632559969607,0.013061212009165091,0.013061212009165091,0.006436709051355058,0.006436709051355058,0.015491742324603765,0.015491742324603765,0.006077233163762958,0.006077233163762958,0.0014649363286467982,0.0014649363286467982,-0.0006220140170713579,-0.0006220140170713579,0.0014649363286467982,0.0014649363286467982,0.008265846234196716,0.008265846234196716
2012-07-25,0.002261389694245897,0.002261389694245897,-0.006154032869276231,-0.006154032869276231,-0.009406869278352083,-0.009406869278352083,-0.020838648313396525,-0.020838648313396525,-0.003408600612891807,-0.003408600612891807,-0.009314633761146043,-0.009314633761146043,-0.01210641692881943,-0.01210641692881943,-0.010473266983937133,-0.010473266983937133,-0.005172697210177782,-0.005172697210177782,-0.008433794951497816,-0.008433794951497816,-0.010234790810724651,-0.010234790810724651,-0.008433794951497816,-0.008433794951497816,-0.008311908898470189,-0.008311908898470189
2012-07-26,-0.03874665983613922,-0.03874665983613922,-0.02786365581455972,-0.02786365581455972,-0.03196648528793926,-0.03196648528793926,-0.03423812780141202,-0.03423812780141202,-0.02648014266377951,-0.02648014266377951,-0.02101249639832866,-0.02101249639832866,-0.015423000905331604,-0.015423000905331604,-0.030655741112730596,-0.030655741112730596,-0.026622267363903218,-0.026622267363903218,-0.03138296193397502,-0.03138296193397502,0.007016056890993765,0.007016056890993765,-0.03138296193397502,-0.03138296193397502,-0.028283545702975216,-0.028283545702975216
2012-07-27,0.002588619215891621,0.002588619215891621,0.004966194289741356,0.004966194289741356,0.009493522899611896,0.009493522899611896,-0.0017928067547811322,-0.0017928067547811322,0.010774456361451709,0.010774456361451709,0.006095444214705788,0.006095444214705788,0.011337688920068773,0.011337688920068773,-0.00011650056716042351,-0.00011650056716042351,0.004356799419731895,0.004356799419731895,0.0034095559921238057,0.0034095559921238057,0.0007811361646547376,0.0007811361646547376,0.0034095559921238057,0.0034095559921238057,0.005219810807085899,0.005219810807085899
2012-07-30,-0.01631942364338066,-0.01631942364338066,-0.012430322286189824,-0.012430322286189824,0.00956543347148673,0.00956543347148673,-0.003486886766367444,-0.003486886766367444,0.011938051647782416,0.011938051647782416,0.0034912465585787396,0.0034912465585787396,0.011710356689614829,0.011710356689614829,0.004109514765126603,0.004109514765126603,-0.00648288314966081,-0.00648288314966081,-0.0016472020154218087,-0.0016472020154218087,0.013448541150484272,0.013448541150484272,-0.0016472020154218087,-0.0016472020154218087,0.00027780991062611874,0.00027780991062611874
2012-07-31,-0.012735687971005586,-0.012735687971005586,-0.012271874296922915,-0.012271874296922915,-0.005439890393782971,-0.005439890393782971,-0.008322841634238538,-0.008322841634238538,0.00038646852106938214,0.00038646852106938214,-0.013181089748116418,-0.013181089748116418,0.004472978818020967,0.004472978818020967,-0.007579631208088366,-0.007579631208088366,-0.005107580244273487,-0.005107580244273487,-0.01034674446956,-0.01034674446956,0.0018952800366361694,0.0018952800366361694,-0.01034674446956,-0.01034674446956,-0.00679670821270136,-0.00679670821270136
2012-08-01,-0.012051147139431895,-0.012440030667067354,-0.016151159924161163,-0.016984493257494494,-0.024358724346435823,-0.02559111599372918,-0.014375005256760276,-0.015256024003716893,-0.012995282433371225,-0.014346138089667702,-0.020522712463882042,-0.022042282555278774,-0.011790398185366313,-0.013001110369943595,-0.008716715104382322,-0.009900047431879269,-0.02806969606507581,-0.029125261250635033,-0.00495081997562552,-0.005048928868641491,0.007063116267324032,0.006493229312308804,-0.00495081997562552,-0.005048928868641491,-0.01539953846819253,-0.01549121483277507
2012-08-02,0.0036360157539258716,0.0036360157539258716,0.0134491378765699,0.0134491378765699,0.016978980374400612,0.016978980374400612,0.009085806875152943,0.009085806875152943,0.001583478150438212,0.001583478150438212,0.013218791717803855,0.013218791717803855,0.008005132609060819,0.008005132609060819,0.013830964155872311,0.013830964155872311,0.015281896876081691,0.015281896876081691,0.017602211466081312,0.017602211466081312,0.013808913191718286,0.013808913191718286,0.017602211466081312,0.017602211466081312,0.011259044490745305,0.011259044490745305
2012-08-03,0.0011336854628142784,0.0011336854628142784,-0.0018214299332534462,-0.0018214299332534462,0.013488466676379436,0.013488466676379436,-0.0018433292220415042,-0.0018433292220415042,0.007785306881608781,0.007785306881608781,0.01570228280249114,0.01570228280249114,0.003038457202724406,0.003038457202724406,0.012127218318285778,0.012127218318285778,0.004440136647215074,0.004440136647215074,0.014977859449049755,0.014977859449049755,0.013738886078152369,0.013738886078152369,0.014977859449049755,0.014977859449049755,0.006918755962221324,0.006918755962221324
2012-08-06,0.023195216163283246,0.023195216163283246,0.028008879328195818,0.028008879328195818,0.022509318012989735,0.022509318012989735,0.02461102597943282,0.02461102597943282,0.026610063910113252,0.026610063910113252,0.03194598650898811,0.03194598650898811,0.03301763385759318,0.03301763385759318,0.028124374711088692,0.028124374711088692,0.02726889022648197,0.02726889022648197,0.017934281467672154,0.017934281467672154,-0.004447873351151637,-0.004447873351151637,0.017934281467672154,0.017934281467672154,0.02630786656882786,0.02630786656882786
2012-08-07,0.010762106516189418,0.010762106516189418,0.005310730217925396,0.005310730217925396,0.0016512152668623002,0.0016512152668623002,-0.0034523689141080336,-0.0034523689141080336,0.01477549141735385,0.01477549141735385,0.002806615084818786,0.002806615084818786,0.010924013500198514,0.010924013500198514,-0.0008382097272592471,-0.0008382097272592471,0.01399202024308712,0.01399202024308712,0.01024826027500689,0.01024826027500689,-0.00021001739300626778,-0.00021001739300626778,0.01024826027500689,0.01024826027500689,0.006602244357684303,0.006602244357684303
2012-08-08,0.0046687516621050015,0.0046687516621050015,0.0012463702169771152,0.0012463702169771152,0.007799802934127615,0.007799802934127615,0.002518729768949503,0.002518729768949503,0.01209226806066763,0.01209226806066763,0.0047235037688340715,0.0047235037688340715,-0.002787590797223836,-0.002787590797223836,0.005656001698126401,0.005656001698126401,-0.0025255989282500554,-0.0025255989282500554,0.015879002250301442,0.015879002250301442,0.011623234968173246,0.011623234968173246,0.015879002250301442,0.015879002250301442,0.00495087343948656,0.00495087343948656
2012-08-09,-0.0034795066164475166,-0.0034795066164475166,-0.011228715901564915,-0.011228715901564915,0.0068360026398750625,0.0068360026398750625,-0.004088899483155409,-0.004088899483155409,0.0004922924871569893,0.0004922924871569893,0.013889139562722957,0.013889139562722957,-0.0038117263030085996,-0.0038117263030085996,-0.00045188596197030806,-0.00045188596197030806,0.002970219544794304,0.002970219544794304,-0.009740918865576393,-0.009740918865576393,-0.0065829376517593345,-0.0065829376517593345,-0.009740918865576393,-0.009740918865576393,-0.0008608671616256781,-0.0008608671616256781
2012-08-10,0.0013364710648131504,0.0013364710648131504,0.0022088977643281273,0.0022088977643281273,0.01600833750991061,0.01600833750991061,0.0006144287253192268,0.0006144287253192268,0.0009661509453710196,0.0009661509453710196,0.014444408938315284,0.014444408938315284,0.015506364667707013,0.015506364667707013,0.007106855768377366,0.007106855768377366,-0.0021340628430465943,-0.0021340628430465943,-0.002077223996553205,-0.002077223996553205,-0.003457409016310654,-0.003457409016310654,-0.002077223996553205,-0.002077223996553205,0.005431078804919671,0.005431078804919671
2012-08-13,0.017478847257487093,0.017478847257487093,0.010169205146921457,0.010169205146921457,0.010521189378663037,0.010521189378663037,0.007609418274790141,0.007609418274790141,0.00810939226066549,0.00810939226066549,0.00038555960036129036,0.00038555960036129036,0.004778050339072703,0.004778050339072703,0.004828159185667235,0.004828159185667235,0.016524314072312425,0.016524314072312425,0.0010731712571179371,0.0010731712571179371,-0.016327232668238958,-0.016327232668238958,0.0010731712571179371,0.0010731712571179371,0.008081514359339974,0.008081514359339974
2012-08-14,0.024290098435322753,0.024290098435322753,0.017069256300062455,0.017069256300062455,0.021035839511950587,0.021035839511950587,0.010242914786174517,0.010242914786174517,0.002115001134039181,0.002115001134039181,0.01950614369542708,0.01950614369542708,0.012080486087133762,0.012080486087133762,0.02642477469361946,0.02642477469361946,0.01518238034931223,0.01518238034931223,0.02054501240474009,0.02054501240474009,-0.0035741434891589296,-0.0035741434891589296,0.02054501240474009,0.02054501240474009,0.016880799495915567,0.016880799495915567
2012-08-15,-0.007587318536887409,-0.007587318536887409,-0.00838867513304926,-0.00838867513304926,-0.008327069872190743,-0.008327069872190743,-0.012917313967469177,-0.012917313967469177,-0.004623296788214423,-0.004623296788214423,0.001781206534547079,0.001781206534547079,-0.006155740991820589,-0.006155740991820589,-0.01793389769275408,-0.01793389769275408,-0.0077864517496539784,-0.0077864517496539784,-0.01286991179501463,-0.01286991179501463,-0.005736540582987431,-0.005736540582987431,-0.01286991179501463,-0.01286991179501463,-0.008462800517729189,-0.008462800517729189
2012-08-16,-0.007466858561664708,-0.007466858561664708,-0.0048514755624371846,-0.0048514755624371846,-0.003969229486310961,-0.003969229486310961,-0.010175485434019324,-0.010175485434019324,-0.007170513142903564,-0.007170513142903564,-0.013055286705095523,-0.013055286705095523,-0.00256499835423966,-0.00256499835423966,-0.0017111751507142847,-0.0017111751507142847,-0.0035115380131269724,-0.0035115380131269724,-0.00136536232230322,-0.00136536232230322,0.0064508409438441255,0.0064508409438441255,-0.00136536232230322,-0.00136536232230322,-0.005584840431775964,-0.005584840431775964
2012-08-17,-0.010514764703618638,-0.010514764703618638,-0.008359558442021582,-0.008359558442021582,-0.009986380039996426,-0.009986380039996426,-0.010674791433394712,-0.010674791433394712,-0.01098599972626052,-0.01098599972626052,0.0013059424386597882,0.0013059424386597882,-0.010403615591693751,-0.010403615591693751,-0.008576202532408294,-0.008576202532408294,-0.017965120189848475,-0.017965120189848475,0.001129167401377524,0.001129167401377524,0.01216536834098756,0.01216536834098756,0.001129167401377524,0.001129167401377524,-0.00845382228368671,-0.00845382228368671
2012-08-20,0.008233060781459243,0.008233060781459243,0.008215264407446176,0.008215264407446176,0.016023225580050787,0.016023225580050787,0.018441346901687704,0.018441346901687704,0.01782285345852883,0.01782285345852883,0.003190721691298298,0.003190721691298298,0.018094867870141418,0.018094867870141418,0.013916779151219173,0.013916779151219173,0.009731718912212597,0.009731718912212597,-0.0040638333018829095,-0.0040638333018829095,-0.012640411352782864,-0.012640411352782864,-0.0040638333018829095,-0.0040638333018829095,0.010881786750252021,0.010881786750252021
2012-08-21,0.02311126079395595,0.02311126079395595,0.0255677861354702,0.0255677861354702,0.01672919851822069,0.01672919851822069,0.01175087895233554,0.01175087895233554,0.02027678473035656,0.02027678473035656,0.014529987592182277,0.014529987592182277,0.0037809630685473102,0.0037809630685473102,0.018153222368209723,0.018153222368209723,0.03281494747427078,0.03281494747427078,0.02022013332983784,0.02022013332983784,-0.002798553745301511,-0.002798553745301511,0.02022013332983784,0.02022013332983784,0.0186495876476572,0.0186495876476572
2012-08-22,0.0012860956702515102,0.0012860956702515102,-0.00648370982603674,-0.00648370982603674,-0.012986910218618582,-0.012986910218618582,0.0014716388548206105,0.0014716388548206105,-0.0164890033284475,-0.0164890033284475,-0.004920614252883395,-0.004920614252883395,-0.005254046974267573,-0.005254046974267573,-0.0017765120195912271,-0.0017765120195912271,-0.01123296778011074,-0.01123296778011074,-9.19558454904601e-05,-9.19558454904601e-05,-0.0014737856638982767,-0.0014737856638982767,-9.19558454904601e-05,-9.19558454904601e-05,-0.005686732886814526,-0.005686732886814526
2012-08-23,-0.002399503454866425,-0.002399503454866425,-0.001901333522428927,-0.001901333522428927,-0.00022513421401446597,-0.00022513421401446597,-0.004719113376141254,-0.004719113376141254,-0.0054930985740448655,-0.0054930985740448655,0.006073681338288172,0.006073681338288172,-0.004354973737438923,-0.004354973737438923,-0.0020276263743981005,-0.0020276263743981005,-0.001448090226492625,-0.001448090226492625,0.0056050020313251495,0.0056050020313251495,0.008615525456424078,0.008615525456424078,0.0056050020313251495,0.0056050020313251495,-0.0010382891135168445,-0.0010382891135168445
2012-08-24,-0.010233632910590608,-0.010233632910590608,0.0005348561319029593,0.0005348561319029593,-0.00445373807230634,-0.00445373807230634,0.001531067616671396,0.001531067616671396,0.011804153168410183,0.011804153168410183,-0.00962982565272276,-0.00962982565272276,0.01497319743455187,0.01497319743455187,-0.003815505324522713,-0.003815505324522713,0.009954189674786285,0.009954189674786285,-0.008351303794592022,-0.008351303794592022,0.0018719349469171805,0.0018719349469171805,-0.008351303794592022,-0.008351303794592022,0.00011548303804231907,0.00011548303804231907
2012-08-27,0.009869964011448261,0.009869964011448261,-0.004789796516590329,-0.004789796516590329,0.0031233546193773997,0.0031233546193773997,-0.004702312952367763,-0.004702312952367763,0.0032580205877296977,0.0032580205877296977,0.01283498535030512,0.01283498535030512,0.008148288184262078,0.008148288184262078,0.0037941125260808205,0.0037941125260808205,0.0048346303771661225,0.0048346303771661225,-0.012868574389234885,-0.012868574389234885,-0.02403040320702852,-0.02403040320702852,-0.012868574389234885,-0.012868574389234885,0.0024079431285550547,0.0024079431285550547
2012-08-28,0.006247790909743628,0.006247790909743628,0.01812307481730769,0.01812307481730769,0.017441409781414206,0.017441409781414206,0.012274409406991756,0.012274409406991756,0.007871931106597726,0.007871931106597726,-0.004365401141419459,-0.004365401141419459,0.008375502303685695,0.008375502303685695,0.009749421272068334,0.009749421272068334,0.012417677397051904,0.012417677397051904,0.005943993326779386,0.005943993326779386,-0.0003741722991700315,-0.0003741722991700315,0.005943993326779386,0.005943993326779386,0.009337123180317639,0.009337123180317639
2012-08-29,-0.009200379655590863,-0.009200379655590863,-0.020026199944466208,-0.020026199944466208,-0.01685821576420656,-0.01685821576420656,-0.018721152269783686,-0.018721152269783686,-0.022687255378756255,-0.022687255378756255,-0.020616811579252704,-0.020616811579252704,-0.026181744597400722,-0.026181744597400722,-0.02348980154646252,-0.02348980154646252,-0.012314016305610676,-0.012314016305610676,-0.0034430834656551863,-0.0034430834656551863,0.0063082403500776315,0.0063082403500776315,-0.0034430834656551863,-0.0034430834656551863,-0.017374579716003598,-0.017374579716003598
2012-08-30,-0.013352395772084562,-0.013352395772084562,-0.010476397400684501,-0.010476397400684501,-0.016601569656375482,-0.016601569656375482,-0.002613762371263563,-0.002613762371263563,-0.002426779075993602,-0.002426779075993602,-0.010457920241863105,-0.010457920241863105,-0.017516300099865646,-0.017516300099865646,-0.001072206397581965,-0.001072206397581965,-0.007243324245705902,-0.007243324245705902,-0.005863225782410474,-0.005863225782410474,0.008053869177526984,0.008053869177526984,-0.005863225782410474,-0.005863225782410474,-0.008812861543556597,-0.008812861543556597
2012-08-31,-0.012614576026259431,-0.012614576026259431,-0.008563556770603853,-0.008563556770603853,-0.00716309846387927,-0.00716309846387927,-0.004392297487909917,-0.004392297487909917,-0.004758035642738949,-0.004758035642738949,-0.00771555574577506,-0.00771555574577506,-0.0047572577347635096,-0.0047572577347635096,-0.0061781489841281345,-0.0061781489841281345,-0.006233084756934978,-0.006233084756934978,-0.012005998682205136,-0.012005998682205136,0.0005631482824911419,0.0005631482824911419,-0.012005998682205136,-0.012005998682205136,-0.007452900131954965,-0.007452900131954965
2012-09-03,-0.02837545285280485,-0.028788391515135913,-0.01188390043253762,-0.012912188352364209,-0.023904279874103707,-0.024938890797649823,-0.01813388206241484,-0.019148970514573403,-0.02406637689971025,-0.025071908824072123,-0.01876592925106535,-0.019837390056691016,-0.01974948628985629,-0.02128156084433448,-0.020107239907812047,-0.021501960430042127,-0.010100168950847976,-0.011310529261155527,-0.0197506420495438,-0.020299701693980255,0.008522718313891398,0.007532076031815674,-0.0197506420495438,-0.020299701693980255,-0.01948835154650097,-0.019577866696676827
2012-09-04,-0.008325766412966716,-0.008325766412966716,-0.012954448554455121,-0.012954448554455121,-0.017099338863633965,-0.017099338863633965,-0.0041955209194120685,-0.0041955209194120685,-0.011494130218693253,-0.011494130218693253,-0.0007819145495804015,-0.0007819145495804015,-0.009814934120827398,-0.009814934120827398,-0.007702424393558706,-0.007702424393558706,-0.008135296988580211,-0.008135296988580211,-0.006726070089236961,-0.006726070089236961,0.0014722162796036655,0.0014722162796036655,-0.006726070089236961,-0.006726070089236961,-0.008720783522402992,-0.008720783522402992
2012-09-05,-0.026004539886442204,-0.026004539886442204,-0.020724257232768557,-0.020724257232768557,-0.006291916823132427,-0.006291916823132427,-0.020756850773135167,-0.020756850773135167,0.0021795398467200225,0.0021795398467200225,0.001819130775300017,0.001819130775300017,-0.01417992358592087,-0.01417992358592087,-0.005804368572499423,-0.005804368572499423,-0.00033051771886554154,-0.00033051771886554154,-0.010914915324679177,-0.010914915324679177,0.014248406499382256,0.014248406499382256,-0.010914915324679177,-0.010914915324679177,-0.01008775067903268,-0.01008775067903268
2012-09-06,-0.003937570216197841,-0.003937570216197841,-0.011372255295351782,-0.011372255295351782,0.004397017883174714,0.004397017883174714,0.001232651681410098,0.001232651681410098,-0.012580960115891795,-0.012580960115891795,-0.018106418287022454,-0.018106418287022454,-0.009218018194552702,-0.009218018194552702,-0.006425984411637791,-0.006425984411637791,-0.007956347012229047,-0.007956347012229047,-0.0030655671591136597,-0.0030655671591136597,0.0007202436123798551,0.0007202436123798551,-0.0030655671591136597,-0.0030655671591136597,-0.006747230287007902,-0.006747230287007902
2012-09-07,0.012752862177744484,0.012752862177744484,0.014316268719003263,0.014316268719003263,0.015073911171281798,0.015073911171281798,0.003514113359617003,0.003514113359617003,0.007269417962804095,0.007269417962804095,0.0018457703801863607,0.0018457703801863607,0.021718162705301837,0.021718162705301837,0.01254932879719405,0.01254932879719405,0.010752525889977885,0.010752525889977885,0.009952342290822362,0.009952342290822362,-0.0022915265151929346,-0.0022915265151929346,0.009952342290822362,0.009952342290822362,0.010949638161182993,0.010949638161182993
2012-09-10,0.006705922308242931,0.006705922308242931,0.002001261634962992,0.002001261634962992,0.003053434660535872,0.003053434660535872,0.008521181713495432,0.008521181713495432,0.005402934539363566,0.005402934539363566,0.0034942535912412358,0.0034942535912412358,0.011443652937190515,0.011443652937190515,0.004805585676384849,0.004805585676384849,0.007506178298211196,0.007506178298211196,0.005164140776666937,0.005164140776666937,-0.0013024487213796323,-0.0013024487213796323,0.005164140776666937,0.005164140776666937,0.00581225882593283,0.00581225882593283
2012-09-11,-0.0065373943503290646,-0.0065373943503290646,0.001003316749083035,0.001003316749083035,-0.00788055719422732,-0.00788055719422732,0.00014718617482536306,0.00014718617482536306,-0.015022489684571618,-0.015022489684571618,-0.01227226706468448,-0.01227226706468448,-0.013567606614420358,-0.013567606614420358,-0.023280825739595164,-0.023280825739595164,-0.009420830347479172,-0.009420830347479172,-0.01102616186689081,-0.01102616186689081,-0.004428630721404013,-0.004428630721404013,-0.01102616186689081,-0.01102616186689081,-0.009813669326159994,-0.009813669326159994
2012-09-12,0.005999973685698797,0.005999973685698797,-0.009089767743920214,-0.009089767743920214,0.003883318397954798,0.003883318397954798,-0.00042077382726930703,-0.00042077382726930703,0.0021436636843343458,0.0021436636843343458,0.018863264432556384,0.018863264432556384,0.006419713049996209,0.006419713049996209,-0.006910960269949551,-0.006910960269949551,0.0038255454587765424,0.0038255454587765424,-0.0027742018686631553,-0.0027742018686631553,-0.00820626026305454,-0.00820626026305454,-0.0027742018686631553,-0.0027742018686631553,0.0021936158258531483,0.0021936158258531483
2012-09-13,0.01676025611272093,0.01676025611272093,0.015622077319231965,0.015622077319231965,0.004049509602152373,0.004049509602152373,0.010125420517830438,0.010125420517830438,0.009263435683761773,0.009263435683761773,0.007199628968704172,0.007199628968704172,0.01478433301033303,0.01478433301033303,0.017597213887396015,0.017597213887396015,0.015972749479913017,0.015972749479913017,0.024131882644069128,0.024131882644069128,0.007190527585843743,0.007190527585843743,0.024131882644069128,0.024131882644069128,0.013527826471222913,0.013527826471222913
2012-09-14,-0.007830311779868562,-0.007830311779868562,-0.007422599751571926,-0.007422599751571926,-0.015542080711740219,-0.015542080711740219,-0.012542509993455419,-0.012542509993455419,0.001300322610565783,0.001300322610565783,-0.014151743310735631,-0.014151743310735631,-0.015273108653207305,-0.015273108653207305,-0.024472753505410373,-0.024472753505410373,-0.01235231907218837,-0.01235231907218837,-0.017469569088035337,-0.017469569088035337,-0.009472195522885436,-0.009472195522885436,-0.017469569088035337,-0.017469569088035337,-0.012597673860449845,-0.012597673860449845
2012-09-17,-0.026552661829077236,-0.026552661829077236,-0.015370589263101649,-0.015370589263101649,-0.015850472815300207,-0.015850472815300207,-0.008701936803998863,-0.008701936803998863,-0.017934709843833663,-0.017934709843833663,-0.008936224078688337,-0.008936224078688337,-0.006275413138855796,-0.006275413138855796,-0.026983740309251332,-0.026983740309251332,-0.00999868202920843,-0.00999868202920843,-0.01603637577372942,-0.01603637577372942,0.009904262192225581,0.009904262192225581,-0.01603637577372942,-0.01603637577372942,-0.01520352239293522,-0.01520352239293522
2012-09-18,0.011973310630688246,0.011973310630688246,0.003234287981697013,0.003234287981697013,0.0010198351796795097,0.0010198351796795097,-0.004166826410361505,-0.004166826410361505,-0.0010310556634629603,-0.0010310556634629603,0.00730928820188847,0.00730928820188847,-0.001204242868502993,-0.001204242868502993,0.0024917425346654715,0.0024917425346654715,0.005010439428786895,0.005010439428786895,0.007650172996019441,0.007650172996019441,-0.0038402404801567043,-0.0038402404801567043,0.007650172996019441,0.007650172996019441,0.0032166685063584246,0.0032166685063584246
2012-09-19,-0.0010622768332473743,-0.0010622768332473743,0.002100800406934599,0.002100800406934599,-0.008790229787732192,-0.008790229787732192,-0.010371894202812999,-0.010371894202812999,-0.00880703630427954,-0.00880703630427954,-0.00447695364145808,-0.00447695364145808,0.004375178509062165,0.004375178509062165,0.0003284632514567124,0.0003284632514567124,0.002108892978711378,0.002108892978711378,0.0028501610181516576,0.0028501610181516576,0.003691227651451936,0.003691227651451936,0.0028501610181516576,0.0028501610181516576,-0.002156138811470117,-0.002156138811470117
2012-09-20,-0.001185992477643138,-0.001185992477643138,0.005334772579700914,0.005334772579700914,0.007962594481091143,0.007962594481091143,0.013597243154361626,0.013597243154361626,0.011866008677387425,0.011866008677387425,0.00514886539698792,0.00514886539698792,0.007991443504979334,0.007991443504979334,0.0052684999804522,0.0052684999804522,0.017478885857501895,0.017478885857501895,0.008888426223092119,0.008888426223092119,0.009513515768563014,0.009513515768563014,0.008888426223092119,0.008888426223092119,0.008274896782741438,0.008274896782741438
2012-09-21,0.0044877817747853615,0.0044877817747853615,-0.012284839080989384,-0.012284839080989384,-0.006170942267360736,-0.006170942267360736,-0.0034424374551964535,-0.0034424374551964535,-0.0068080836675022275,-0.0068080836675022275,0.013077460961602352,0.013077460961602352,-0.0006072910783133101,-0.0006072910783133101,0.0031787275592491007,0.0031787275592491007,-0.0027892397971877227,-0.0027892397971877227,0.004582344074967596,0.004582344074967596,0.00020812372160160372,0.00020812372160160372,0.004582344074967596,0.004582344074967596,-0.0006709962258463705,-0.0006709962258463705
2012-09-24,0.0023710582555504294,0.0023710582555504294,0.015437763515549482,0.015437763515549482,0.010403984454727917,0.010403984454727917,0.006752373993520047,0.006752373993520047,0.010639944736354002,0.010639944736354002,0.004171286715906135,0.004171286715906135,0.00034220236416401383,0.00034220236416401383,0.012987287272795911,0.012987287272795911,-0.0037855371790685953,-0.0037855371790685953,0.012496039689024624,0.012496039689024624,0.009680881346340906,0.009680881346340906,0.012496039689024624,0.012496039689024624,0.007081842507524365,0.007081842507524365
2012-09-25,-0.012195082275864529,-0.012195082275864529,-0.010549532877426843,-0.010549532877426843,-0.012070263864947146,-0.012070263864947146,-0.013138981131584779,-0.013138981131584779,-0.01597387888066036,-0.01597387888066036,-0.011215679351853448,-0.011215679351853448,0.0026099615220543447,0.0026099615220543447,-0.004467919522357731,-0.004467919522357731,-0.021594019273905116,-0.021594019273905116,0.0002555029069039147,0.0002555029069039147,0.01142094204564538,0.01142094204564538,0.0002555029069039147,0.0002555029069039147,-0.009835684336174428,-0.009835684336174428
2012-09-26,0.0011994576434532684,0.0011994576434532684,0.008950199204606097,0.008950199204606097,0.009770552281003573,0.009770552281003573,-0.006601153577213741,-0.006601153577213741,0.0014662689731788133,0.0014662689731788133,0.011180392971483884,0.011180392971483884,0.0005315348863277709,0.0005315348863277709,0.001135009287491526,0.001135009287491526,0.0011357801142938733,0.0011357801142938733,-0.007196762158241226,-0.007196762158241226,-0.007853276864441826,-0.007853276864441826,-0.007196762158241226,-0.007196762158241226,0.002129865415681352,0.002129865415681352
2012-09-27,0.0013258350956497234,0.0013258350956497234,-0.007337568970370212,-0.007337568970370212,-0.008828647480798901,-0.008828647480798901,-0.008614480705837932,-0.008614480705837932,-0.012898366997406844,-0.012898366997406844,0.010003873200994393,0.010003873200994393,0.00326362003901626,0.00326362003901626,0.00010968996649805395,0.00010968996649805395,-0.0028721160398860373,-0.0028721160398860373,-0.010813608144546202,-0.010813608144546202,-0.011391153464630857,-0.011391153464630857,-0.010813608144546202,-0.010813608144546202,-0.0036121334204000546,-0.0036121334204000546
2012-09-28,-0.011033168021413504,-0.011033168021413504,-0.014840742355320144,-0.014840742355320144,-0.012972239425356042,-0.012972239425356042,-0.015039452673130064,-0.015039452673130064,-0.0040831159034425335,-0.0040831159034425335,-0.006756982075491509,-0.006756982075491509,-0.012184519608443618,-0.012184519608443618,-0.016365558071324948,-0.016365558071324948,-0.006750998850750017,-0.006750998850750017,-0.01864506798092235,-0.01864506798092235,-0.007491313293602321,-0.007491313293602321,-0.01864506798092235,-0.01864506798092235,-0.011851530317300194,-0.011851530317300194
2012-10-01,-0.0180087260301679,-0.018232358103037933,-0.016623036009587477,-0.017839501462442304,-0.020140963021886504,-0.021344472247747256,-0.020954944221568073,-0.0221492652161844,-0.01212839980238467,-0.013480266905258392,-0.027905194503847985,-0.029593491884971394,-0.007585706035478812,-0.009119611964956972,-0.009681899778466119,-0.010890440880965071,-0.015454165936185094,-0.01650731985429467,-0.024057797442294415,-0.024827121271299504,-0.0060274574408800685,-0.007009716046676943,-0.024057797442294415,-0.024827121271299504,-0.017260700097472936,-0.01734610715736006
2012-10-02,0.004470374714656993,0.004470374714656993,0.003859339064822947,0.003859339064822947,0.006917887996523392,0.006917887996523392,0.008231045552297056,0.008231045552297056,0.008287435015643082,0.008287435015643082,0.0005177631665374102,0.0005177631665374102,0.004221153153109491,0.004221153153109491,0.0021062847765706055,0.0021062847765706055,0.015373244395105673,0.015373244395105673,0.008598268556223664,0.008598268556223664,0.0040254815471735,0.0040254815471735,0.008598268556223664,0.008598268556223664,0.006260263397790957,0.006260263397790957
2012-10-03,-0.012400195639278272,-0.012400195639278272,-0.008127061453212901,-0.008127061453212901,0.0020173305104560883,0.0020173305104560883,0.004391360983432726,0.004391360983432726,-0.002354014432899823,-0.002354014432899823,-0.00021827395835242623,-0.00021827395835242623,-0.003442082647902304,-0.003442082647902304,-0.012393737351680156,-0.012393737351680156,0.009345753593693388,0.009345753593693388,-0.016609890991390514,-0.016609890991390514,-0.004128247121475777,-0.004128247121475777,-0.016609890991390514,-0.016609890991390514,-0.003964535828160323,-0.003964535828160323
2012-10-04,-0.014014430679678074,-0.014014430679678074,-0.013082541793989313,-0.013082541793989313,-0.01566995514154982,-0.01566995514154982,-0.009346358999560893,-0.009346358999560893,-0.014628956214328973,-0.014628956214328973,-0.018674269950649542,-0.018674269950649542,-0.019352266331681477,-0.019352266331681477,-0.014594839749439967,-0.014594839749439967,-0.0034103564819787952,-0.0034103564819787952,-0.003765118922329317,-0.003765118922329317,0.010062662357029298,0.010062662357029298,-0.003765118922329317,-0.003765118922329317,-0.012642697105711139,-0.012642697105711139
2012-10-05,-0.00301579398236642,-0.00301579398236642,0.0074971175170513585,0.0074971175170513585,0.009488407228265446,0.009488407228265446,-0.004930904052106645,-0.004930904052106645,0.004364344114744026,0.004364344114744026,-0.00267459838436017,-0.00267459838436017,0.002929023423492616,0.002929023423492616,-0.009028132251174608,-0.009028132251174608,0.0003654975867947545,0.0003654975867947545,0.00011985718324966773,0.00011985718324966773,0.002998942860725607,0.002998942860725607,0.00011985718324966773,0.00011985718324966773,0.0005218705746472254,0.0005218705746472254
2012-10-08,0.009852878405759288,0.009852878405759288,0.014122368692698912,0.014122368692698912,0.010156041607631153,0.010156041607631153,0.02885964820991717,0.02885964820991717,0.02186254734231466,0.02186254734231466,0.026254019932027934,0.026254019932027934,0.019666365527741824,0.019666365527741824,0.016424794167748606,0.016424794167748606,0.011318732368682978,0.011318732368682978,0.014558648830272383,0.014558648830272383,0.004575307354001799,0.004575307354001799,0.014558648830272383,0.014558648830272383,0.01728871560564686,0.01728871560564686
2012-10-09,-0.02851516702070904,-0.02851516702070904,-0.027319538694198214,-0.027319538694198214,-0.029491510929342622,-0.029491510929342622,-0.025452217976525623,-0.025452217976525623,-0.020024677726888023,-0.020024677726888023,-0.015438017836728067,-0.015438017836728067,-0.025074135023596407,-0.025074135023596407,-0.02595320193897526,-0.02595320193897526,-0.017228935476017223,-0.017228935476017223,-0.009581973919510788,-0.009581973919510788,0.017980041753776623,0.017980041753776623,-0.009581973919510788,-0.009581973919510788,-0.02239937205539472,-0.02239937205539472
2012-10-10,-0.01165541073414869,-0.01165541073414869,-0.02970801039374147,-0.02970801039374147,-0.024004258222447474,-0.024004258222447474,-0.020241995347034625,-0.020241995347034625,-0.020981663102361825,-0.020981663102361825,-0.022073011944759913,-0.022073011944759913,-0.024550337546586573,-0.024550337546586573,-0.025419114726695773,-0.025419114726695773,-0.01779239123131162,-0.01779239123131162,-0.022646213469558935,-0.022646213469558935,-0.010679207963218772,-0.010679207963218772,-0.022646213469558935,-0.022646213469558935,-0.02190531344884822,-0.02190531344884822
2012-10-11,-0.002767413483739675,-0.002767413483739675,-0.0011822993174017277,-0.0011822993174017277,-0.00576997987392526,-0.00576997987392526,-0.022255199533110004,-0.022255199533110004,-0.0058584117795095186,-0.0058584117795095186,0.006671244340761858,0.006671244340761858,-0.013076094904039229,-0.013076094904039229,0.003185500764379296,0.003185500764379296,-0.010997164191177735,-0.010997164191177735,-0.009180219928103188,-0.009180219928103188,-0.006011985795719411,-0.006011985795719411,-0.009180219928103188,-0.009180219928103188,-0.006212700611042186,-0.006212700611042186
2012-10-12,0.020921707199333638,0.020921707199333638,0.02616589418448452,0.02616589418448452,0.011078881516436292,0.011078881516436292,0.01940312966227158,0.01940312966227158,0.01950365229542421,0.01950365229542421,0.00427438249999041,0.00427438249999041,0.017260085090297618,0.017260085090297618,0.011132630637520196,0.011132630637520196,0.018612380915960736,0.018612380915960736,0.02260517267538949,0.02260517267538949,0.001823358908788852,0.001823358908788852,0.02260517267538949,0.02260517267538949,0.017092348058595625,0.017092348058595625
2012-10-15,-0.006475669356063091,-0.006475669356063091,-0.003263325965397406,-0.003263325965397406,0.001827638224788579,0.001827638224788579,0.006832961618119719,0.006832961618119719,0.006036715514533749,0.006036715514533749,-0.0008900098733950752,-0.0008900098733950752,0.01030202204597536,0.01030202204597536,-0.008774077410506346,-0.008774077410506346,-0.002844739154857306,-0.002844739154857306,-0.005940125304871298,-0.005940125304871298,0.00041327719793960794,0.00041327719793960794,-0.005940125304871298,-0.005940125304871298,-0.000295923685146506,-0.000295923685146506
2012-10-16,0.011866776047971483,0.011866776047971483,0.014540277745296093,0.014540277745296093,0.01664342809125321,0.01664342809125321,0.012098574388718971,0.012098574388718971,0.00030191275233474105,0.00030191275233474105,0.010386602218521866,0.010386602218521866,0.003923230932269869,0.003923230932269869,0.0023511228608908362,0.0023511228608908362,0.028217297215068264,0.028217297215068264,0.003345658359193993,0.003345658359193993,-0.007832064350959426,-0.007832064350959426,0.003345658359193993,0.003345658359193993,0.010407130381760245,0.010407130381760245
2012-10-17,-0.010847326423098661,-0.010847326423098661,-0.006859144605167714,-0.006859144605167714,-0.01194395916541324,-0.01194395916541324,-0.003946634528514433,-0.003946634528514433,-0.009719151316432632,-0.009719151316432632,-0.0009075123013662593,-0.0009075123013662593,-0.013792590309462081,-0.013792590309462081,-0.0035224730099579138,-0.0035224730099579138,-0.004311913760647563,-0.004311913760647563,-0.007312817494208498,-0.007312817494208498,0.0032827711108451285,0.0032827711108451285,-0.007312817494208498,-0.007312817494208498,-0.007312882274885204,-0.007312882274885204
2012-10-18,-0.004060653535654117,-0.004060653535654117,-0.021217484648781433,-0.021217484648781433,-0.012523797263029646,-0.012523797263029646,-0.006481822401366441,-0.006481822401366441,-0.00946242772742971,-0.00946242772742971,-0.00753378623676196,-0.00753378623676196,-0.004590669102880368,-0.004590669102880368,-0.017077783433491665,-0.017077783433491665,-0.004194897799287041,-0.004194897799287041,-0.003091252362669554,-0.003091252362669554,0.0008698088164763428,0.0008698088164763428,-0.003091252362669554,-0.003091252362669554,-0.008981705602173729,-0.008981705602173729
2012-10-19,0.013796306298149588,0.013796306298149588,0.00855477419433389,0.00855477419433389,0.004300383363218506,0.004300383363218506,0.004024943204045924,0.004024943204045924,2.48785762867156e-05,2.48785762867156e-05,0.003267493056580734,0.003267493056580734,-0.0018083357862645828,-0.0018083357862645828,0.011430194679337882,0.011430194679337882,-0.0009134837567124866,-0.0009134837567124866,0.009220374301229368,0.009220374301229368,-0.004132111097108148,-0.004132111097108148,0.009220374301229368,0.009220374301229368,0.005102062354578324,0.005102062354578324
2012-10-22,0.0013465913146762905,0.0013465913146762905,0.001041407977896698,0.001041407977896698,-0.005085030674342751,-0.005085030674342751,0.0022762098005150843,0.0022762098005150843,0.0070027007371794465,0.0070027007371794465,-0.0033134571227555042,-0.0033134571227555042,0.006779414568106789,0.006779414568106789,-0.005495187051601345,-0.005495187051601345,-0.009590191649333382,-0.009590191649333382,0.022536395070085685,0.022536395070085685,0.020121486294114102,0.020121486294114102,0.022536395070085685,0.022536395070085685,0.0017300112608287057,0.0017300112608287057
2012-10-23,0.0027232341522142158,0.0027232341522142158,2.647064021888898e-05,2.647064021888898e-05,0.004974236364428587,0.004974236364428587,0.0029755511426579452,0.0029755511426579452,0.005166175100209249,0.005166175100209249,-0.005816745263880671,-0.005816745263880671,-0.000490494169114764,-0.000490494169114764,-0.004088645430997517,-0.004088645430997517,-0.0025939991533128317,-0.0025939991533128317,0.013802073250416205,0.013802073250416205,0.01061270881025695,0.01061270881025695,0.013802073250416205,0.013802073250416205,0.0017083176871164557,0.0017083176871164557
2012-10-24,-0.003583018749708394,-0.003583018749708394,-0.008751422407008876,-0.008751422407008876,-0.007197908214597321,-0.007197908214597321,-1.8893021419180743e-05,-1.8893021419180743e-05,0.010373425154583688,0.010373425154583688,-0.00028632008625825234,-0.00028632008625825234,0.002889215274101976,0.002889215274101976,-0.005692565827606206,-0.005692565827606206,0.004809483348523311,0.004809483348523311,0.0034015111427081715,0.0034015111427081715,0.006533942757601817,0.006533942757601817,0.0034015111427081715,0.0034015111427081715,-0.0003060639059867175,-0.0003060639059867175
2012-10-25,0.0076660930917038465,0.0076660930917038465,0.008951733393379971,0.008951733393379971,0.0007521789471784082,0.0007521789471784082,0.016406279502260777,0.016406279502260777,0.010845838394310175,0.010845838394310175,0.005845363969789382,0.005845363969789382,0.00011596206197759791,0.00011596206197759791,0.014548710418993017,0.014548710418993017,-0.00956780214694223,-0.00956780214694223,0.006142994688293688,0.006142994688293688,-0.0011187586988551104,-0.0011187586988551104,0.006142994688293688,0.006142994688293688,0.006100339765654658,0.006100339765654658
2012-10-26,0.0023563792300129124,0.0023563792300129124,0.01780024728374513,0.01780024728374513,0.004578172062201935,0.004578172062201935,-0.0005515353604603188,-0.0005515353604603188,0.0002764221501949174,0.0002764221501949174,0.0004041036840867849,0.0004041036840867849,0.007307319524995712,0.007307319524995712,-0.0010433096482705424,-0.0010433096482705424,0.015679155001634054,0.015679155001634054,-0.00018767671906317653,-0.00018767671906317653,-0.0023390376173869276,-0.0023390376173869276,-0.00018767671906317653,-0.00018767671906317653,0.004649036135534487,0.004649036135534487
2012-10-29,0.007575470665329751,0.007575470665329751,-0.0026826541444057803,-0.0026826541444057803,0.005826998570077747,0.005826998570077747,0.008604563015915931,0.008604563015915931,0.0015117075766750317,0.0015117075766750317,0.014030314929306793,0.014030314929306793,-0.00592323745339996,-0.00592323745339996,0.006308146562543198,0.006308146562543198,0.0026790588492931074,0.0026790588492931074,0.0035057713948951994,0.0035057713948951994,-0.003607232575790745,-0.003607232575790745,0.0035057713948951994,0.0035057713948951994,0.0041117619315193575,0.0041117619315193575
2012-10-30,0.016268805207786504,0.016268805207786504,0.009006223263739628,0.009006223263739628,0.020484059980444863,0.020484059980444863,0.016764926893094848,0.016764926893094848,0.02424007031548453,0.02424007031548453,0.007189799677850018,0.007189799677850018,0.007501227987252879,0.007501227987252879,0.02455715574817527,0.02455715574817527,0.014441698185060095,0.014441698185060095,0.004965091528429893,0.004965091528429893,-0.010343063081016967,-0.010343063081016967,0.004965091528429893,0.004965091528429893,0.014501317518355187,0.014501317518355187
2012-10-31,-0.009490859477468631,-0.009490859477468631,-0.01784196850213275,-0.01784196850213275,-0.009820165891535178,-0.009820165891535178,-0.010947979662746136,-0.010947979662746136,-0.017229658882189997,-0.017229658882189997,-0.006206288209373973,-0.006206288209373973,-0.01139199480873292,-0.01139199480873292,-0.02412370010006748,-0.02412370010006748,-0.014753632972095098,-0.014753632972095098,-0.020366931840750512,-0.020366931840750512,-0.010931560789775268,-0.010931560789775268,-0.020366931840750512,-0.020366931840750512,-0.01422004202618013,-0.01422004202618013
2012-11-01,-0.03111708888712683,-0.03136889684139775,-0.029367595403362978,-0.030265859619897754,-0.028477133836554702,-0.029327166368645595,-0.022358868615473315,-0.02337760287391254,-0.01818764402310291,-0.019387750848605573,-0.03427598955887423,-0.035153327361866264,-0.019598472586674798,-0.0211154099488148,-0.01157905224262934,-0.012935223484381878,-0.022320998244316326,-0.023393616608377715,-0.021697193965368844,-0.02228502380555513,0.009424573395116598,0.008587875279691976,-0.021697193965368844,-0.02228502380555513,-0.023893602441264372,-0.023982478416542993
2012-11-02,0.013915355218599903,0.013915355218599903,0.007618385034284845,0.007618385034284845,0.015525421121469476,0.015525421121469476,0.014721945269042993,0.014721945269042993,0.007478143037508286,0.007478143037508286,0.01721317856803018,0.01721317856803018,0.015258088845509015,0.015258088845509015,0.015095645645218578,0.015095645645218578,0.01865245930861812,0.01865245930861812,0.01098059746675118,0.01098059746675118,-0.0027302054104788986,-0.0027302054104788986,0.01098059746675118,0.01098059746675118,0.013643787752219892,0.013643787752219892
2012-11-05,0.0027951591345923114,0.0027951591345923114,0.01124649982761057,0.01124649982761057,0.015334411076192002,0.015334411076192002,0.0021456769168784304,0.0021456769168784304,0.011398316330144907,0.011398316330144907,0.012732069527450571,0.012732069527450571,0.01075100652276557,0.01075100652276557,0.0072642615262062645,0.0072642615262062645,0.01176051194158327,0.01176051194158327,0.002773987393396091,0.002773987393396091,-5.5090519041779e-06,-5.5090519041779e-06,0.002773987393396091,0.002773987393396091,0.00881723480125395,0.00881723480125395
2012-11-06,-0.005191571591053377,-0.005191571591053377,-0.018192878901097408,-0.018192878901097408,-0.007638342535345282,-0.007638342535345282,-0.00617016123732912,-0.00617016123732912,-0.008049486684335087,-0.008049486684335087,-0.006762485027663974,-0.006762485027663974,-0.0160915235141602,-0.0160915235141602,-0.009376700976988192,-0.009376700976988192,-0.025401964068980147,-0.025401964068980147,-0.013768105977826156,-0.013768105977826156,-0.00847769712975099,-0.00847769712975099,-0.013768105977826156,-0.013768105977826156,-0.011679527040557705,-0.011679527040557705
2012-11-07,-0.015265585851201073,-0.015265585851201073,-0.012068027157639136,-0.012068027157639136,-0.02149210899252164,-0.02149210899252164,-0.019190324879177767,-0.019190324879177767,-0.02197635797091866,-0.02197635797091866,-0.013787689286712389,-0.013787689286712389,-0.015134888829679283,-0.015134888829679283,-0.020380719790051415,-0.020380719790051415,-0.02285687564944489,-0.02285687564944489,-0.00880039090898283,-0.00880039090898283,0.006381701184259275,0.006381701184259275,-0.00880039090898283,-0.00880039090898283,-0.017118899443778667,-0.017118899443778667
2012-11-08,0.003123560819561093,0.003123560819561093,-0.004857212063009324,-0.004857212063009324,0.0017263330028885198,0.0017263330028885198,0.0026743330880998023,0.0026743330880998023,0.006071023455710744,0.006071023455710744,0.00337057221140963,0.00337057221140963,-0.009709355693105498,-0.009709355693105498,-0.00020993060366194627,-0.00020993060366194627,-0.007421266447669414,-0.007421266447669414,-0.006922645246383336,-0.006922645246383336,-0.009685503160729806,-0.009685503160729806,-0.006922645246383336,-0.006922645246383336,-0.001206055147411501,-0.001206055147411501
2012-11-09,0.01447282847106659,0.01447282847106659,0.011253914475411493,0.011253914475411493,0.0005896933670015347,0.0005896933670015347,0.02417324697285275,0.02417324697285275,0.012785428274161102,0.012785428274161102,-0.0010350869976671704,-0.0010350869976671704,0.01883850755001639,0.01883850755001639,0.009518017180221463,0.009518017180221463,0.02767091514076181,0.02767091514076181,-0.0006052310557122242,-0.0006052310557122242,-0.014685862007103955,-0.014685862007103955,-0.0006052310557122242,-0.0006052310557122242,0.011727275529841617,0.011727275529841617
2012-11-12,0.020080139359961474,0.020080139359961474,0.023043184673628724,0.023043184673628724,0.014085902725397994,0.014085902725397994,0.020686298893085917,0.020686298893085917,0.018630983266167283,0.018630983266167283,0.013292855516201196,0.013292855516201196,0.0071484417242744375,0.0071484417242744375,0.018531552628562632,0.018531552628562632,0.022656799718992104,0.022656799718992104,0.011895110451015867,0.011895110451015867,-0.008465089356406259,-0.008465089356406259,0.011895110451015867,0.011895110451015867,0.017013446905556867,0.017013446905556867
2012-11-13,-0.01124743325138958,-0.01124743325138958,-0.005464357459819642,-0.005464357459819642,-0.008326276483258196,-0.008326276483258196,0.008861450800539091,0.008861450800539091,0.0011360519371395646,0.0011360519371395646,0.0063181633408913255,0.0063181633408913255,-0.0063552310330870845,-0.0063552310330870845,0.01207915190845903,0.01207915190845903,-0.00028236696661291085,-0.00028236696661291085,-0.0033746526711643044,-0.0033746526711643044,0.008226093186234915,0.008226093186234915,-0.0033746526711643044,-0.0033746526711643044,-0.000622109628352411,-0.000622109628352411
2012-11-14,0.001103998505690729,0.001103998505690729,-0.009340425463461567,-0.009340425463461567,0.0026775064709528276,0.0026775064709528276,-0.0033203072802323393,-0.0033203072802323393,-0.00783152057240259,-0.00783152057240259,0.0030469002712526904,0.0030469002712526904,0.0022312055406029934,0.0022312055406029934,-0.012925188286931023,-0.012925188286931023,-0.009629790207666383,-0.009629790207666383,0.003765163753370329,0.003765163753370329,0.002611301614157085,0.002611301614157085,0.003765163753370329,0.003765163753370329,-0.0030816074908669826,-0.0030816074908669826
2012-11-15,-0.003322762402869516,-0.003322762402869516,0.011134884546341173,0.011134884546341173,-0.00900412459508984,-0.00900412459508984,-0.01726424138979784,-0.01726424138979784,-0.004805536830371097,-0.004805536830371097,-0.020168038084664337,-0.020168038084664337,-0.014355340193014068,-0.014355340193014068,0.0009847396281297354,0.0009847396281297354,0.004498238984989338,0.004498238984989338,-0.014242624830906922,-0.014242624830906922,-0.010762789436237354,-0.010762789436237354,-0.014242624830906922,-0.014242624830906922,-0.006696923816648623,-0.006696923816648623
2012-11-16,0.0012085852360113431,0.0012085852360113431,0.003630011559866841,0.003630011559866841,0.01356235137881956,0.01356235137881956,0.0007477553869935216,0.0007477553869935216,0.0003257252063966604,0.0003257252063966604,0.0011636505917548756,0.0011636505917548756,-0.0018937965329677182,-0.0018937965329677182,-0.0033611945052914208,-0.0033611945052914208,-0.0007001694114006319,-0.0007001694114006319,-0.002597695296342981,-0.002597695296342981,-0.003796815352047167,-0.003796815352047167,-0.002597695296342981,-0.002597695296342981,0.0011960729805488943,0.0011960729805488943
2012-11-19,0.0062256984146699355,0.0062256984146699355,0.0015611600475181082,0.0015611600475181082,-0.0014851907018182569,-0.0014851907018182569,-0.011260257636619253,-0.011260257636619253,0.0015109737200978439,0.0015109737200978439,0.0013886409205300081,0.0013886409205300081,0.00114367555121538,0.00114367555121538,-0.002846466458721513,-0.002846466458721513,0.00012093967317889157,0.00012093967317889157,0.0010023511672519574,0.0010023511672519574,-0.005378795099780828,-0.005378795099780828,0.0010023511672519574,0.0010023511672519574,-0.0002918134253367512,-0.0002918134253367512
2012-11-20,-0.00402954703762033,-0.00402954703762033,-0.003560676382398084,-0.003560676382398084,-0.006678332202206351,-0.006678332202206351,-0.019342095833597715,-0.019342095833597715,-0.011461095468109998,-0.011461095468109998,0.002131875731063989,0.002131875731063989,-0.018149872534189627,-0.018149872534189627,-0.011882673760885858,-0.011882673760885858,-0.0021814800703505344,-0.0021814800703505344,0.0001849502372946322,0.0001849502372946322,0.004355320943422269,0.004355320943422269,0.0001849502372946322,0.0001849502372946322,-0.007518074569852774,-0.007518074569852774
2012-11-21,0.031179325663115192,0.031179325663115192,0.02423336932405863,0.02423336932405863,0.02389680882219172,0.02389680882219172,0.011066638724036987,0.011066638724036987,0.016322158590273944,0.016322158590273944,0.0172410472578806,0.0172410472578806,0.026701637650109522,0.026701637650109522,0.015029616164227124,0.015029616164227124,0.023474828789420588,0.023474828789420588,0.013152399681965316,0.013152399681965316,-0.01896756067903851,-0.01896756067903851,0.013152399681965316,0.013152399681965316,0.020245614748084603,0.020245614748084603
2012-11-22,0.01926776949722015,0.01926776949722015,0.030223053417598636,0.030223053417598636,0.02409080671142476,0.02409080671142476,0.031905217109778304,0.031905217109778304,0.02982737529367221,0.02982737529367221,0.01042906888923653,0.01042906888923653,0.01644832727459868,0.01644832727459868,0.013691662516693655,0.013691662516693655,0.028668650432633162,0.028668650432633162,0.010261641995583461,0.010261641995583461,-0.010283844437273504,-0.010283844437273504,0.010261641995583461,0.010261641995583461,0.02152221869025793,0.02152221869025793
2012-11-23,0.01263093602453256,0.01263093602453256,0.017298572490108508,0.017298572490108508,0.008126059867389616,0.008126059867389616,0.004303166821665475,0.004303166821665475,0.010716188767909089,0.010716188767909089,0.006424948691201746,0.006424948691201746,0.011303474638125682,0.011303474638125682,0.00792732106575306,0.00792732106575306,0.013150464731734975,0.013150464731734975,0.006420417597338095,0.006420417597338095,-0.007325896216059292,-0.007325896216059292,0.006420417597338095,0.006420417597338095,0.009874067994409742,0.009874067994409742
2012-11-26,-0.009345886360434427,-0.009345886360434427,-0.009720352294783905,-0.009720352294783905,-0.017207191918510154,-0.017207191918510154,-0.013280427241060074,-0.013280427241060074,-0.006329572250916989,-0.006329572250916989,-0.011679969870999935,-0.011679969870999935,-0.004322867929732655,-0.004322867929732655,-0.0028381037114380034,-0.0028381037114380034,-0.021973298051828596,-0.021973298051828596,-0.011030771717304178,-0.011030771717304178,-0.001093339011855191,-0.001093339011855191,-0.011030771717304178,-0.011030771717304178,-0.010808641555055426,-0.010808641555055426
2012-11-27,0.0014179105230102901,0.0014179105230102901,0.011635745291878153,0.011635745291878153,0.01027238640648096,0.01027238640648096,-0.006385758662332169,-0.006385758662332169,-0.00044210812273062284,-0.00044210812273062284,0.013428785529128955,0.013428785529128955,-0.0003575476294544848,-0.0003575476294544848,0.017553791654884437,0.017553791654884437,0.015462789334935324,0.015462789334935324,0.009615810819562776,0.009615810819562776,0.008492782704308189,0.008492782704308189,0.009615810819562776,0.009615810819562776,0.007232075460933138,0.007232075460933138
2012-11-28,0.008283775188580825,0.008283775188580825,0.01253982041863623,0.01253982041863623,0.005568784966662809,0.005568784966662809,-0.008977988922775298,-0.008977988922775298,-0.006687063309718965,-0.006687063309718965,0.0038921978701608583,0.0038921978701608583,0.024285914297275193,0.024285914297275193,-0.0006562833884205519,-0.0006562833884205519,0.004053735442531944,0.004053735442531944,0.006398380464297812,0.006398380464297812,-0.002527874663893763,-0.002527874663893763,0.006398380464297812,0.006398380464297812,0.0048657747743527414,0.0048657747743527414
2012-11-29,-0.0021579950069754365,-0.0021579950069754365,0.004717344004072505,0.004717344004072505,0.002638932920048421,0.002638932920048421,0.007553153196447339,0.007553153196447339,0.005620769063025074,0.005620769063025074,0.011361356465495305,0.011361356465495305,0.007561293958845247,0.007561293958845247,0.009956711780481972,0.009956711780481972,0.006319757400762207,0.006319757400762207,-0.003749719560762208,-0.003749719560762208,-0.0015379275247127573,-0.0015379275247127573,-0.003749719560762208,-0.003749719560762208,0.004988142073072977,0.004988142073072977
2012-11-30,0.02196566113149631,0.02196566113149631,0.0001901528720637609,0.0001901528720637609,0.010881138620877136,0.010881138620877136,0.006422350877398121,0.006422350877398121,0.00460865557910768,0.00460865557910768,-0.0025105866902354135,-0.0025105866902354135,0.016194746745112447,0.016194746745112447,-0.00047486874064165026,-0.00047486874064165026,0.0004909838692618541,0.0004909838692618541,0.016989352398793775,0.016989352398793775,-0.006809379521887022,-0.006809379521887022,0.016989352398793775,0.016989352398793775,0.007401408031910285,0.007401408031910285
2012-12-03,0.019167290207784404,0.018751497002157353,0.011628080613877545,0.010758100464582808,0.00919788972106339,0.00817159154089584,0.0057445504069788544,0.0045626861889073635,0.00858338524588853,0.007412077047105441,0.01801160289045689,0.01651160289045689,0.004877469654660738,0.0038010500270584317,0.0072794757047207614,0.006558013571113119,0.0023683733159642895,0.0013482400628133339,0.0180054237138354,0.01743454833669558,-0.0010633705589275788,-0.00217840337815585,0.0180054237138354,0.01743454833669558,0.010485765276683434,0.010404377209520511
2012-12-04,0.006542741850336396,0.006542741850336396,0.01828594485947512,0.01828594485947512,0.012206942653860797,0.012206942653860797,0.004418074572475831,0.004418074572475831,-0.0010099533919579549,-0.0010099533919579549,0.014362501291202444,0.014362501291202444,0.010245727233349454,0.010245727233349454,0.010183683520009326,0.010183683520009326,-0.0011679582355751685,-0.0011679582355751685,0.010236432065976367,0.010236432065976367,0.003754356194065382,0.003754356194065382,0.010236432065976367,0.010236432065976367,0.008445940032153466,0.008445940032153466
2012-12-05,0.007498638622965757,0.007498638622965757,0.001861728623399456,0.001861728623399456,0.011215302344818366,0.011215302344818366,-0.000885627218015311,-0.000885627218015311,0.015931994916359216,0.015931994916359216,0.01126072901805495,0.01126072901805495,0.007590240860640609,0.007590240860640609,-0.000789990995011368,-0.000789990995011368,0.01483990698948965,0.01483990698948965,0.018797631386658277,0.018797631386658277,0.0116115259546859,0.0116115259546859,0.018797631386658277,0.018797631386658277,0.008724726921931191,0.008724726921931191
2012-12-06,0.00916475879403948,0.00916475879403948,0.02015871675256424,0.02015871675256424,0.011373185211144991,0.011373185211144991,0.0035289206428010776,0.0035289206428010776,-0.0019524824847745941,-0.0019524824847745941,-0.0030904604481322125,-0.0030904604481322125,0.01247611277405566,0.01247611277405566,0.006743101339684065,0.006743101339684065,-0.005153534927679964,-0.005153534927679964,0.0069647531629395305,0.0069647531629395305,-0.0021528203964435253,-0.0021528203964435253,0.0069647531629395305,0.0069647531629395305,0.0060376585345410985,0.0060376585345410985
2012-12-07,-0.01695592031560464,-0.01695592031560464,-0.01661643729830742,-0.01661643729830742,-0.0017315221648077164,-0.0017315221648077164,-0.017035529101192208,-0.017035529101192208,-0.011626962214443141,-0.011626962214443141,-0.02103610004795111,-0.02103610004795111,-0.011867597379378855,-0.011867597379378855,-0.008210579810058976,-0.008210579810058976,-0.019941136130072326,-0.019941136130072326,-0.02259140698931471,-0.02259140698931471,-0.00606759137021665,-0.00606759137021665,-0.02259140698931471,-0.02259140698931471,-0.01476487629198752,-0.01476487629198752
2012-12-10,-0.0014182943419329725,-0.0014182943419329725,0.002493395505450552,0.002493395505450552,-0.007937397876793479,-0.007937397876793479,0.0009133712132576551,0.0009133712132576551,0.004061770693142102,0.004061770693142102,0.002045580564331167,0.002045580564331167,-8.063128821910945e-05,-8.063128821910945e-05,0.008708820277993924,0.008708820277993924,0.014628236087948075,0.014628236087948075,-0.0018541357398165663,-0.0018541357398165663,-0.00045432883470595837,-0.00045432883470595837,-0.0018541357398165663,-0.0018541357398165663,0.002088909459006442,0.002088909459006442
2012-12-11,-0.005015487034416633,-0.005015487034416633,-0.0032386614041870505,-0.0032386614041870505,-0.006680058552212015,-0.006680058552212015,-0.0007418403035886219,-0.0007418403035886219,-0.01309987847708077,-0.01309987847708077,-0.013524285771639204,-0.013524285771639204,-0.004675612833506106,-0.004675612833506106,-0.007420371552299615,-0.007420371552299615,-0.0053704377418420345,-0.0053704377418420345,-0.008801269374951265,-0.008801269374951265,-0.0039015029107719364,-0.0039015029107719364,-0.008801269374951265,-0.008801269374951265,-0.006863813134789196,-0.006863813134789196
2012-12-12,-0.02087386319037904,-0.02087386319037904,-0.009042414534613227,-0.009042414534613227,-0.007641834202848251,-0.007641834202848251,-0.01629661607369152,-0.01629661607369152,-0.001232400234469723,-0.001232400234469723,-0.01655631833073606,-0.01655631833073606,-0.02831639741566519,-0.02831639741566519,-0.014053389514155887,-0.014053389514155887,-0.019562564608136563,-0.019562564608136563,-0.006633425105213968,-0.006633425105213968,0.014501154619559229,0.014501154619559229,-0.006633425105213968,-0.006633425105213968,-0.014009364369147681,-0.014009364369147681
2012-12-13,0.014637222365317504,0.014637222365317504,0.029535203227120867,0.029535203227120867,0.011273224501051858,0.011273224501051858,0.01647283513057161,0.01647283513057161,0.008185004623031539,0.008185004623031539,0.01718738020923797,0.01718738020923797,0.007583818970166347,0.007583818970166347,0.019010047763989797,0.019010047763989797,0.014493334911871922,0.014493334911871922,-0.0003203740843454976,-0.0003203740843454976,-0.014710095489827343,-0.014710095489827343,-0.0003203740843454976,-0.0003203740843454976,0.013821157110280322,0.013821157110280322
2012-12-14,0.02201817745861788,0.02201817745861788,0.027503920311844385,0.027503920311844385,0.012448698415161127,0.012448698415161127,0.022523962655760253,0.022523962655760253,0.01643683293672243,0.01643683293672243,0.01869326974144133,0.01869326974144133,0.017815930303330757,0.017815930303330757,0.0204752847446224,0.0204752847446224,0.016971948695600463,0.016971948695600463,0.017266466055189267,0.017266466055189267,-0.004805275962925034,-0.004805275962925034,0.017266466055189267,0.017266466055189267,0.019242474502594697,0.019242474502594697
2012-12-17,0.01932793413915019,0.01932793413915019,0.014028734659000107,0.014028734659000107,0.016210843221859454,0.016210843221859454,0.015233590319735035,0.015233590319735035,0.02954459330358395,0.02954459330358395,0.009762184462771183,0.009762184462771183,0.015530141688046036,0.015530141688046036,0.017620933793679676,0.017620933793679676,0.016701545202948035,0.016701545202948035,0.010241922185407051,0.010241922185407051,-0.009492964480398866,-0.009492964480398866,0.010241922185407051,0.010241922185407051,0.016407728241380426,0.016407728241380426
2012-12-18,0.006494073354445551,0.006494073354445551,0.013341215319774214,0.013341215319774214,-0.0018643990065721405,-0.0018643990065721405,0.002132416375566978,0.002132416375566978,0.006728089577910778,0.006728089577910778,0.00199352247012489,0.00199352247012489,0.003295164175166812,0.003295164175166812,0.0042976014801781644,0.0042976014801781644,0.016954768301963588,0.016954768301963588,0.0026985409212062733,0.0026985409212062733,-0.004099203789272308,-0.004099203789272308,0.0026985409212062733,0.0026985409212062733,0.005627487649529326,0.005627487649529326
2012-12-19,0.01706877126092092,0.01706877126092092,0.020979313118907272,0.020979313118907272,0.01895603640410415,0.01895603640410415,0.0077730716318486735,0.0077730716318486735,0.024519243053355018,0.024519243053355018,0.019188651544935917,0.019188651544935917,0.00019356613481050916,0.00019356613481050916,0.009302541193712446,0.009302541193712446,0.0076517937275577316,0.0076517937275577316,0.02975503976306765,0.02975503976306765,0.013173170715527729,0.013173170715527729,0.02975503976306765,0.02975503976306765,0.015602209139431633,0.015602209139431633
2012-12-20,0.00869624596244318,0.00869624596244318,-0.0046632947275651255,-0.0046632947275651255,-0.008091424611379256,-0.008091424611379256,-0.0004515176421860771,-0.0004515176421860771,-0.0005524261909208667,-0.0005524261909208667,0.0045148888120547116,0.0045148888120547116,-0.00645230128380166,-0.00645230128380166,-0.007134568433123094,-0.007134568433123094,0.010075107955656724,0.010075107955656724,0.0003717979578360406,0.0003717979578360406,-0.009038017023985184,-0.009038017023985184,0.0003717979578360406,0.0003717979578360406,-0.00040096689752953745,-0.00040096689752953745
2012-12-21,0.0035522670579892284,0.0035522670579892284,-0.0034340785990188815,-0.0034340785990188815,0.0010622378493613605,0.0010622378493613605,0.005494791916019906,0.005494791916019906,-0.00039527559757210947,-0.00039527559757210947,-0.003921880621266536,-0.003921880621266536,0.006696704483318409,0.006696704483318409,0.005366569560412574,0.005366569560412574,0.002822946561203938,0.002822946561203938,0.008993487136156155,0.008993487136156155,0.005884032095527972,0.005884032095527972,0.008993487136156155,0.008993487136156155,0.0025689014812138606,0.0025689014812138606
2012-12-24,-0.029836175077081598,-0.029836175077081598,-0.00799436892669048,-0.00799436892669048,-0.014473504894035417,-0.014473504894035417,-0.011749917546402389,-0.011749917546402389,-0.010124105857392773,-0.010124105857392773,-0.028357491377078194,-0.028357491377078194,-0.010547879731461565,-0.010547879731461565,-0.008220871541263414,-0.008220871541263414,-0.02048874141196495,-0.02048874141196495,-0.025294374879586565,-0.025294374879586565,0.005216834293598432,0.005216834293598432,-0.025294374879586565,-0.025294374879586565,-0.016702280845620147,-0.016702280845620147
2012-12-25,0.014533072517419494,0.014533072517419494,0.003919005292014297,0.003919005292014297,0.0007535098543337542,0.0007535098543337542,0.005710280166657,0.005710280166657,-0.005448941516713257,-0.005448941516713257,0.013732298630727677,0.013732298630727677,-0.005935212907162409,-0.005935212907162409,-0.0007404749907247422,-0.0007404749907247422,0.008451544923085122,0.008451544923085122,-0.003179743814096675,-0.003179743814096675,-0.018835193291519586,-0.018835193291519586,-0.003179743814096675,-0.003179743814096675,0.0031582301281545848,0.0031582301281545848
2012-12-26,-0.020613876479176098,-0.020613876479176098,-0.010689823157586367,-0.010689823157586367,-0.003305185049578876,-0.003305185049578876,0.004531990412065716,0.004531990412065716,0.006374529288074297,0.006374529288074297,-0.000301615580697586,-0.000301615580697586,0.0012335643924920384,0.0012335643924920384,0.0015885212027805622,0.0015885212027805622,0.004950006498647866,0.004950006498647866,-0.003220486934386856,-0.003220486934386856,0.01920638193668616,0.01920638193668616,-0.003220486934386856,-0.003220486934386856,-0.0020460241220343327,-0.0020460241220343327
2012-12-27,-0.006623470428844048,-0.006623470428844048,-0.015269653289673456,-0.015269653289673456,-0.02424312755553555,-0.02424312755553555,-0.02357453325001349,-0.02357453325001349,-0.014891738098800487,-0.014891738098800487,-0.01363545992330438,-0.01363545992330438,-0.0031829319313966885,-0.0031829319313966885,-0.012757609698952375,-0.012757609698952375,-0.02215744165462074,-0.02215744165462074,-0.01871630613282841,-0.01871630613282841,-0.012726189670706291,-0.012726189670706291,-0.01871630613282841,-0.01871630613282841,-0.01553882806910682,-0.01553882806910682
2012-12-28,-0.002380817633557624,-0.002380817633557624,0.0014015005631251931,0.0014015005631251931,0.005353435137190382,0.005353435137190382,0.00594317183669096,0.00594317183669096,0.0026316686240129383,0.0026316686240129383,-0.008607917071636759,-0.008607917071636759,-0.0017161714927674304,-0.0017161714927674304,0.0010800558642750004,0.0010800558642750004,0.005128158070361807,0.005128158070361807,-0.001971415615310697,-0.001971415615310697,0.000466995538264247,0.000466995538264247,-0.001971415615310697,-0.001971415615310697,0.0006944944593234674,0.0006944944593234674
2012-12-31,-0.00016565209941388085,-0.00016565209941388085,-0.00556388700333111,-0.00556388700333111,-0.0038412222208999893,-0.0038412222208999893,0.006162092315448363,0.006162092315448363,0.005608869449721376,0.005608869449721376,-0.008633276390213617,-0.008633276390213617,-0.009047499998133689,-0.009047499998133689,-0.002037824565025549,-0.002037824565025549,-0.007230999365397803,-0.007230999365397803,5.831570755239317e-05,5.831570755239317e-05,0.00023664092722222281,0.00023664092722222281,5.831570755239317e-05,5.831570755239317e-05,-0.0024478903467446715,-0.0024478903467446715
2013-01-01,0.021387098794612314,0.020912810117146595,0.018277856841846463,0.01722043844144723,0.005940111629042288,0.004890745610421402,0.018395534597938523,0.017518005208844736,0.02172958193898289,0.020678458423936272,0.016249077447273663,0.01489541465429582,0.026443172345129717,0.025098180107040506,0.017243968061908088,0.01655430765720539,0.011407192572352676,0.01034740851090496,0.011658995986388643,0.010910610699362529,-0.00971168474287376,-0.010951022164611164,0.011658995986388643,0.010910610699362529,0.016869519609887806,0.01678068714621922
2013-01-02,0.008634046375386064,0.008634046375386064,0.00048208666992510633,0.00048208666992510633,0.02356920232092801,0.02356920232092801,0.009201590041470677,0.009201590041470677,0.012504324169854485,0.012504324169854485,0.009090894570805808,0.009090894570805808,0.00538577781468276,0.00538577781468276,0.007993869689827808,0.007993869689827808,0.01206920328583417,0.01206920328583417,0.02399649936083556,0.02399649936083556,0.015600343318195124,0.015600343318195124,0.02399649936083556,0.02399649936083556,0.011261018985520573,0.011261018985520573
2013-01-03,0.012215393043304741,0.012215393043304741,-0.007276067462705743,-0.007276067462705743,0.003282800716236259,0.003282800716236259,-0.0057218364932163715,-0.0057218364932163715,-0.0022811012479013724,-0.0022811012479013724,-0.009207073144001269,-0.009207073144001269,0.004011642401714793,0.004011642401714793,-8.037440371816678e-05,-8.037440371816678e-05,-0.003575344419687234,-0.003575344419687234,-0.0028280250547320362,-0.0028280250547320362,-0.015432596799524993,-0.015432596799524993,-0.0028280250547320362,-0.0028280250547320362,-0.0011329938231180523,-0.0011329938231180523
2013-01-04,0.013279200626625397,0.013279200626625397,-0.0003680279682473978,-0.0003680279682473978,0.00918605833586271,0.00918605833586271,0.016965282342732736,0.016965282342732736,0.007133660221193736,0.007133660221193736,0.004718716959409138,0.004718716959409138,0.003823779127240261,0.003823779127240261,0.01379008987349277,0.01379008987349277,-0.0031379913149708664,-0.0031379913149708664,-0.00410976812683012,-0.00410976812683012,-0.018279363582278003,-0.018279363582278003,-0.00410976812683012,-0.00410976812683012,0.006141552891792577,0.006141552891792577
2013-01-07,-0.004368298008237537,-0.004368298008237537,0.007796898367572679,0.007796898367572679,-0.00030336265341737636,-0.00030336265341737636,0.006734731464561287,0.006734731464561287,-0.013015092007674296,-0.013015092007674296,0.008844696971352924,0.008844696971352924,0.009130826244486374,0.009130826244486374,0.0019271931993957033,0.0019271931993957033,0.010325732340482351,0.010325732340482351,0.005861168156342415,0.005861168156342415,0.010952761801938935,0.010952761801938935,0.005861168156342415,0.005861168156342415,0.0032413451473149953,0.0032413451473149953
2013-01-08,0.0013556127937097637,0.0013556127937097637,-0.0042479374122413585,-0.0042479374122413585,0.002600958914705854,0.002600958914705854,0.005136258266872466,0.005136258266872466,-0.002045342481317401,-0.002045342481317401,0.0029834333528696647,0.0029834333528696647,0.002268975899948073,0.002268975899948073,0.004646983572443792,0.004646983572443792,-0.004982632806432563,-0.004982632806432563,0.01669942766192016,0.01669942766192016,0.0161289705041329,0.0161289705041329,0.01669942766192016,0.01669942766192016,0.0024608447284869784,0.0024608447284869784
2013-01-09,-0.0011280275186886296,-0.0011280275186886296,-0.012944590022332624,-0.012944590022332624,-0.012277639935388206,-0.012277639935388206,-0.017389891936730885,-0.017389891936730885,-0.018979565402857952,-0.018979565402857952,-0.012653034951358173,-0.012653034951358173,-0.004567010462076882,-0.004567010462076882,-0.0029584765503012193,-0.0029584765503012193,-0.005454540483827146,-0.005454540483827146,-0.01349321487650661,-0.01349321487650661,-0.013022813830621725,-0.013022813830621725,-0.01349321487650661,-0.01349321487650661,-0.010157256578350512,-0.010157256578350512
2013-01-10,-0.00892215562662554,-0.00892215562662554,-0.004164074037469026,-0.004164074037469026,0.005001357598108118,0.005001357598108118,0.007517842107998678,0.007517842107998678,-0.004719917620763553,-0.004719917620763553,-0.003070482852421264,-0.003070482852421264,-0.014030967817821295,-0.014030967817821295,-0.0017390119818560513,-0.0017390119818560513,-0.00046582800640315725,-0.00046582800640315725,-0.010530411807677185,-0.010530411807677185,-0.0015560392233027612,-0.0015560392233027612,-0.010530411807677185,-0.010530411807677185,-0.003542446709542953,-0.003542446709542953
2013-01-11,-0.012070245022641521,-0.012070245022641521,-0.015822674254264764,-0.015822674254264764,-0.008534520633107263,-0.008534520633107263,-0.002820196368883268,-0.002820196368883268,-0.006076592461257087,-0.006076592461257087,-0.014537004367829072,-0.014537004367829072,-0.007300248375020937,-0.007300248375020937,0.005632813509478385,0.005632813509478385,-0.0021817044724425534,-0.0021817044724425534,-0.0053956408598937015,-0.0053956408598937015,0.007169173690401879,0.007169173690401879,-0.0053956408598937015,-0.0053956408598937015,-0.006872878244439507,-0.006872878244439507
2013-01-14,-0.01987532849630965,-0.01987532849630965,-0.004525219956774639,-0.004525219956774639,-0.011587611350627084,-0.011587611350627084,-0.007917560407122418,-0.007917560407122418,-0.013526060582638813,-0.013526060582638813,-0.015331021968835963,-0.015331021968835963,-0.022504437164631325,-0.022504437164631325,-0.01407027202145875,-0.01407027202145875,-0.007316745974115793,-0.007316745974115793,-0.019893844677906003,-0.019893844677906003,0.00017426133747343482,0.00017426133747343482,-0.019893844677906003,-0.019893844677906003,-0.01369150785332976,-0.01369150785332976
2013-01-15,0.009131991003448515,0.009131991003448515,0.01257792412464745,0.01257792412464745,-0.005417177571030954,-0.005417177571030954,0.0031415332358198872,0.0031415332358198872,0.0020349743190474397,0.0020349743190474397,-0.0029214587983438234,-0.0029214587983438234,0.01750700672972777,0.01750700672972777,0.012887205871471644,0.012887205871471644,0.0057984993245257955,0.0057984993245257955,0.0007449848445442214,0.0007449848445442214,-0.008555784430314739,-0.008555784430314739,0.0007449848445442214,0.0007449848445442214,0.005559578603655671,0.005559578603655671
2013-01-16,0.004372149398456652,0.004372149398456652,-0.0037888571612563165,-0.0037888571612563165,-0.003726720722658136,-0.003726720722658136,0.0038975943769244377,0.0038975943769244377,0.006771131525526653,0.006771131525526653,-0.0031552307075266043,-0.0031552307075266043,-0.0009914195251502344,-0.0009914195251502344,0.0014941162430130057,0.0014941162430130057,0.0012592155835444534,0.0012592155835444534,-0.0032291385337815336,-0.0032291385337815336,-0.007827053116187388,-0.007827053116187388,-0.0032291385337815336,-0.0032291385337815336,0.000305293006803264,0.000305293006803264
2013-01-17,-0.00498260180592539,-0.00498260180592539,-0.021560798858217708,-0.021560798858217708,-0.013015161692407611,-0.013015161692407611,0.0021225717519914866,0.0021225717519914866,-0.012278965299231169,-0.012278965299231169,-0.019762042472027883,-0.019762042472027883,-0.007956414946968554,-0.007956414946968554,-0.00757929366679628,-0.00757929366679628,-0.015789474126516146,-0.015789474126516146,-0.013420576443224176,-0.013420576443224176,-0.008508776786562887,-0.008508776786562887,-0.013420576443224176,-0.013420576443224176,-0.011312628863318297,-0.011312628863318297
2013-01-18,0.00944530444745349,0.00944530444745349,-5.7463349312428594e-05,-5.7463349312428594e-05,-0.0032535694889068373,-0.0032535694889068373,-0.008268954346956018,-0.008268954346956018,0.0014154115906212725,0.0014154115906212725,0.004337042926900681,0.004337042926900681,0.005138783470448045,0.005138783470448045,-0.00984969873566979,-0.00984969873566979,-0.006944395563327134,-0.006944395563327134,-0.01479366895871018,-0.01479366895871018,-0.025027363673437025,-0.025027363673437025,-0.01479366895871018,-0.01479366895871018,-0.0023266881138618535,-0.0023266881138618535
2013-01-21,0.016864521578125347,0.016864521578125347,0.008032853399656578,0.008032853399656578,0.012006478737093394,0.012006478737093394,0.024165412854416396,0.024165412854416396,0.014309427606064205,0.014309427606064205,0.011751230498459405,0.011751230498459405,0.01171948447824963,0.01171948447824963,0.011919618955545845,0.011919618955545845,0.005670319490382705,0.005670319490382705,0.006098036881275473,0.006098036881275473,-0.012124655160714636,-0.012124655160714636,0.006098036881275473,0.006098036881275473,0.012334950544802865,0.012334950544802865
2013-01-22,0.002762088104479648,0.002762088104479648,0.009466538676170994,0.009466538676170994,0.0027138980644409076,0.0027138980644409076,0.006495502895870048,0.006495502895870048,0.003306753511905467,0.003306753511905467,0.013005977173840059,0.013005977173840059,0.010586298980787577,0.010586298980787577,0.001825937024002096,0.001825937024002096,0.012755216815920142,0.012755216815920142,0.01880018498827061,0.01880018498827061,0.016610115203989122,0.016610115203989122,0.01880018498827061,0.01880018498827061,0.00807994784540306,0.00807994784540306
2013-01-23,0.011673224377869997,0.011673224377869997,0.010894379685567054,0.010894379685567054,0.011307750365047275,0.011307750365047275,0.0008243878529080176,0.0008243878529080176,0.00365609631161377,0.00365609631161377,0.011016223410533744,0.011016223410533744,0.0024282285507280102,0.0024282285507280102,0.00626554344959448,0.00626554344959448,0.009246145945041851,0.009246145945041851,0.001859030979634844,0.001859030979634844,-0.010979744861849917,-0.010979744861849917,0.001859030979634844,0.001859030979634844,0.006881690341587345,0.006881690341587345
2013-01-24,0.009472899230003128,0.009472899230003128,0.003265254967445546,0.003265254967445546,0.0072297645500558,0.0072297645500558,0.008377417429160908,0.008377417429160908,0.001082433476792214,0.001082433476792214,-0.003220617274445494,-0.003220617274445494,0.010233136228134166,0.010233136228134166,-0.008500320958467132,-0.008500320958467132,0.006156119410826687,0.006156119410826687,0.0007647732461203567,0.0007647732461203567,-0.00992171803429634,-0.00992171803429634,0.0007647732461203567,0.0007647732461203567,0.0035313812757758346,0.0035313812757758346
2013-01-25,-0.009090227991989788,-0.009090227991989788,-0.006803647384782282,-0.006803647384782282,-0.010670994333256776,-0.010670994333256776,-0.011973500762173319,-0.011973500762173319,-0.021022683721048586,-0.021022683721048586,-0.004665811482500542,-0.004665811482500542,-0.0025951321385826636,-0.0025951321385826636,-0.007005205865111136,-0.007005205865111136,-0.0121228582933237,-0.0121228582933237,-0.012754066528361536,-0.012754066528361536,-0.0032184747665809765,-0.0032184747665809765,-0.012754066528361536,-0.012754066528361536,-0.00983802866768027,-0.00983802866768027
2013-01-28,0.003142961682562356,0.003142961682562356,-0.012815422571145178,-0.012815422571145178,-0.008504246679715532,-0.008504246679715532,-0.012907535427643974,-0.012907535427643974,-0.009566716067775736,-0.009566716067775736,-0.015620590693738992,-0.015620590693738992,-0.011661007678375735,-0.011661007678375735,-0.012219087564570017,-0.012219087564570017,-0.014415059347959037,-0.014415059347959037,-0.020321329868034116,-0.020321329868034116,-0.025265318845354864,-0.025265318845354864,-0.020321329868034116,-0.020321329868034116,-0.01139809945212875,-0.01139809945212875
2013-01-29,0.006836840292146453,0.006836840292146453,0.012474826768987932,0.012474826768987932,-0.005869950894834089,-0.005869950894834089,0.004629901023048301,0.004629901023048301,-0.001197337178237648,-0.001197337178237648,0.005015127897599924,0.005015127897599924,0.014268885998670737,0.014268885998670737,0.009236433962506905,0.009236433962506905,0.004182692290221226,0.004182692290221226,0.018815001909324062,0.018815001909324062,0.012069068699369242,0.012069068699369242,0.018815001909324062,0.018815001909324062,0.006831513372791741,0.006831513372791741
2013-01-30,0.004618894313781607,0.004618894313781607,0.005606065601712822,0.005606065601712822,0.004288396850966414,0.004288396850966414,-0.00241973730132322,-0.00241973730132322,-0.004504392524971046,-0.004504392524971046,0.008692965856549275,0.008692965856549275,0.0056819137869931705,0.0056819137869931705,0.005250852515871172,0.005250852515871172,0.004176385096881228,0.004176385096881228,-0.0008002307455175874,-0.0008002307455175874,-0.006294949284868367,-0.006294949284868367,-0.0008002307455175874,-0.0008002307455175874,0.0030828256289467445,0.0030828256289467445
2013-01-31,0.008685272964192248,0.008685272964192248,0.013980850887835971,0.013980850887835971,0.015393734083535095,0.015393734083535095,0.01962481756109698,0.01962481756109698,0.013785848806334204,0.013785848806334204,0.00627645829122336,0.00627645829122336,0.015346700355588015,0.015346700355588015,0.016064670525903626,0.016064670525903626,0.012772399053595068,0.012772399053595068,-0.007268876934120862,-0.007268876934120862,-0.018207146397474984,-0.018207146397474984,-0.007268876934120862,-0.007268876934120862,0.01155255771202135,0.01155255771202135
2013-02-01,0.0139442058045669,0.01351553644527244,-7.940124471217391e-05,-0.00115885764401171,0.0013120285920646957,0.00012283863498441304,0.005163116577098004,0.0041166419589740546,0.010699831436008944,0.00903124886147425,0.015305955973584195,0.013951872882096733,0.01769682798820038,0.016980150743390512,-0.00371325405791767,-0.004581036939766822,0.013819826444689598,0.012803648153815367,0.0192837647045776,0.018698637207751192,0.004982732225779163,0.003806548683196796,0.0192837647045776,0.018698637207751192,0.009344620416786187,0.009260270710844782
2013-02-04,0.00393091633705818,0.00393091633705818,0.0059891727944694755,0.0059891727944694755,0.006952785166354572,0.006952785166354572,-0.0011395656373515547,-0.0011395656373515547,-0.003422803650685661,-0.003422803650685661,-0.003738687795963004,-0.003738687795963004,-0.01932877143300463,-0.01932877143300463,0.0031387073155667647,0.0031387073155667647,0.0062935292774257585,0.0062935292774257585,-0.002999381294663506,-0.002999381294663506,-0.006987543358739076,-0.006987543358739076,-0.002999381294663506,-0.002999381294663506,-0.0004650761378021515,-0.0004650761378021515
2013-02-05,-0.005256479367884476,-0.005256479367884476,-0.009242862724444963,-0.009242862724444963,-0.020438182165560558,-0.020438182165560558,-0.02299959596264395,-0.02299959596264395,-0.016650335695637113,-0.016650335695637113,-0.01295632042352253,-0.01295632042352253,-0.011834619460808195,-0.011834619460808195,-0.011115455774166916,-0.011115455774166916,-0.004856365741688421,-0.004856365741688421,-0.011700137562960386,-0.011700137562960386,-0.006548478133317594,-0.006548478133317594,-0.011700137562960386,-0.011700137562960386,-0.012689344499998144,-0.012689344499998144
2013-02-06,-0.008107715445658387,-0.008107715445658387,-0.012223487719585749,-0.012223487719585749,-0.00936994194042471,-0.00936994194042471,-0.004839633530149457,-0.004839633530149457,-0.007661212262325084,-0.007661212262325084,0.004421985595352484,0.004421985595352484,4.575416868161106e-05,4.575416868161106e-05,-0.003989659665698796,-0.003989659665698796,0.003254977011279106,0.003254977011279106,-0.004077001574443786,-0.004077001574443786,0.004128663681604423,0.004128663681604423,-0.004077001574443786,-0.004077001574443786,-0.004242739332108393,-0.004242739332108393
2013-02-07,0.003001807684829195,0.003001807684829195,0.010979141548397115,0.010979141548397115,0.012411316734919114,0.012411316734919114,0.002423746397539852,0.002423746397539852,-0.005145333469426207,-0.005145333469426207,0.015678855258789155,0.015678855258789155,-0.002667864985794349,-0.002667864985794349,-0.004668676830940272,-0.004668676830940272,0.002883433074521289,0.002883433074521289,-0.001989238618954098,-0.001989238618954098,-0.005012172447398285,-0.005012172447398285,-0.001989238618954098,-0.001989238618954098,0.0032979748645693857,0.0032979748645693857
2013-02-08,0.006198714719086695,0.006198714719086695,0.009149066557366813,0.009149066557366813,-0.00042045107516181695,-0.00042045107516181695,-0.004192487005412623,-0.004192487005412623,0.011223110703575755,0.011223110703575755,-0.0026124931699554516,-0.0026124931699554516,-0.011225585809235477,-0.011225585809235477,0.015001454429089536,0.015001454429089536,1.335572483261889e-05,1.335572483261889e-05,-0.011263176269674775,-0.011263176269674775,-0.01760968034718089,-0.01760968034718089,-0.011263176269674775,-0.011263176269674775,0.0011609040246314544,0.0011609040246314544
2013-02-11,0.0026579977172907186,0.0026579977172907186,0.000749723043268969,0.000749723043268969,0.0046242659806914,0.0046242659806914,0.0006356311205418452,0.0006356311205418452,-0.004831942975274631,-0.004831942975274631,0.004772571059035999,0.004772571059035999,-0.006552235322504452,-0.006552235322504452,-0.005417928199951303,-0.005417928199951303,-0.004733885181130318,-0.004733885181130318,-0.012468117854088119,-0.012468117854088119,-0.01538003791400127,-0.01538003791400127,-0.012468117854088119,-0.012468117854088119,-0.0020269262913118645,-0.0020269262913118645
2013-02-12,0.00661332607161551,0.00661332607161551,0.014089985630911007,0.014089985630911007,0.008271046186980258,0.008271046186980258,0.007692074767754216,0.007692074767754216,0.006132530866435242,0.006132530866435242,-0.0074868643436803335,-0.0074868643436803335,0.0004818244016914345,0.0004818244016914345,-0.003051287715733992,-0.003051287715733992,0.011078753354434749,0.011078753354434749,0.007326019838470142,0.007326019838470142,0.00044848395954707066,0.00044848395954707066,0.007326019838470142,0.007326019838470142,0.005115497773954399,0.005115497773954399
2013-02-13,0.003831477122577311,0.003831477122577311,-0.0025587012158128967,-0.0025587012158128967,-0.006376980024274732,-0.006376980024274732,-0.0029466441791317663,-0.0029466441791317663,0.005036920121869376,0.005036920121869376,-0.006680241763039942,-0.006680241763039942,-0.012337755455790094,-0.012337755455790094,-0.0016799504429724655,-0.0016799504429724655,-0.0017755783687015874,-0.0017755783687015874,-6.032925050853126e-05,-6.032925050853126e-05,-0.00413605412187788,-0.00413605412187788,-6.032925050853126e-05,-6.032925050853126e-05,-0.0025254046693796942,-0.0025254046693796942
2013-02-14,0.0009391586785443494,0.0009391586785443494,-0.008590951632794821,-0.008590951632794821,0.0015641467945288982,0.0015641467945288982,-0.008043056413251698,-0.008043056413251698,0.000983072001339212,0.000983072001339212,-0.012361018593528603,-0.012361018593528603,0.008833493809751337,0.008833493809751337,0.002550869803769282,0.002550869803769282,-0.004922914946741786,-0.004922914946741786,0.001124932315488854,0.001124932315488854,0.00014799723264609247,0.00014799723264609247,0.001124932315488854,0.001124932315488854,-0.0018607145198839482,-0.0018607145198839482
2013-02-15,0.012876756302283762,0.012876756302283762,0.005551639670912916,0.005551639670912916,0.006951399227431015,0.006951399227431015,0.006000941939054816,0.006000941939054816,0.0016445973478459784,0.0016445973478459784,0.0007817993718410843,0.0007817993718410843,-0.011688475341463823,-0.011688475341463823,0.004554772191139124,0.004554772191139124,0.002874154557037111,0.002874154557037111,0.007407275862753764,0.007407275862753764,-0.006202956775740574,-0.006202956775740574,0.007407275862753764,0.007407275862753764,0.0037650636286343546,0.0037650636286343546
2013-02-18,-0.00490389310628129,-0.00490389310628129,0.000999986375324765,0.000999986375324765,-1.9162830090614386e-05,-1.9162830090614386e-05,0.004635752137029228,0.004635752137029228,-0.0016042835368766904,-0.0016042835368766904,0.0018594026358205117,0.0018594026358205117,-0.002364017748983616,-0.002364017748983616,0.0010857683225392444,0.0010857683225392444,0.008096975443973534,0.008096975443973534,-0.010897292462618384,-0.010897292462618384,-0.005988118269911018,-0.005988118269911018,-0.010897292462618384,-0.010897292462618384,-0.0003005541459199922,-0.0003005541459199922
2013-02-19,0.0028718722131145496,0.0028718722131145496,0.0001283928955594098,0.0001283928955594098,0.010121956173664834,0.010121956173664834,0.0035181603411272144,0.0035181603411272144,-0.00019571089549391425,-0.00019571089549391425,0.006869832715893698,0.006869832715893698,-0.0001587755648645899,-0.0001587755648645899,-0.0040263690495133606,-0.0040263690495133606,0.003040007238272428,0.003040007238272428,0.0035334726985578498,0.0035334726985578498,0.0005186360886687827,0.0005186360886687827,0.0035334726985578498,0.0035334726985578498,0.0025880537088699756,0.0025880537088699756
2013-02-20,0.004494847036378773,0.004494847036378773,0.010182171183213214,0.010182171183213214,0.00925689932052531,0.00925689932052531,0.004876203543857095,0.004876203543857095,0.010128876538136147,0.010128876538136147,0.0024162248046941336,0.0024162248046941336,-0.0037648037489792585,-0.0037648037489792585,0.008953516949975433,0.008953516949975433,-0.002775780718282003,-0.002775780718282003,0.011126814759399863,0.011126814759399863,0.006634982568762068,0.006634982568762068,0.011126814759399863,0.011126814759399863,0.005500815192408034,0.005500815192408034
2013-02-21,-0.01126502311046494,-0.01126502311046494,-0.009290408320737662,-0.009290408320737662,-0.0050224757938348635,-0.0050224757938348635,-0.008476709474286828,-0.008476709474286828,-0.012184506033889361,-0.012184506033889361,-0.0065909128952168095,-0.0065909128952168095,-0.01852025005741428,-0.01852025005741428,-0.010973995914761732,-0.010973995914761732,-0.021220699942732874,-0.021220699942732874,-0.006916918373974762,-0.006916918373974762,0.005110518476129978,0.005110518476129978,-0.006916918373974762,-0.006916918373974762,-0.011023065208067343,-0.011023065208067343
2013-02-22,-0.004279783227845885,-0.004279783227845885,0.0021039760919724488,0.0021039760919724488,-0.00762100004291338,-0.00762100004291338,0.0013152978181303141,0.0013152978181303141,-0.0026073405683574424,-0.0026073405683574424,0.0013361402450056178,0.0013361402450056178,-0.006362621082558687,-0.006362621082558687,-0.0017651716305871947,-0.0017651716305871947,0.000505702339427309,0.000505702339427309,-0.009932220659815534,-0.009932220659815534,-0.005637440750708773,-0.005637440750708773,-0.009932220659815534,-0.009932220659815534,-0.002708272221196465,-0.002708272221196465
2013-02-25,0.006394115196347443,0.006394115196347443,0.02055079117394859,0.02055079117394859,0.01499348123362059,0.01499348123362059,0.009270109929851614,0.009270109929851614,0.006076456577473989,0.006076456577473989,-0.0018592089262962435,-0.0018592089262962435,0.006859111502174397,0.006859111502174397,0.0295273692598018,0.0295273692598018,0.015063211855773093,0.015063211855773093,0.02210830465565371,0.02210830465565371,0.01581391699778581,0.01581391699778581,0.02210830465565371,0.02210830465565371,0.012911947733921545,0.012911947733921545
2013-02-26,-0.0022030927060024807,-0.0022030927060024807,-0.005223718388883638,-0.005223718388883638,-0.003165066701545297,-0.003165066701545297,-0.0030440162002211293,-0.0030440162002211293,-0.0058367286761225115,-0.0058367286761225115,-0.01250722612813816,-0.01250722612813816,-0.013078019205027387,-0.013078019205027387,-0.010306292767971067,-0.010306292767971067,0.005116939432813581,0.005116939432813581,-0.007277761184304294,-0.007277761184304294,-0.0051681479517367785,-0.0051681479517367785,-0.007277761184304294,-0.007277761184304294,-0.005658605751516999,-0.005658605751516999
2013-02-27,-0.029508976674957797,-0.029508976674957797,-0.02098206938943021,-0.02098206938943021,-0.021612406205239125,-0.021612406205239125,-0.027744916368092096,-0.027744916368092096,-0.018883574799750218,-0.018883574799750218,-0.03295834187640374,-0.03295834187640374,-0.029423159791776524,-0.029423159791776524,-0.029747282054784677,-0.029747282054784677,-0.0239015140996833,-0.0239015140996833,-0.01440173000214176,-0.01440173000214176,0.016768424391506102,0.016768424391506102,-0.01440173000214176,-0.01440173000214176,-0.024869863923391362,-0.024869863923391362
2013-02-28,-0.022712338136178456,-0.022712338136178456,-0.015753033108313854,-0.015753033108313854,-0.01481660708343673,-0.01481660708343673,-0.009652095839836772,-0.009652095839836772,-0.016109621121316642,-0.016109621121316642,-0.015613463532526082,-0.015613463532526082,-0.0035089491196854806,-0.0035089491196854806,-0.020038304717249218,-0.020038304717249218,-0.015426096565485516,-0.015426096565485516,-0.023930694815225924,-0.023930694815225924,-0.0006938053103790198,-0.0006938053103790198,-0.023930694815225924,-0.023930694815225924,-0.01588630614006816,-0.01588630614006816
2013-03-01,-0.003393480143507932,-0.0038246687109265293,-0.005484252020311553,-0.006087539583241042,0.0006294589187945121,8.606345800105683e-05,0.011240083708745408,0.010367751530579524,-0.0010225916523942669,-0.0019068741320038274,-0.0022860415843928283,-0.0034796412501676595,-0.007171022317396525,-0.008708503925068849,0.010138304872797654,0.008627602433327915,-0.0016181635699508146,-0.0029677128940810574,-0.003045898655534951,-0.0039259953424759,0.0003488300419052237,-0.0009594209897947571,-0.003045898655534951,-0.0039259953424759,-0.0001953910140279902,-0.00027900617979398346
2013-03-04,-0.0008970771073899498,-0.0008970771073899498,0.0019373300980949568,0.0019373300980949568,0.0008875347313637063,0.0008875347313637063,-0.007399684527468631,-0.007399684527468631,0.00718035203943595,0.00718035203943595,0.0032221177664623043,0.0032221177664623043,-0.0021882507588148583,-0.0021882507588148583,-0.00295433792617646,-0.00295433792617646,-0.003189014922072757,-0.003189014922072757,0.007710428599598221,0.007710428599598221,0.008556694728061674,0.008556694728061674,0.007710428599598221,0.007710428599598221,0.000418172466967872,0.000418172466967872
2013-03-05,0.003804084365171428,0.003804084365171428,-0.0028708165424292187,-0.0028708165424292187,0.005185846168625709,0.005185846168625709,-0.0010199361943969867,-0.0010199361943969867,0.0028261933151117443,0.0028261933151117443,-0.002270939494365969,-0.002270939494365969,0.00207560931305276,0.00207560931305276,0.007526496640279837,0.007526496640279837,0.003326755416643328,0.003326755416643328,-4.616938996650222e-05,-4.616938996650222e-05,-0.003779613553637571,-0.003779613553637571,-4.616938996650222e-05,-4.616938996650222e-05,0.0018549180960632967,0.0018549180960632967
2013-03-06,0.006239706712633786,0.006239706712633786,0.007889366448805123,0.007889366448805123,0.012020150764614629,0.012020150764614629,0.015073464154794365,0.015073464154794365,0.012417163220547017,0.012417163220547017,0.005998673721348332,0.005998673721348332,0.012943185088394357,0.012943185088394357,-0.0061093510095529225,-0.0061093510095529225,0.015249919066507711,0.015249919066507711,0.01608654423800396,0.01608654423800396,0.009873303069431107,0.009873303069431107,0.01608654423800396,0.01608654423800396,0.009765551467914975,0.009765551467914975
2013-03-07,-0.02895957270419138,-0.02895957270419138,-0.03449576249222375,-0.03449576249222375,-0.028547887420094682,-0.028547887420094682,-0.028924824294506078,-0.028924824294506078,-0.029012733338607603,-0.029012733338607603,-0.03261798499555764,-0.03261798499555764,-0.03662359542367835,-0.03662359542367835,-0.03095886774788204,-0.03095886774788204,-0.02850784659520395,-0.02850784659520395,-0.024769805332996487,-0.024769805332996487,0.0036806992476122596,0.0036806992476122596,-0.024769805332996487,-0.024769805332996487,-0.030324528884514465,-0.030324528884514465
2013-03-08,-0.0018920394479206757,-0.0018920394479206757,0.014540867400576377,0.014540867400576377,0.004619348240375502,0.004619348240375502,0.0043007654340728296,0.0043007654340728296,0.004951006251515936,0.004951006251515936,0.008852491191629383,0.008852491191629383,-0.0008006402892093527,-0.0008006402892093527,-0.015691409966892583,-0.015691409966892583,0.004099339718072952,0.004099339718072952,-0.005545764264838678,-0.005545764264838678,-0.003603637468044797,-0.003603637468044797,-0.005545764264838678,-0.005545764264838678,0.0017305125278327907,0.0017305125278327907
2013-03-11,0.01722101683808052,0.01722101683808052,0.005026713472252037,0.005026713472252037,0.022336091096598645,0.022336091096598645,0.0066859232859608625,0.0066859232859608625,0.01788699199977626,0.01788699199977626,0.01948992387899183,0.01948992387899183,0.009935056613907846,0.009935056613907846,0.007699451724853714,0.007699451724853714,0.022829155972690127,0.022829155972690127,0.02161569095140052,0.02161569095140052,0.0045892605014054046,0.0045892605014054046,0.02161569095140052,0.02161569095140052,0.015107570224459618,0.015107570224459618
2013-03-12,-0.011608533168085147,-0.011608533168085147,-0.01918844215665588,-0.01918844215665588,-0.01615170256887543,-0.01615170256887543,-0.019427434308383118,-0.019427434308383118,-0.023870773724144426,-0.023870773724144426,-0.012220694495180465,-0.012220694495180465,-0.02063659786614818,-0.02063659786614818,-0.01601056882494121,-0.01601056882494121,-0.023829232170682123,-0.023829232170682123,-0.0066933757076462685,-0.0066933757076462685,0.0046015601872020405,0.0046015601872020405,-0.0066933757076462685,-0.0066933757076462685,-0.0169649521229475,-0.0169649521229475
2013-03-13,-0.007162055924451938,-0.007162055924451938,-0.008881810306462224,-0.008881810306462224,-0.005389925083030739,-0.005389925083030739,-0.003139999953183144,-0.003139999953183144,-0.0036322293074196777,-0.0036322293074196777,0.002561382397102944,0.002561382397102944,-0.003656448016496415,-0.003656448016496415,0.005223223255374629,0.005223223255374629,-0.001348649498287587,-0.001348649498287587,0.00022307330160057032,0.00022307330160057032,0.0070323833026983956,0.0070323833026983956,0.00022307330160057032,0.00022307330160057032,-0.002524342680995083,-0.002524342680995083
2013-03-14,-0.01461540690998701,-0.01461540690998701,-0.006277949866035577,-0.006277949866035577,-0.010486091997340841,-0.010486091997340841,-0.008990713657933379,-0.008990713657933379,-0.014248022580217613,-0.014248022580217613,-0.016610680420221527,-0.016610680420221527,-0.019019148010493953,-0.019019148010493953,-0.008975162185685179,-0.008975162185685179,-0.003694839281155431,-0.003694839281155431,7.771700191462204e-05,7.771700191462204e-05,0.013784876690920957,0.013784876690920957,7.771700191462204e-05,7.771700191462204e-05,-0.010247507548900815,-0.010247507548900815
2013-03-15,-0.022967845054372847,-0.022967845054372847,-0.0058074359166933025,-0.0058074359166933025,-0.006347158809525146,-0.006347158809525146,-0.014583286789839424,-0.014583286789839424,-0.0043699099502608725,-0.0043699099502608725,0.0028349729384370406,0.0028349729384370406,-0.005072000120027785,-0.005072000120027785,-0.024823095464467846,-0.024823095464467846,-0.016193158499880095,-0.016193158499880095,-0.011128949507445285,-0.011128949507445285,0.010270343841025282,0.010270343841025282,-0.011128949507445285,-0.011128949507445285,-0.01082130686760563,-0.01082130686760563
2013-03-18,-0.018938329360068378,-0.018938329360068378,-0.005452853385233132,-0.005452853385233132,0.0009778926037808386,0.0009778926037808386,-0.013282369021120672,-0.013282369021120672,-0.005458449922678764,-0.005458449922678764,-0.006584355061361547,-0.006584355061361547,0.005291934045492207,0.005291934045492207,-0.007903345199214127,-0.007903345199214127,0.002433175333289739,0.002433175333289739,-0.002112336906653193,-0.002112336906653193,0.014716196823437971,0.014716196823437971,-0.002112336906653193,-0.002112336906653193,-0.005058192604146386,-0.005058192604146386
2013-03-19,0.01407897850305339,0.01407897850305339,0.016835314540010447,0.016835314540010447,0.016395687896083047,0.016395687896083047,0.02115910323291216,0.02115910323291216,0.014470928677431237,0.014470928677431237,0.015240390996142102,0.015240390996142102,0.012536723601815994,0.012536723601815994,0.021462426916182477,0.021462426916182477,0.016683699061209888,0.016683699061209888,0.016311301976201877,0.016311301976201877,0.003051491361497338,0.003051491361497338,0.016311301976201877,0.016311301976201877,0.01650524827533046,0.01650524827533046
2013-03-20,0.014596550071736606,0.014596550071736606,0.032919841871818505,0.032919841871818505,0.028758316188435704,0.028758316188435704,0.014826579175876656,0.014826579175876656,0.009195228596886111,0.009195228596886111,0.02842023042151275,0.02842023042151275,0.019900657021627653,0.019900657021627653,0.02417550884583438,0.02417550884583438,0.021572557960228937,0.021572557960228937,0.015120792346295858,0.015120792346295858,0.0015592239675443799,0.0015592239675443799,0.015120792346295858,0.015120792346295858,0.020959935050461592,0.020959935050461592
2013-03-21,-0.0023455704272093026,-0.0023455704272093026,-0.014047538039170214,-0.014047538039170214,-0.0015854382065527723,-0.0015854382065527723,-0.011236586187126908,-0.011236586187126908,0.003468599421314735,0.003468599421314735,-0.0022861467242217747,-0.0022861467242217747,0.0045414428039461645,0.0045414428039461645,-0.0019836241933840785,-0.0019836241933840785,-0.006621453255713597,-0.006621453255713597,-0.004999591349310927,-0.004999591349310927,-0.0026905400056290076,-0.0026905400056290076,-0.004999591349310927,-0.004999591349310927,-0.0037310601070272265,-0.0037310601070272265
2013-03-22,0.031641919034859536,0.031641919034859536,0.017907834387225225,0.017907834387225225,0.027880836058452357,0.027880836058452357,0.01703122700209346,0.01703122700209346,0.02433332380604775,0.02433332380604775,0.027239468527961594,0.027239468527961594,0.02510800277385355,0.02510800277385355,0.013786344538507214,0.013786344538507214,0.009920982547694544,0.009920982547694544,0.03776135803435614,0.03776135803435614,0.008070348363572774,0.008070348363572774,0.03776135803435614,0.03776135803435614,0.023321744564087633,0.023321744564087633
2013-03-25,-0.010939612219959514,-0.010939612219959514,-0.003645112162190793,-0.003645112162190793,-0.002876480870338192,-0.002876480870338192,-0.0029467708336449903,-0.0029467708336449903,0.0058905851001964426,0.0058905851001964426,-0.007115974108788167,-0.007115974108788167,0.00377449912598283,0.00377449912598283,0.0037819646557705495,0.0037819646557705495,0.001605161643223928,0.001605161643223928,0.0008690308562032294,0.0008690308562032294,0.01062379677793968,0.01062379677793968,0.0008690308562032294,0.0008690308562032294,-0.0011505872528334204,-0.0011505872528334204
2013-03-26,0.02056262614532975,0.02056262614532975,0.010707090752093074,0.010707090752093074,0.019616858871090735,0.019616858871090735,0.01665607784882564,0.01665607784882564,0.01460978867073656,0.01460978867073656,0.020725228737630975,0.020725228737630975,0.02796489869801285,0.02796489869801285,0.022924228456115463,0.022924228456115463,0.016087026954147376,0.016087026954147376,0.014239930966266159,0.014239930966266159,-0.004259237989333406,-0.004259237989333406,0.014239930966266159,0.014239930966266159,0.018380064520407524,0.018380064520407524
2013-03-27,-0.002438879143267794,-0.002438879143267794,-0.0019380329817474792,-0.0019380329817474792,-0.004171167032845187,-0.004171167032845187,0.00622797925966759,0.00622797925966759,-0.0006410633740690009,-0.0006410633740690009,-0.00363577621981621,-0.00363577621981621,-0.001687855152580918,-0.001687855152580918,-0.002478845814762147,-0.002478845814762147,0.0022063646523210836,0.0022063646523210836,0.0023222147550433347,0.0023222147550433347,0.004466800045662657,0.004466800045662657,0.0023222147550433347,0.0023222147550433347,-0.0006369264095544145,-0.0006369264095544145
2013-03-28,0.000919842172982768,0.000919842172982768,0.010275045236312159,0.010275045236312159,0.0037217049802605335,0.0037217049802605335,-0.011539596918589837,-0.011539596918589837,0.010349627632727443,0.010349627632727443,-0.0004780035792192292,-0.0004780035792192292,0.0012123550681419977,0.0012123550681419977,-0.004509289962574184,-0.004509289962574184,-0.0040806456646791086,-0.0040806456646791086,0.011345930961805228,0.011345930961805228,0.010298112711834987,0.010298112711834987,0.011345930961805228,0.011345930961805228,0.0018064304125101926,0.0018064304125101926
2013-03-29,0.007479821009688206,0.007479821009688206,0.009990493280234408,0.009990493280234408,0.01082638389114263,0.01082638389114263,0.010904322535243132,0.010904322535243132,0.012985610497168476,0.012985610497168476,0.009134436113498123,0.009134436113498123,0.004948196466370379,0.004948196466370379,-0.009323014258462194,-0.009323014258462194,0.007024643255072847,0.007024643255072847,0.011744514586431195,0.011744514586431195,0.004921574255373793,0.004921574255373793,0.011744514586431195,0.011744514586431195,0.0076633635283261765,0.0076633635283261765
2013-04-01,0.038330405606439966,0.03762528506118264,0.04397627812071825,0.04263355216116011,0.03265879910306824,0.031154398362067053,0.028619279424279886,0.02759252608391426,0.03800556887933548,0.03698265868728871,0.036313811787378025,0.0354648007558828,0.03171958947945219,0.03033710048433199,0.02818386997464617,0.026975171106198088,0.039762145559874895,0.038919153242787864,0.023521491489237434,0.022941938754572913,-0.014629299569257626,-0.01590699576120981,0.023521491489237434,0.022941938754572913,0.03410733785204667,0.03402968941682275
2013-04-02,0.01069255263656466,0.01069255263656466,0.010429704049601949,0.010429704049601949,0.006392273419943865,0.006392273419943865,0.012640497124421859,0.012640497124421859,0.007252103132557408,0.007252103132557408,0.0017921197038785284,0.0017921197038785284,0.0012632014593174474,0.0012632014593174474,0.007793952664675789,0.007793952664675789,0.010387446828278876,0.010387446828278876,0.015756481083813192,0.015756481083813192,0.00511167368900308,0.00511167368900308,0.015756481083813192,0.015756481083813192,0.008434472756907879,0.008434472756907879
2013-04-03,-0.007023322328142405,-0.007023322328142405,-0.016005610304784996,-0.016005610304784996,-0.005354019561734152,-0.005354019561734152,-0.0076612361532128175,-0.0076612361532128175,-0.02182303603814825,-0.02182303603814825,0.0007173712350994823,0.0007173712350994823,-0.015291772752772402,-0.015291772752772402,-0.007343902717560916,-0.007343902717560916,-0.008191272768099306,-0.008191272768099306,-0.01334616892450536,-0.01334616892450536,-0.006573397821335053,-0.006573397821335053,-0.01334616892450536,-0.01334616892450536,-0.010141940904370055,-0.010141940904370055
2013-04-04,0.01845320912958503,0.01845320912958503,0.002568166694555147,0.002568166694555147,0.021497805427207348,0.021497805427207348,0.0164129514290481,0.0164129514290481,0.001590368665911319,0.001590368665911319,0.010110225677824648,0.010110225677824648,0.018903270832039045,0.018903270832039045,0.012136985208518018,0.012136985208518018,0.01760938634749226,0.01760938634749226,0.016452043662703347,0.016452043662703347,-0.0023612332065958285,-0.0023612332065958285,0.016452043662703347,0.016452043662703347,0.013573857294402941,0.013573857294402941
2013-04-05,-0.015470920513461073,-0.015470920513461073,-0.009288944943448273,-0.009288944943448273,0.0051248013774117356,0.0051248013774117356,0.0018204751186133028,0.0018204751186133028,-0.003063973892401127,-0.003063973892401127,-0.0026547349563901335,-0.0026547349563901335,-0.0004929679882768854,-0.0004929679882768854,-0.005099896750140442,-0.005099896750140442,0.0026036840215119756,0.0026036840215119756,-0.011920247616503333,-0.011920247616503333,0.004037592384812947,0.004037592384812947,-0.011920247616503333,-0.011920247616503333,-0.003840185068013503,-0.003840185068013503
2013-04-08,-0.00026969431053781986,-0.00026969431053781986,-0.0013709898079384006,-0.0013709898079384006,0.0031952581328719074,0.0031952581328719074,-0.008457670304194535,-0.008457670304194535,-0.0070999360144339795,-0.0070999360144339795,-0.00229835884228979,-0.00229835884228979,-0.02253189350653474,-0.02253189350653474,0.002563768817926096,0.002563768817926096,-0.0019523069054332523,-0.0019523069054332523,-0.0068034899835122085,-0.0068034899835122085,-0.006820893596031978,-0.006820893596031978,-0.0068034899835122085,-0.0068034899835122085,-0.004474316595824566,-0.004474316595824566
2013-04-09,0.003549057244705659,0.003549057244705659,0.0009084716702723742,0.0009084716702723742,-0.010456961495209827,-0.010456961495209827,0.01005126468446184,0.01005126468446184,0.012968015620606552,0.012968015620606552,0.015256365783459383,0.015256365783459383,0.014866512702993266,0.014866512702993266,0.0068837994308814255,0.0068837994308814255,0.007720154700318426,0.007720154700318426,0.015699323436905128,0.015699323436905128,0.012619146991848814,0.012619146991848814,0.015699323436905128,0.015699323436905128,0.007669557579303224,0.007669557579303224
2013-04-10,0.002701796784619841,0.002701796784619841,0.005795478344909941,0.005795478344909941,0.004539327306282508,0.004539327306282508,-0.001798622010561242,-0.001798622010561242,-0.004480190972292193,-0.004480190972292193,-0.006515327177137021,-0.006515327177137021,0.010114008406218188,0.010114008406218188,-0.014342076605359702,-0.014342076605359702,-0.002475621911461722,-0.002475621911461722,0.006613162905603184,0.006613162905603184,0.004077495448708917,0.004077495448708917,0.006613162905603184,0.006613162905603184,-2.2344421980364593e-05,-2.2344421980364593e-05
2013-04-11,0.011682210673958571,0.011682210673958571,0.010622442123667001,0.010622442123667001,-0.0049378038768051686,-0.0049378038768051686,0.003711285369779196,0.003711285369779196,0.010792128560877348,0.010792128560877348,0.006426816890530488,0.006426816890530488,-0.009726071397278432,-0.009726071397278432,-0.00324573981481606,-0.00324573981481606,0.0010289252233490268,0.0010289252233490268,-0.013019972349646265,-0.013019972349646265,-0.025985799147190673,-0.025985799147190673,-0.013019972349646265,-0.013019972349646265,0.0013210914088126438,0.0013210914088126438
2013-04-12,-0.002348550526571237,-0.002348550526571237,-0.001466469573458677,-0.001466469573458677,0.00100592054015239,0.00100592054015239,0.0016763982610349532,0.0016763982610349532,-0.008790076647768486,-0.008790076647768486,-0.00997229368496038,-0.00997229368496038,-0.006821044857661873,-0.006821044857661873,0.004892724232525592,0.004892724232525592,0.009515244800372349,0.009515244800372349,0.002614222882140467,0.002614222882140467,0.005352924350242987,0.005352924350242987,0.002614222882140467,0.002614222882140467,-0.0009549474446968768,-0.0009549474446968768
2013-04-15,0.004723677346255417,0.004723677346255417,-0.005109077672734044,-0.005109077672734044,-0.0019676212890779787,-0.0019676212890779787,0.0004076893431116868,0.0004076893431116868,0.007775445437837261,0.007775445437837261,0.005745595344687654,0.005745595344687654,0.00023226707574853503,0.00023226707574853503,0.009496190351079258,0.009496190351079258,-0.007961680598999009,-0.007961680598999009,0.0030224503455268375,0.0030224503455268375,-0.0019225627587758079,-0.0019225627587758079,0.0030224503455268375,0.0030224503455268375,0.0015904421950768011,0.0015904421950768011
2013-04-16,0.004593458301252469,0.004593458301252469,0.011759584294225463,0.011759584294225463,0.009079717049447402,0.009079717049447402,0.0028186963768358367,0.0028186963768358367,0.015146559290991046,0.015146559290991046,0.015724451169179678,0.015724451169179678,0.013735607928798545,0.013735607928798545,0.0035357355841893175,0.0035357355841893175,-0.0050122425030322965,-0.0050122425030322965,-0.003614502947202651,-0.003614502947202651,-0.00887790558479553,-0.00887790558479553,-0.003614502947202651,-0.003614502947202651,0.0067308080171060245,0.0067308080171060245
2013-04-17,-0.021429368990827986,-0.021429368990827986,-0.01693646313784543,-0.01693646313784543,-0.018367856289872305,-0.018367856289872305,-0.028509967685607672,-0.028509967685607672,-0.011716378440536213,-0.011716378440536213,-0.025857693014932442,-0.025857693014932442,-0.0121153939613092,-0.0121153939613092,-0.01584583083491791,-0.01584583083491791,-0.021643844030538886,-0.021643844030538886,-0.019244688217293637,-0.019244688217293637,0.003112229373320714,0.003112229373320714,-0.019244688217293637,-0.019244688217293637,-0.019209358553437285,-0.019209358553437285
2013-04-18,0.0015271927677109414,0.0015271927677109414,0.002851834176236576,0.002851834176236576,0.002590055989191119,0.002590055989191119,-0.0012514307309015268,-0.0012514307309015268,0.00017297436330389044,0.00017297436330389044,-0.002154268947848102,-0.002154268947848102,0.0091488450944725,0.0091488450944725,0.022108275202809627,0.022108275202809627,0.018220358402481665,0.018220358402481665,-0.0008220679675989837,-0.0008220679675989837,-0.0025129836017425116,-0.0025129836017425116,-0.0008220679675989837,-0.0008220679675989837,0.005233608573702274,0.005233608573702274
2013-04-19,-0.010689026285306415,-0.010689026285306415,-0.0046638539119285526,-0.0046638539119285526,-0.013864287773882412,-0.013864287773882412,-0.006007731234555593,-0.006007731234555593,-0.01895906131540048,-0.01895906131540048,-0.009868977791269799,-0.009868977791269799,-0.009116005316741638,-0.009116005316741638,-0.014165470007296095,-0.014165470007296095,-0.008316853546369539,-0.008316853546369539,-0.01211445423015355,-0.01211445423015355,-0.001119712562984482,-0.001119712562984482,-0.01211445423015355,-0.01211445423015355,-0.010778631664779352,-0.010778631664779352
2013-04-22,-0.01613602058662123,-0.01613602058662123,-0.008111034855290775,-0.008111034855290775,-0.0051313641646483985,-0.0051313641646483985,-0.014888417582856816,-0.014888417582856816,-0.009363753298958024,-0.009363753298958024,-0.017369745275729535,-0.017369745275729535,-0.02319807962865154,-0.02319807962865154,-0.004359318318474352,-0.004359318318474352,-0.01305242812093113,-0.01305242812093113,-0.016782238329652872,-0.016782238329652872,-8.291526033594229e-05,-8.291526033594229e-05,-0.016782238329652872,-0.016782238329652872,-0.012820172978445468,-0.012820172978445468
2013-04-23,0.00238982398448178,0.00238982398448178,0.0010275555257818736,0.0010275555257818736,-0.0021239440034447952,-0.0021239440034447952,-0.007532435542687205,-0.007532435542687205,0.004936450891840128,0.004936450891840128,0.008695270836362358,0.008695270836362358,0.015002252605168439,0.015002252605168439,0.0027309750145049338,0.0027309750145049338,0.0029485109339267837,0.0029485109339267837,0.004426452213906637,0.004426452213906637,0.001992691970248113,0.001992691970248113,0.004426452213906637,0.004426452213906637,0.0032242814175441723,0.0032242814175441723
2013-04-24,0.013765747439107866,0.013765747439107866,0.006949751305670912,0.006949751305670912,-0.008307912009912967,-0.008307912009912967,0.0047897622658968145,0.0047897622658968145,0.010014797887058759,0.010014797887058759,0.0057960835602705865,0.0057960835602705865,-0.002164214120170942,-0.002164214120170942,0.006909236780321411,0.006909236780321411,-0.008674568482726963,-0.008674568482726963,-0.008095977176143888,-0.008095977176143888,-0.02285645994829236,-0.02285645994829236,-0.008095977176143888,-0.008095977176143888,0.002113123468077133,0.002113123468077133
2013-04-25,0.003559515836330007,0.003559515836330007,0.005608490499494478,0.005608490499494478,0.0009802932583933069,0.0009802932583933069,-0.008551868744955095,-0.008551868744955095,0.0056696167042303205,0.0056696167042303205,-0.01681010699299369,-0.01681010699299369,-0.002652966958234587,-0.002652966958234587,0.012103280378361184,0.012103280378361184,-0.004561444490674674,-0.004561444490674674,-0.026240585837416567,-0.026240585837416567,-0.031178740694033463,-0.031178740694033463,-0.026240585837416567,-0.026240585837416567,-0.0029528216241601537,-0.0029528216241601537
2013-04-26,0.008780961502157937,0.008780961502157937,-0.0006423608129676474,-0.0006423608129676474,0.011856911667775433,0.011856911667775433,0.0054011700002726815,0.0054011700002726815,0.010929542696349069,0.010929542696349069,-0.0035721269366404676,-0.0035721269366404676,0.004169111360201436,0.004169111360201436,-0.00268907181089885,-0.00268907181089885,0.012954006615757196,0.012954006615757196,0.010752696236950418,0.010752696236950418,0.0012451391762227904,0.0012451391762227904,0.010752696236950418,0.010752696236950418,0.005742089759194393,0.005742089759194393
2013-04-29,-0.008257599693791596,-0.008257599693791596,-0.011395554123583663,-0.011395554123583663,-0.011058388613151185,-0.011058388613151185,-0.01524678569955867,-0.01524678569955867,-0.01851272105561437,-0.01851272105561437,-0.014416001237067932,-0.014416001237067932,-0.01434781690949984,-0.01434781690949984,-0.015626090566011032,-0.015626090566011032,-0.01214375414560343,-0.01214375414560343,-0.014813252596854022,-0.014813252596854022,-0.006158062897526113,-0.006158062897526113,-0.014813252596854022,-0.014813252596854022,-0.013563716059938346,-0.013563716059938346
2013-04-30,-0.010267340169635777,-0.010267340169635777,0.0019418081155105653,0.0019418081155105653,-0.01338264985289641,-0.01338264985289641,0.0037014944004090562,0.0037014944004090562,-0.007657320623118826,-0.007657320623118826,0.0007058664713834583,0.0007058664713834583,0.005350157656393153,0.005350157656393153,-0.003554458976322923,-0.003554458976322923,-0.005108634603294691,-0.005108634603294691,0.001213992090071259,0.001213992090071259,0.013009062861418542,0.013009062861418542,0.001213992090071259,0.001213992090071259,-0.002790221415695521,-0.002790221415695521
2013-05-01,-0.012743320316736861,-0.013314585411239338,-0.003142827044713581,-0.004149212176549264,0.0012131618181652204,-0.0001371199866084631,-0.011635735171835027,-0.01316840978348559,-0.0039015686465804222,-0.005094762576476464,-0.005936220395170944,-0.00695176216394321,-0.009335974721300211,-0.010362876699672487,-0.009937146064978308,-0.011143471741528913,-0.0007220133637014792,-0.0019232639352187509,-0.0013964656721390245,-0.002152696899341583,0.011484386483233022,0.010064775977298377,-0.0013964656721390245,-0.002152696899341583,-0.0057462058197531585,-0.005821590515556744
2013-05-02,-0.013595654895277908,-0.013595654895277908,-0.005607457652762982,-0.005607457652762982,0.009381506597364322,0.009381506597364322,-0.010648913175787608,-0.010648913175787608,-0.004606529214600221,-0.004606529214600221,-0.007103767046534099,-0.007103767046534099,0.006367703165242626,0.006367703165242626,0.012688969202754297,0.012688969202754297,0.005896508733472569,0.005896508733472569,0.004512910617202698,0.004512910617202698,0.01775345310621399,0.01775345310621399,0.004512910617202698,0.004512910617202698,-0.00025742723577535146,-0.00025742723577535146
2013-05-03,0.0035132508652204815,0.0035132508652204815,0.0030353028864263023,0.0030353028864263023,0.0018449788883516086,0.0018449788883516086,-0.0025339471661187858,-0.0025339471661187858,0.0019058533842426688,0.0019058533842426688,0.002557320699023159,0.002557320699023159,0.012669171906233853,0.012669171906233853,0.010798039206565913,0.010798039206565913,0.008862821239512337,0.008862821239512337,0.0019605429673017877,0.0019605429673017877,-0.0014155522510774727,-0.0014155522510774727,0.0019605429673017877,0.0019605429673017877,0.004482334587622245,0.004482334587622245
2013-05-06,-0.012909390061104706,-0.012909390061104706,-0.008466775748761743,-0.008466775748761743,-0.012502012948175701,-0.012502012948175701,-0.018164977558286707,-0.018164977558286707,-0.006736992814036095,-0.006736992814036095,-0.014596840772017191,-0.014596840772017191,-0.020336761778325423,-0.020336761778325423,-0.003493033366293828,-0.003493033366293828,-0.0008047806485593811,-0.0008047806485593811,-0.011698429793360218,-0.011698429793360218,0.0008371466695875811,0.0008371466695875811,-0.011698429793360218,-0.011698429793360218,-0.010938490032318771,-0.010938490032318771
2013-05-07,0.0029371391643152243,0.0029371391643152243,0.013328974900479431,0.013328974900479431,0.008333999543432759,0.008333999543432759,0.003767382242233488,0.003767382242233488,0.013546395746694747,0.013546395746694747,0.011265549415879659,0.011265549415879659,0.004175656545512255,0.004175656545512255,0.008985796268540003,0.008985796268540003,0.008839877289452985,0.008839877289452985,0.0178327736482092,0.0178327736482092,0.014484579946370854,0.014484579946370854,0.0178327736482092,0.0178327736482092,0.009330434998040298,0.009330434998040298
2013-05-08,-0.012778012613222594,-0.012778012613222594,0.012776777215273243,0.012776777215273243,0.000533773349200867,0.000533773349200867,-0.0008273818982181625,-0.0008273818982181625,0.004158946017532743,0.004158946017532743,-0.0009038992014536187,-0.0009038992014536187,-2.8758828069170347e-05,-2.8758828069170347e-05,0.006949683971402686,0.006949683971402686,-0.003104554656101835,-0.003104554656101835,-0.0021150556392411706,-0.0021150556392411706,0.00981142159173266,0.00981142159173266,-0.0021150556392411706,-0.0021150556392411706,0.0005140932787845117,0.0005140932787845117
2013-05-09,-0.013801763700385716,-0.013801763700385716,-0.017364214568389227,-0.017364214568389227,-0.018801803893070665,-0.018801803893070665,-0.005050901221496215,-0.005050901221496215,-0.019429748455795644,-0.019429748455795644,-0.01696545304204668,-0.01696545304204668,-0.024682610474674398,-0.024682610474674398,-0.028333817429563847,-0.028333817429563847,-0.016565845216332767,-0.016565845216332767,-0.02166320684709528,-0.02166320684709528,-0.00824041490953988,-0.00824041490953988,-0.02166320684709528,-0.02166320684709528,-0.01836079793868836,-0.01836079793868836
2013-05-10,-0.022502052122967048,-0.022502052122967048,-0.023182808252824243,-0.023182808252824243,-0.023410929945379882,-0.023410929945379882,-0.016301530015633073,-0.016301530015633073,-0.026766104237004262,-0.026766104237004262,-0.023827864398438744,-0.023827864398438744,-0.016415992166177614,-0.016415992166177614,-0.022044014776618825,-0.022044014776618825,-0.022510771189151676,-0.022510771189151676,-0.01809277675424819,-0.01809277675424819,0.003199367896749829,0.003199367896749829,-0.01809277675424819,-0.01809277675424819,-0.021524639300012853,-0.021524639300012853
2013-05-13,0.008633625411045807,0.008633625411045807,0.0025099558807062986,0.0025099558807062986,0.005454426191962137,0.005454426191962137,0.007067002101764846,0.007067002101764846,-0.0013728890565868975,-0.0013728890565868975,0.003975379626598551,0.003975379626598551,-0.0006612863248661163,-0.0006612863248661163,0.019032278674833526,0.019032278674833526,-0.00045525291499654355,-0.00045525291499654355,0.010801715452866265,0.010801715452866265,0.0024054653937719385,0.0024054653937719385,0.010801715452866265,0.010801715452866265,0.0055006545284536435,0.0055006545284536435
2013-05-14,0.012545037204032664,0.012545037204032664,-0.009478519647805085,-0.009478519647805085,-0.010717243395995713,-0.010717243395995713,-0.003947075387194633,-0.003947075387194633,-0.0037300053761466427,-0.0037300053761466427,0.0019768684229463443,0.0019768684229463443,0.0065058186279370964,0.0065058186279370964,-0.0012078601446974084,-0.0012078601446974084,-0.005151140570357471,-0.005151140570357471,0.008616020285366885,0.008616020285366885,-0.003059192291119556,-0.003059192291119556,0.008616020285366885,0.008616020285366885,-0.0005181851718561578,-0.0005181851718561578
2013-05-15,0.009049616860040011,0.009049616860040011,-0.00038944529511899904,-0.00038944529511899904,-0.007348449521057263,-0.007348449521057263,0.0039036458466540774,0.0039036458466540774,0.0048790217880150585,0.0048790217880150585,0.004181343037960511,0.004181343037960511,-0.010143302120652151,-0.010143302120652151,-0.0031717759759440295,-0.0031717759759440295,-0.00026726404437052605,-0.00026726404437052605,-0.003414785444672507,-0.003414785444672507,-0.011357850146200017,-0.011357850146200017,-0.003414785444672507,-0.003414785444672507,-0.0003230811658713784,-0.0003230811658713784
2013-05-16,-0.005505516752785602,-0.005505516752785602,-0.0024367169187431825,-0.0024367169187431825,-0.0048975547838125775,-0.0048975547838125775,-0.019263855220933903,-0.019263855220933903,0.007739543161465176,0.007739543161465176,3.893738234154705e-05,3.893738234154705e-05,0.00044318043005713036,0.00044318043005713036,-0.0004756467165216771,-0.0004756467165216771,-0.013085584175998142,-0.013085584175998142,0.0002563877375550633,0.0002563877375550633,0.005294244571807919,0.005294244571807919,0.0002563877375550633,0.0002563877375550633,-0.0036957892075368017,-0.0036957892075368017
2013-05-17,0.006978855776381517,0.006978855776381517,0.002438076699003304,0.002438076699003304,0.006492865384903278,0.006492865384903278,0.009446170906335125,0.009446170906335125,0.0008975936779405853,0.0008975936779405853,-0.0008646587259852432,-0.0008646587259852432,0.008257029778295613,0.008257029778295613,0.002781760244799299,0.002781760244799299,0.004099972370972689,0.004099972370972689,-0.001791138640782581,-0.001791138640782581,-0.008029311970714529,-0.008029311970714529,-0.001791138640782581,-0.001791138640782581,0.003824285051626777,0.003824285051626777
2013-05-20,0.003973291775107263,0.003973291775107263,0.007684755072986619,0.007684755072986619,0.013306862307315018,0.013306862307315018,0.009214042219877476,0.009214042219877476,0.01509629326483354,0.01509629326483354,0.007354318898418331,0.007354318898418331,0.0013556255447312723,0.0013556255447312723,0.014713905798411055,0.014713905798411055,0.011307559096243773,0.011307559096243773,0.017038247550323807,0.017038247550323807,0.012578437984136936,0.012578437984136936,0.017038247550323807,0.017038247550323807,0.010149458292769229,0.010149458292769229
2013-05-21,-0.015309739797971185,-0.015309739797971185,-0.01155544987019835,-0.01155544987019835,-0.00862375486184359,-0.00862375486184359,-0.01683776545273475,-0.01683776545273475,-0.010445999033253038,-0.010445999033253038,-0.009345013530270167,-0.009345013530270167,-0.01594176372417122,-0.01594176372417122,-0.020355946565058014,-0.020355946565058014,-0.0060751276795653845,-0.0060751276795653845,-0.000413053526460142,-0.000413053526460142,0.01358765436700723,0.01358765436700723,-0.000413053526460142,-0.000413053526460142,-0.011460717103690161,-0.011460717103690161
2013-05-22,-0.021486369423499928,-0.021486369423499928,-0.013558430782192325,-0.013558430782192325,-0.0006165957070801273,-0.0006165957070801273,-0.007541171799411292,-0.007541171799411292,-0.025701983096814804,-0.025701983096814804,0.0014398352823516698,0.0014398352823516698,-0.020683151668959187,-0.020683151668959187,-0.02450972515226523,-0.02450972515226523,-0.011111170907969065,-0.011111170907969065,-0.019695430071339087,-0.019695430071339087,0.0004717122833208104,0.0004717122833208104,-0.019695430071339087,-0.019695430071339087,-0.014412499455368672,-0.014412499455368672
2013-05-23,-0.007232878364288995,-0.007232878364288995,-0.02356137065074799,-0.02356137065074799,-0.010292158114770928,-0.010292158114770928,-0.012808056636318415,-0.012808056636318415,-0.013441526292603822,-0.013441526292603822,-0.016624346899177054,-0.016624346899177054,-0.013495701302465133,-0.013495701302465133,-0.015413692683174461,-0.015413692683174461,-0.018014970985618033,-0.018014970985618033,-0.018482550450072247,-0.018482550450072247,-0.010819606798792595,-0.010819606798792595,-0.018482550450072247,-0.018482550450072247,-0.014980087042594188,-0.014980087042594188
2013-05-24,0.009825492546814463,0.009825492546814463,0.00441074238797945,0.00441074238797945,0.004378637971117762,0.004378637971117762,-0.007027559775721519,-0.007027559775721519,0.012334169161763744,0.012334169161763744,0.0014811217899225603,0.0014811217899225603,0.006350838388670232,0.006350838388670232,0.003706216035659453,0.003706216035659453,-0.006956071983277257,-0.006956071983277257,0.001500435550511331,0.001500435550511331,-0.00718061095381354,-0.00718061095381354,0.001500435550511331,0.001500435550511331,0.0029892542013290327,0.0029892542013290327
2013-05-27,0.021915973764149124,0.021915973764149124,0.00872827936628792,0.00872827936628792,0.012319104228430524,0.012319104228430524,0.0164321639325924,0.0164321639325924,0.016096094993130056,0.016096094993130056,0.019113788199763036,0.019113788199763036,0.01101587632091299,0.01101587632091299,0.004527876556969332,0.004527876556969332,0.012027968957846314,0.012027968957846314,0.010099912396429237,0.010099912396429237,-0.010064080461226347,-0.010064080461226347,0.010099912396429237,0.010099912396429237,0.01319440825643252,0.01319440825643252
2013-05-28,0.0004835769245369819,0.0004835769245369819,-0.008744249821678112,-0.008744249821678112,-0.005741736750337232,-0.005741736750337232,-0.010780027638985567,-0.010780027638985567,0.0064263906562537845,0.0064263906562537845,0.005425866186288241,0.005425866186288241,-0.005978074137628083,-0.005978074137628083,-0.011621702511404541,-0.011621702511404541,-0.004120917257655678,-0.004120917257655678,0.0032942419579088133,0.0032942419579088133,0.0026699213744409544,0.0026699213744409544,0.0032942419579088133,0.0032942419579088133,-0.003072902798130696,-0.003072902798130696
2013-05-29,-0.020367791946744134,-0.020367791946744134,-0.033608554585756616,-0.033608554585756616,-0.03220029202596583,-0.03220029202596583,-0.027285025803702862,-0.027285025803702862,-0.02177445433691692,-0.02177445433691692,-0.026845106576486623,-0.026845106576486623,-0.02493763315708688,-0.02493763315708688,-0.014665937757391726,-0.014665937757391726,-0.02602453231920743,-0.02602453231920743,-0.023167482390942143,-0.023167482390942143,-0.0033145463602603127,-0.0033145463602603127,-0.023167482390942143,-0.023167482390942143,-0.025068885052627287,-0.025068885052627287
2013-05-30,-0.013177217539707796,-0.013177217539707796,-0.012530064850638093,-0.012530064850638093,-0.013981730605744884,-0.013981730605744884,-0.018048880171479757,-0.018048880171479757,-0.01870007774801042,-0.01870007774801042,-0.01905919277850905,-0.01905919277850905,-0.020576478785408584,-0.020576478785408584,-0.011347032704212862,-0.011347032704212862,-0.01467876687131691,-0.01467876687131691,-0.018927490912918538,-0.018927490912918538,-0.005717304196769516,-0.005717304196769516,-0.018927490912918538,-0.018927490912918538,-0.01610947194984487,-0.01610947194984487
2013-05-31,-0.01223915754738464,-0.01223915754738464,-0.0170789467089179,-0.0170789467089179,-0.032445569220855744,-0.032445569220855744,-0.01309115058739826,-0.01309115058739826,-0.014719389899938285,-0.014719389899938285,0.002639438266301888,0.002639438266301888,-0.013832922748658336,-0.013832922748658336,0.006318165722977924,0.006318165722977924,-0.01731550067454516,-0.01731550067454516,-0.010888683908813368,-0.010888683908813368,0.0009408541553677461,0.0009408541553677461,-0.010888683908813368,-0.010888683908813368,-0.012222187453559297,-0.012222187453559297
2013-06-03,-0.0038148446384013157,-0.004064150550416413,-0.010935036029190215,-0.01195841912687943,0.005397781209735442,0.004017604506519984,-0.0008629831507680485,-0.00189592060420802,-0.010491649338868814,-0.011578966510840828,-0.01414376348410129,-0.015517555659102717,-0.006248175355777819,-0.0074268990549227745,0.009765445996403832,0.008873121336564377,-0.0013820294721601512,-0.002108983698879271,-0.00928206998779979,-0.00982488395156006,-0.005208221245097566,-0.006037370494110768,-0.00928206998779979,-0.00982488395156006,-0.004207805199113679,-0.004292899844641044
2013-06-04,0.004854810624076323,0.004854810624076323,-0.019634570812251936,-0.019634570812251936,-0.005478810439309707,-0.005478810439309707,-0.006709351168244774,-0.006709351168244774,-0.005146507571459411,-0.005146507571459411,-0.0009337758429935525,-0.0009337758429935525,-0.0033110838612320542,-0.0033110838612320542,0.003558891357181176,0.003558891357181176,-0.00815202159818832,-0.00815202159818832,0.003338915664285214,0.003338915664285214,-0.001522911432364514,-0.001522911432364514,0.003338915664285214,0.003338915664285214,-0.00374912647353359,-0.00374912647353359
2013-06-05,0.00015029998179798146,0.00015029998179798146,-0.017864125803671943,-0.017864125803671943,0.0007066671282274328,0.0007066671282274328,-0.001322553281295726,-0.001322553281295726,-0.010047741674768934,-0.010047741674768934,-0.0014245827312385393,-0.0014245827312385393,-0.0033862578391878613,-0.0033862578391878613,-0.0027180154124694642,-0.0027180154124694642,-0.0030553185575300473,-0.0030553185575300473,-0.00213801428340888,-0.00213801428340888,-0.0022879418841702586,-0.0022879418841702586,-0.00213801428340888,-0.00213801428340888,-0.004065144005571198,-0.004065144005571198
2013-06-06,0.004706920833196804,0.004706920833196804,-0.004697221246586026,-0.004697221246586026,-0.0009754720359667801,-0.0009754720359667801,-0.00020907962242277872,-0.00020907962242277872,0.002385909148622344,0.002385909148622344,0.004208478296602747,0.004208478296602747,-0.0003125563442667517,-0.0003125563442667517,0.0027831890968071284,0.0027831890968071284,-0.005560012406932997,-0.005560012406932997,0.0010805197600330624,0.0010805197600330624,-0.00365790490586578,-0.00365790490586578,0.0010805197600330624,0.0010805197600330624,0.0003653205601557028,0.0003653205601557028
2013-06-07,0.01840540396863486,0.01840540396863486,0.009406486019685672,0.009406486019685672,0.0029354981559685934,0.0029354981559685934,0.021464045551491878,0.021464045551491878,0.023543128127072894,0.023543128127072894,0.002653770567236339,0.002653770567236339,0.017081250246428367,0.017081250246428367,0.011529258580293796,0.011529258580293796,0.0204798344566241,0.0204798344566241,0.025232426496958775,0.025232426496958775,0.006661593861553343,0.006661593861553343,0.025232426496958775,0.025232426496958775,0.015272064391761542,0.015272064391761542
2013-06-10,0.0031009107873646276,0.0031009107873646276,-0.0064301565767698405,-0.0064301565767698405,-0.011985493949289548,-0.011985493949289548,-0.003843955514408715,-0.003843955514408715,-0.001260351757532432,-0.001260351757532432,-0.010590334187766313,-0.010590334187766313,-0.004723353999718853,-0.004723353999718853,-0.005972636511659985,-0.005972636511659985,-0.008775897384353804,-0.008775897384353804,-0.002779791170218233,-0.002779791170218233,-0.006028002148487553,-0.006028002148487553,-0.002779791170218233,-0.002779791170218233,-0.005294534403436576,-0.005294534403436576
2013-06-11,-0.003753972461853272,-0.003753972461853272,-0.0006003623138671839,-0.0006003623138671839,-0.005604656493552082,-0.005604656493552082,-0.010084799007502402,-0.010084799007502402,-0.013506114400113838,-0.013506114400113838,-0.019689581511707514,-0.019689581511707514,3.3629455370548424e-05,3.3629455370548424e-05,-0.006580349495148161,-0.006580349495148161,-0.016270309213671903,-0.016270309213671903,-0.0039747636215983085,-0.0039747636215983085,-0.00018893053404278257,-0.00018893053404278257,-0.0039747636215983085,-0.0039747636215983085,-0.007995273612903014,-0.007995273612903014
2013-06-12,0.004098388221147063,0.004098388221147063,0.002484174335219297,0.002484174335219297,0.014147828863708335,0.014147828863708335,0.011669654246786763,0.011669654246786763,0.013365180098172828,0.013365180098172828,0.003469459664939074,0.003469459664939074,0.0029303495243321884,0.0029303495243321884,0.009245590324002961,0.009245590324002961,0.00960293202848,0.00960293202848,0.01887109683930252,0.01887109683930252,0.01506206455414399,0.01506206455414399,0.01887109683930252,0.01887109683930252,0.009029919435207371,0.009029919435207371
2013-06-13,-0.014412397794931874,-0.014412397794931874,-0.010359156038419165,-0.010359156038419165,0.0012376330205577583,0.0012376330205577583,-0.0015129457624313324,-0.0015129457624313324,-0.017933663245270272,-0.017933663245270272,-0.016723684909244058,-0.016723684909244058,-0.018208660502657726,-0.018208660502657726,-0.012905612482498763,-0.012905612482498763,-0.006145750477095766,-0.006145750477095766,-0.0133930798498325,-0.0133930798498325,0.000977413568801449,0.000977413568801449,-0.0133930798498325,-0.0133930798498325,-0.011037173683901898,-0.011037173683901898
2013-06-14,-0.0026932514102204243,-0.0026932514102204243,-0.003482785586621806,-0.003482785586621806,0.012428181026583473,0.012428181026583473,0.000855108384968504,0.000855108384968504,0.0011335602513721857,0.0011335602513721857,0.009926582908251373,0.009926582908251373,0.006308038288503838,0.006308038288503838,-0.0027125654988939697,-0.0027125654988939697,0.005573114787868642,0.005573114787868642,0.008310582960115099,0.008310582960115099,0.011115227992952828,0.011115227992952828,0.008310582960115099,0.008310582960115099,0.003562510570151657,0.003562510570151657
2013-06-17,-0.012208583758443518,-0.012208583758443518,-0.009146009534323192,-0.009146009534323192,-0.008318440374217168,-0.008318440374217168,0.003568677750629925,0.003568677750629925,0.001326999182764508,0.001326999182764508,0.008990275863210608,0.008990275863210608,0.006254177274927541,0.006254177274927541,-0.00897483108536012,-0.00897483108536012,0.0014907014485543275,0.0014907014485543275,0.0006256236504805352,0.0006256236504805352,0.01274266474776925,0.01274266474776925,0.0006256236504805352,0.0006256236504805352,-0.0016689575676534967,-0.0016689575676534967
2013-06-18,-0.0061927186189491765,-0.0061927186189491765,-0.010155567946047186,-0.010155567946047186,0.010004331519086248,0.010004331519086248,-0.008406071033549596,-0.008406071033549596,0.010344490536637859,0.010344490536637859,-0.004291614564940453,-0.004291614564940453,-0.005984233204047018,-0.005984233204047018,-0.002648824803964578,-0.002648824803964578,0.001634654729823067,0.001634654729823067,-0.007857302145860643,-0.007857302145860643,-0.0018388430978179748,-0.0018388430978179748,-0.007857302145860643,-0.007857302145860643,-0.0023340349927313156,-0.0023340349927313156
2013-06-19,0.01532341978654747,0.01532341978654747,0.018072190767296808,0.018072190767296808,0.026524190777305567,0.026524190777305567,0.019382608103433625,0.019382608103433625,0.01677165034130019,0.01677165034130019,0.01066316780357129,0.01066316780357129,0.01596087893707761,0.01596087893707761,0.009554121050920116,0.009554121050920116,0.01914443839439659,0.01914443839439659,0.01604987890992832,0.01604987890992832,0.0011372324382048003,0.0011372324382048003,0.01604987890992832,0.01604987890992832,0.016775514604806065,0.016775514604806065
2013-06-20,-0.004805559135011999,-0.004805559135011999,-0.0030865557040773623,-0.0030865557040773623,-0.0006431975271229467,-0.0006431975271229467,0.00123960483984943,0.00123960483984943,-0.005773964999914745,-0.005773964999914745,-0.0018751214624825737,-0.0018751214624825737,-0.004781489815933251,-0.004781489815933251,0.0034690821266107658,0.0034690821266107658,-0.00770834846496707,-0.00770834846496707,-0.008826402287971762,-0.008826402287971762,-0.004178817545432215,-0.004178817545432215,-0.008826402287971762,-0.008826402287971762,-0.0032866891583846194,-0.0032866891583846194
2013-06-21,0.014260407850574508,0.014260407850574508,0.02757315637126898,0.02757315637126898,0.029784534714011428,0.029784534714011428,0.023332491299037757,0.023332491299037757,0.00991853910658791,0.00991853910658791,0.025650773371266092,0.025650773371266092,0.020579522846772717,0.020579522846772717,0.024398134932710466,0.024398134932710466,0.023423141912957628,0.023423141912957628,0.01852698408099042,0.01852698408099042,0.004615809304386903,0.004615809304386903,0.01852698408099042,0.01852698408099042,0.021720102687947416,0.021720102687947416
2013-06-24,0.0027389559179388577,0.0027389559179388577,0.01135529101178558,0.01135529101178558,-0.0026071093494102475,-0.0026071093494102475,-0.006213404885929872,-0.006213404885929872,0.00346530566135875,0.00346530566135875,0.0010508991002836812,0.0010508991002836812,-0.004322211463675648,-0.004322211463675648,-0.006198783350809026,-0.006198783350809026,0.00019150273026457588,0.00019150273026457588,-0.004184249364956258,-0.004184249364956258,-0.006945261007020711,-0.006945261007020711,-0.004184249364956258,-0.004184249364956258,-0.0005916106143103658,-0.0005916106143103658
2013-06-25,-0.0026370656800963994,-0.0026370656800963994,-0.019806841701331228,-0.019806841701331228,-0.009282239693723233,-0.009282239693723233,-0.009557641074417894,-0.009557641074417894,-0.011551578571451539,-0.011551578571451539,-0.014505564268987655,-0.014505564268987655,-0.020388147101736438,-0.020388147101736438,-0.01005456393686472,-0.01005456393686472,-0.022127111926481993,-0.022127111926481993,-0.008483526180773526,-0.008483526180773526,-0.006006033913976659,-0.006006033913976659,-0.008483526180773526,-0.008483526180773526,-0.012770564068466344,-0.012770564068466344
2013-06-26,0.0021049150926479854,0.0021049150926479854,0.005904406833950007,0.005904406833950007,0.008488578298477488,0.008488578298477488,0.0037845831329061303,0.0037845831329061303,0.0027766866200357163,0.0027766866200357163,-0.011200627509272513,-0.011200627509272513,-0.003964505993773128,-0.003964505993773128,0.003658962963175823,0.003658962963175823,0.0023739228395053317,0.0023739228395053317,0.0010742262054191055,0.0010742262054191055,-0.0010121912519646774,-0.0010121912519646774,0.0010742262054191055,0.0010742262054191055,0.0015560711572676043,0.0015560711572676043
2013-06-27,-0.012978445505272112,-0.012978445505272112,-0.014297095470642856,-0.014297095470642856,-0.009956609538715033,-0.009956609538715033,-0.002533957420656181,-0.002533957420656181,-0.007953810734612345,-0.007953810734612345,-0.0221217623394167,-0.0221217623394167,-0.020443305809615765,-0.020443305809615765,-0.013882359805981124,-0.013882359805981124,-0.014887295423741297,-0.014887295423741297,-0.00873504320062353,-0.00873504320062353,0.004119927108225874,0.004119927108225874,-0.00873504320062353,-0.00873504320062353,-0.01266951580699599,-0.01266951580699599
2013-06-28,-0.012172642598565464,-0.012172642598565464,-0.00163682424924892,-0.00163682424924892,-0.007550433610763782,-0.007550433610763782,-0.007196287277658225,-0.007196287277658225,0.0008527868519214686,0.0008527868519214686,0.0010099273209518713,0.0010099273209518713,-0.005213736392488337,-0.005213736392488337,-0.007346045104190832,-0.007346045104190832,-0.0024612831540338827,-0.0024612831540338827,-0.008764344674107123,-0.008764344674107123,0.0031892223771845998,0.0031892223771845998,-0.008764344674107123,-0.008764344674107123,-0.005134414202405583,-0.005134414202405583
2013-07-01,0.01620678679431431,0.015612993038930864,0.018723545413361853,0.01770729543773924,0.00643012447840019,0.005242922294348126,0.016156914870975703,0.014786222923363459,0.0020808003785717233,0.0007188090835682402,0.009168155169404946,0.007334821836071612,0.004297555958468591,0.003098275941658262,0.0017433189622775291,0.0004008752957511258,0.009261030070241594,0.008032908864476596,0.0014376085829064245,0.0005374564662751847,-0.01481304036522324,-0.01630574739672098,0.0014376085829064245,0.0005374564662751847,0.008555302942843568,0.008469544072972755
2013-07-02,0.022453970114678357,0.022453970114678357,0.025199353743259694,0.025199353743259694,0.007838674838012023,0.007838674838012023,0.006726582738264872,0.006726582738264872,0.01075773612852893,0.01075773612852893,0.0043104571905339395,0.0043104571905339395,0.004193036286101524,0.004193036286101524,0.0005829244764913386,0.0005829244764913386,0.00844594677870791,0.00844594677870791,0.01932376945690368,0.01932376945690368,-0.003532726955875109,-0.003532726955875109,0.01932376945690368,0.01932376945690368,0.011010269773039653,0.011010269773039653
2013-07-03,-0.003996277527824644,-0.003996277527824644,-0.008475193146729806,-0.008475193146729806,-0.0045398069001830075,-0.0045398069001830075,-0.0016829264321455988,-0.0016829264321455988,0.002545173622845889,0.002545173622845889,-0.015121986850153242,-0.015121986850153242,-0.002887724173589865,-0.002887724173589865,-0.0022821566488757344,-0.0022821566488757344,-0.01744517029484591,-0.01744517029484591,-0.007877030067579286,-0.007877030067579286,-0.003962224336255305,-0.003962224336255305,-0.007877030067579286,-0.007877030067579286,-0.006183744494935931,-0.006183744494935931
2013-07-04,0.014231753300475034,0.014231753300475034,0.01574182545883311,0.01574182545883311,0.012842088635261999,0.012842088635261999,0.0109422797737339,0.0109422797737339,0.007053282778303754,0.007053282778303754,0.019098939145279478,0.019098939145279478,0.008198731836083321,0.008198731836083321,0.002196277203751506,0.002196277203751506,0.011106460859417359,0.011106460859417359,0.014260319911674743,0.014260319911674743,-0.0003000531747332433,-0.0003000531747332433,0.014260319911674743,0.014260319911674743,0.01158403162790673,0.01158403162790673
2013-07-05,0.011625992860722818,0.011625992860722818,0.011169646981663357,0.011169646981663357,0.010268869198670035,0.010268869198670035,0.0028918736488173485,0.0028918736488173485,0.023170480143240232,0.023170480143240232,0.0049111293502798175,0.0049111293502798175,0.012230300312694564,0.012230300312694564,0.010827806284427338,0.010827806284427338,-0.0015358574451029999,-0.0015358574451029999,0.01068758772456555,0.01068758772456555,-0.001259777146614894,-0.001259777146614894,0.01068758772456555,0.01068758772456555,0.009641763041996772,0.009641763041996772
2013-07-08,0.022883370033291585,0.022883370033291585,0.0052253277321265045,0.0052253277321265045,0.021583227935467623,0.021583227935467623,0.008128707959368918,0.008128707959368918,0.023959725405977163,0.023959725405977163,0.007236442500991024,0.007236442500991024,0.017731635299685446,0.017731635299685446,0.01347832159741567,0.01347832159741567,0.02664093421823696,0.02664093421823696,0.01029035243716886,0.01029035243716886,-0.01396889403617797,-0.01396889403617797,0.01029035243716886,0.01029035243716886,0.015696618064208936,0.015696618064208936
2013-07-09,-0.0024551234014572564,-0.0024551234014572564,0.002992946961214846,0.002992946961214846,0.0038813891417890448,0.0038813891417890448,0.006896526902441693,0.006896526902441693,-0.010347220361499106,-0.010347220361499106,0.006270302217217977,0.006270302217217977,0.0009220803391039203,0.0009220803391039203,0.004797027927241029,0.004797027927241029,-0.0004150869944407609,-0.0004150869944407609,0.005126077178837606,0.005126077178837606,0.008363315876477782,0.008363315876477782,0.005126077178837606,0.005126077178837606,0.0017150532891398557,0.0017150532891398557
2013-07-10,0.024284161088712626,0.024284161088712626,0.021354202104705643,0.021354202104705643,0.017388044181519346,0.017388044181519346,0.008038915672620965,0.008038915672620965,0.012562673865926997,0.012562673865926997,0.016033702471920108,0.016033702471920108,0.024264382426879116,0.024264382426879116,0.018919340050952405,0.018919340050952405,0.020782220997565513,0.020782220997565513,0.015610802767052876,0.015610802767052876,-0.010172004941550895,-0.010172004941550895,0.015610802767052876,0.015610802767052876,0.0179388050316295,0.0179388050316295
2013-07-11,-0.006990661305523361,-0.006990661305523361,-0.03449226453028455,-0.03449226453028455,-0.02629607332653721,-0.02629607332653721,-0.018785651689663393,-0.018785651689663393,-0.008901187662345975,-0.008901187662345975,-0.0258896608946977,-0.0258896608946977,-0.031183091588012128,-0.031183091588012128,-0.030451728271075097,-0.030451728271075097,-0.018932450459641134,-0.018932450459641134,-0.015393990889844942,-0.015393990889844942,-0.009083490733660923,-0.009083490733660923,-0.015393990889844942,-0.015393990889844942,-0.02169068575172299,-0.02169068575172299
2013-07-12,0.0137885279850796,0.0137885279850796,-0.007661485533000258,-0.007661485533000258,-0.0009886054262980488,-0.0009886054262980488,-0.003686315842323653,-0.003686315842323653,0.0021406016031525043,0.0021406016031525043,0.0011391167573792643,0.0011391167573792643,-0.001330245902396273,-0.001330245902396273,0.007517906580718846,0.007517906580718846,0.002657491753731799,0.002657491753731799,-0.008853687177361739,-0.008853687177361739,-0.02579146961705455,-0.02579146961705455,-0.008853687177361739,-0.008853687177361739,0.0005128831152852454,0.0005128831152852454
2013-07-15,-0.013321434786454204,-0.013321434786454204,-0.009276702522811816,-0.009276702522811816,-0.019595071679385664,-0.019595071679385664,-0.02111371958976526,-0.02111371958976526,-0.008356914891592607,-0.008356914891592607,-0.011322825732919956,-0.011322825732919956,-0.012707255591635314,-0.012707255591635314,-0.013605022816031868,-0.013605022816031868,-0.01719308886944959,-0.01719308886944959,-0.016040696399913845,-0.016040696399913845,-0.0020184795451325815,-0.0020184795451325815,-0.016040696399913845,-0.016040696399913845,-0.014233384818314479,-0.014233384818314479
2013-07-16,0.01624564279875968,0.01624564279875968,0.0006201699447970826,0.0006201699447970826,-0.004674295031807652,-0.004674295031807652,-0.0033863351880832875,-0.0033863351880832875,0.0070753313688527416,0.0070753313688527416,-0.00897781768813443,-0.00897781768813443,0.006560934104182398,0.006560934104182398,-0.008877237820384798,-0.008877237820384798,-0.007729470359663862,-0.007729470359663862,-0.004637689626101994,-0.004637689626101994,-0.024526088750971904,-0.024526088750971904,-0.004637689626101994,-0.004637689626101994,-0.0006031758508101513,-0.0006031758508101513
2013-07-17,-0.017190693281987985,-0.017190693281987985,-0.008879315451532765,-0.008879315451532765,-0.0010466402967674992,-0.0010466402967674992,-0.008695573879061362,-0.008695573879061362,-0.010651906528558217,-0.010651906528558217,-0.003872651612215515,-0.003872651612215515,-0.00023555037144304793,-0.00023555037144304793,-0.018384150712799658,-0.018384150712799658,-0.013005967173598488,-0.013005967173598488,0.005264835119973936,0.005264835119973936,0.027326128837010466,0.027326128837010466,0.005264835119973936,0.005264835119973936,-0.007749523232399561,-0.007749523232399561
2013-07-18,0.018842938682074227,0.018842938682074227,-0.005683418447429293,-0.005683418447429293,0.003486884494646174,0.003486884494646174,-0.0032316156880322928,-0.0032316156880322928,-0.0008676752242090051,-0.0008676752242090051,0.006849275534424435,0.006849275534424435,-0.00048127392084974926,-0.00048127392084974926,0.0015514677265157024,0.0015514677265157024,0.004141370167215565,0.004141370167215565,-0.005895492787277123,-0.005895492787277123,-0.02893600538946647,-0.02893600538946647,-0.005895492787277123,-0.005895492787277123,0.001977141370811993,0.001977141370811993
2013-07-19,0.013233749553570328,0.013233749553570328,0.01317813867333021,0.01317813867333021,0.02225153464679524,0.02225153464679524,0.02349235585867599,0.02349235585867599,0.01976262493741801,0.01976262493741801,0.028741854041303624,0.028741854041303624,0.02098881653377221,0.02098881653377221,0.019653717783196065,0.019653717783196065,0.021535483760408515,0.021535483760408515,0.01833067081391752,0.01833067081391752,0.004327075479093168,0.004327075479093168,0.01833067081391752,0.01833067081391752,0.020026543315759315,0.020026543315759315
2013-07-22,-0.0001632255994102761,-0.0001632255994102761,-0.01273363075785557,-0.01273363075785557,0.001794563379128649,0.001794563379128649,-0.013787829165151793,-0.013787829165151793,-0.0007423742417317935,-0.0007423742417317935,-0.0021894457726811057,-0.0021894457726811057,-0.0102220616651778,-0.0102220616651778,0.0077739678191512465,0.0077739678191512465,0.003648417531888618,0.003648417531888618,0.004227949859778725,0.004227949859778725,0.005076187412572609,0.005076187412572609,0.004227949859778725,0.004227949859778725,-0.0022378228727605743,-0.0022378228727605743
2013-07-23,-0.006381957040925994,-0.006381957040925994,0.004177183324352047,0.004177183324352047,-0.009789399951174546,-0.009789399951174546,0.004816123810078837,0.004816123810078837,0.007164828314682778,0.007164828314682778,0.0020498333515333433,0.0020498333515333433,-0.0020068021386197123,-0.0020068021386197123,0.008016191736980616,0.008016191736980616,0.01172325961576761,0.01172325961576761,-0.00043662525286775056,-0.00043662525286775056,0.007483515774686341,0.007483515774686341,-0.00043662525286775056,-0.00043662525286775056,0.0018229684380270724,0.0018229684380270724
2013-07-24,0.006800505793299763,0.006800505793299763,0.00444313514532474,0.00444313514532474,-0.007052392471953708,-0.007052392471953708,-0.017122302186767434,-0.017122302186767434,-0.00883935693446192,-0.00883935693446192,0.00861454841199595,0.00861454841199595,0.006888352264306585,0.006888352264306585,-0.0012361767512879536,-0.0012361767512879536,-0.0048458120711860776,-0.0048458120711860776,-0.009710680216376394,-0.009710680216376394,-0.019482746746317784,-0.019482746746317784,-0.009710680216376394,-0.009710680216376394,-0.0021314666196293537,-0.0021314666196293537
2013-07-25,0.008127577380335283,0.008127577380335283,0.009935440224847754,0.009935440224847754,-0.0032926054026383438,-0.0032926054026383438,-0.006416032810880171,-0.006416032810880171,-0.0027816445264971313,-0.0027816445264971313,-0.004037683584561429,-0.004037683584561429,0.006891653933332572,0.006891653933332572,-0.0015747916796084033,-0.0015747916796084033,-0.008631952401630293,-0.008631952401630293,-0.0013482372139077053,-0.0013482372139077053,-0.011854496523322301,-0.011854496523322301,-0.0013482372139077053,-0.0013482372139077053,-0.00021075800525752376,-0.00021075800525752376
2013-07-26,0.01117083590207197,0.01117083590207197,-0.0023836370794951827,-0.0023836370794951827,0.018008802756019012,0.018008802756019012,-0.011127493918213717,-0.011127493918213717,0.007076172683719569,0.007076172683719569,-0.006720622062052057,-0.006720622062052057,0.006478239954315145,0.006478239954315145,-0.003040749824100419,-0.003040749824100419,0.0012852786724870027,0.0012852786724870027,0.008213778911517288,0.008213778911517288,-0.004867442853612874,-0.004867442853612874,0.008213778911517288,0.008213778911517288,0.003055377780810514,0.003055377780810514
2013-07-29,0.006403002158208843,0.006403002158208843,0.014837427400444506,0.014837427400444506,0.011269175432673913,0.011269175432673913,-0.0030027683428012686,-0.0030027683428012686,0.0014629016688462258,0.0014629016688462258,0.011332035125082256,0.011332035125082256,0.010305326898345483,0.010305326898345483,0.0025726475378754356,0.0025726475378754356,0.007836703844265984,0.007836703844265984,0.008245584447074704,0.008245584447074704,0.0013266257554572836,0.0013266257554572836,0.008245584447074704,0.008245584447074704,0.007177705625150476,0.007177705625150476
2013-07-30,3.7289039808848304e-05,3.7289039808848304e-05,0.013842959789059778,0.013842959789059778,-0.006211662933011126,-0.006211662933011126,0.005346359242566069,0.005346359242566069,0.005645393116369506,0.005645393116369506,0.007449607928872226,0.007449607928872226,0.011889958487832333,0.011889958487832333,0.002210674958951848,0.002210674958951848,0.0028918108012949703,0.0028918108012949703,0.017067312653529936,0.017067312653529936,0.020246710272563348,0.020246710272563348,0.017067312653529936,0.017067312653529936,0.005976492263369678,0.005976492263369678
2013-07-31,0.013166740869643097,0.013166740869643097,0.02025849817178699,0.02025849817178699,0.0271340518608175,0.0271340518608175,0.02161555365904915,0.02161555365904915,0.028756836905594888,0.028756836905594888,0.011015776304111607,0.011015776304111607,0.014106895533544146,0.014106895533544146,0.027305521886980454,0.027305521886980454,0.02804588589089262,0.02804588589089262,0.0343522921116905,0.0343522921116905,0.02368322410067872,0.02368322410067872,0.0343522921116905,0.0343522921116905,0.022466582767814616,0.022466582767814616
2013-08-01,0.00674547740892617,0.0063537194671934825,-0.008341674571927582,-0.009548720394151413,-0.0046338753137601385,-0.005826098784293355,-0.0024042307355490733,-0.0037459944888495254,0.011063161277280464,0.009866271618325434,-0.0009717517004839138,-0.0023197466660262386,-0.0008110587343987952,-0.0021905592913561036,0.0009481905453545547,-0.00039023102414072327,0.005453845813939928,0.004608858215632704,-0.002237200434729969,-0.0030914487891403595,-0.009097344819416264,-0.010744061796751463,-0.002237200434729969,-0.0030914487891403595,0.00047762016491637027,0.00039216082914232935
2013-08-02,0.011784927324908486,0.011784927324908486,0.0033108416938732173,0.0033108416938732173,0.004005520320247815,0.004005520320247815,-0.0022194370520705947,-0.0022194370520705947,0.0013653924864283776,0.0013653924864283776,0.001023780826911735,0.001023780826911735,0.012004610984960362,0.012004610984960362,0.014932027061136553,0.014932027061136553,0.010740596638248882,0.010740596638248882,-0.003226134785572986,-0.003226134785572986,-0.015211323287266851,-0.015211323287266851,-0.003226134785572986,-0.003226134785572986,0.005382795968291384,0.005382795968291384
2013-08-05,-0.014772218279483475,-0.014772218279483475,-0.013196397347499608,-0.013196397347499608,0.004654605308443854,0.004654605308443854,-0.007167361588201946,-0.007167361588201946,-0.004464927742966944,-0.004464927742966944,-0.009199061204224335,-0.009199061204224335,-0.010378377632753259,-0.010378377632753259,-0.023535627836703994,-0.023535627836703994,-0.017154316723212635,-0.017154316723212635,-0.009809556546983341,-0.009809556546983341,0.005412248944667125,0.005412248944667125,-0.009809556546983341,-0.009809556546983341,-0.010536422265313984,-0.010536422265313984
2013-08-06,0.008475483837804209,0.008475483837804209,0.000948292295923704,0.000948292295923704,-0.0047628987303075365,-0.0047628987303075365,0.00786226236416738,0.00786226236416738,0.0017943465032217094,0.0017943465032217094,0.002296323034062916,0.002296323034062916,-0.011098382620013779,-0.011098382620013779,-0.0022332067141899864,-0.0022332067141899864,-0.002553600962052836,-0.002553600962052836,-0.0002659755976058011,-0.0002659755976058011,-0.008929341156976078,-0.008929341156976078,-0.0002659755976058011,-0.0002659755976058011,3.690488614799774e-05,3.690488614799774e-05
2013-08-07,0.01544682051039034,0.01544682051039034,0.01464807618642118,0.01464807618642118,0.0038768902587312604,0.0038768902587312604,0.014077098698295931,0.014077098698295931,0.008389319511423896,0.008389319511423896,0.02198546907563273,0.02198546907563273,0.011350477674000665,0.011350477674000665,0.01425912293795761,0.01425912293795761,-0.0011431361893594698,-0.0011431361893594698,0.00977090375046725,0.00977090375046725,-0.006174074054179773,-0.006174074054179773,0.00977090375046725,0.00977090375046725,0.011256728478673567,0.011256728478673567
2013-08-08,0.012707746606472196,0.012707746606472196,-0.006505197567553073,-0.006505197567553073,0.02028941444624649,0.02028941444624649,0.009557518711793299,0.009557518711793299,0.01261765048357033,0.01261765048357033,0.0066336988673192316,0.0066336988673192316,-0.003959174002370863,-0.003959174002370863,0.010835882863902808,0.010835882863902808,0.017008770860395817,0.017008770860395817,0.0068637626658154234,0.0068637626658154234,-0.006444257652567514,-0.006444257652567514,0.0068637626658154234,0.0068637626658154234,0.008625970370635389,0.008625970370635389
2013-08-09,0.006588783674480866,0.006588783674480866,0.005693899462894536,0.005693899462894536,0.009307628779099561,0.009307628779099561,0.008426529562150929,0.008426529562150929,0.007635024950224615,0.007635024950224615,0.006912273268225867,0.006912273268225867,-0.009411082931335859,-0.009411082931335859,0.006117150825557616,0.006117150825557616,0.0075436109185662865,0.0075436109185662865,0.0051017738066216406,0.0051017738066216406,-0.0018189396507320953,-0.0018189396507320953,0.0051017738066216406,0.0051017738066216406,0.0054289322893109815,0.0054289322893109815
2013-08-12,0.010920856435358534,0.010920856435358534,0.00805333406909657,0.00805333406909657,0.0033442478293831683,0.0033442478293831683,0.009501542204593606,0.009501542204593606,0.0016183526437129315,0.0016183526437129315,0.021298522557960792,0.021298522557960792,0.03181092897397618,0.03181092897397618,0.007774534518385367,0.007774534518385367,0.020391240251770498,0.020391240251770498,0.01527279769660319,0.01527279769660319,0.004100716950289471,0.004100716950289471,0.01527279769660319,0.01527279769660319,0.012910747567826644,0.012910747567826644
2013-08-13,0.004266327603473384,0.004266327603473384,0.010108232683664552,0.010108232683664552,0.0005837056910266251,0.0005837056910266251,0.011675665280600623,0.011675665280600623,0.010343389180987612,0.010343389180987612,0.007988010377309064,0.007988010377309064,0.010446562213804324,0.010446562213804324,-0.0008012227398939069,-0.0008012227398939069,0.01161219856730171,0.01161219856730171,0.012758856740232485,0.012758856740232485,0.008847994838694305,0.008847994838694305,0.012758856740232485,0.012758856740232485,0.007881158033038895,0.007881158033038895
2013-08-14,0.010536262896272883,0.010536262896272883,0.012336817315730126,0.012336817315730126,0.00628303182966289,0.00628303182966289,0.01644195872949502,0.01644195872949502,0.010288629557789301,0.010288629557789301,0.014443132043545227,0.014443132043545227,0.00313739082979274,0.00313739082979274,0.004883787183261746,0.004883787183261746,0.0020818216888847992,0.0020818216888847992,0.014456506810806843,0.014456506810806843,0.0038668179710477386,0.0038668179710477386,0.014456506810806843,0.014456506810806843,0.009501221650120741,0.009501221650120741
2013-08-15,0.014427191953223145,0.014427191953223145,0.003682496855006393,0.003682496855006393,0.020393431918570574,0.020393431918570574,0.00396581587516813,0.00396581587516813,0.007978674188099064,0.007978674188099064,0.006222986975150454,0.006222986975150454,0.0039018587753662315,0.0039018587753662315,-0.006526449027279866,-0.006526449027279866,0.005596225457108544,0.005596225457108544,-0.003777866752651172,-0.003777866752651172,-0.01996486157280915,-0.01996486157280915,-0.003777866752651172,-0.003777866752651172,0.0056256849959030915,0.0056256849959030915
2013-08-16,-0.0018541101307537528,-0.0018541101307537528,0.00024141566635270742,0.00024141566635270742,0.0063217690423030964,0.0063217690423030964,-0.0028847871771668816,-0.0028847871771668816,7.292818468337828e-05,7.292818468337828e-05,-0.010066849617603058,-0.010066849617603058,-0.004658999761488615,-0.004658999761488615,0.005094406610784509,0.005094406610784509,-0.00037397545870132575,-0.00037397545870132575,-0.008271273346236162,-0.008271273346236162,-0.006936580578030276,-0.006936580578030276,-0.008271273346236162,-0.008271273346236162,-0.0016607618027051903,-0.0016607618027051903
2013-08-19,0.009094453167272889,0.009094453167272889,0.005434760160382836,0.005434760160382836,-0.007225450454721301,-0.007225450454721301,0.005506141973025452,0.005506141973025452,-0.0016356046568542946,-0.0016356046568542946,-0.007675684278844039,-0.007675684278844039,0.006668513956930321,0.006668513956930321,0.024964876662458276,0.024964876662458276,0.01650191603643703,0.01650191603643703,-0.0035755339967958612,-0.0035755339967958612,-0.0143337908364909,-0.0143337908364909,-0.0035755339967958612,-0.0035755339967958612,0.0047465122009691125,0.0047465122009691125
2013-08-20,-0.03276091214033316,-0.03276091214033316,-0.02576386350681398,-0.02576386350681398,-0.008054251644240458,-0.008054251644240458,-0.04604629035001137,-0.04604629035001137,-0.022301147780670917,-0.022301147780670917,-0.028423629889753388,-0.028423629889753388,-0.026847453815018643,-0.026847453815018643,-0.03912785500520433,-0.03912785500520433,-0.016587772388430892,-0.016587772388430892,-0.032471794040484135,-0.032471794040484135,0.002577299457658306,0.002577299457658306,-0.032471794040484135,-0.032471794040484135,-0.027842735554481197,-0.027842735554481197
2013-08-21,0.002209602453068045,0.002209602453068045,-0.0009503379327064484,-0.0009503379327064484,0.011572581735756529,0.011572581735756529,0.008160542135177093,0.008160542135177093,0.004636747111399885,0.004636747111399885,-0.0013715438130805432,-0.0013715438130805432,0.0063744609838321566,0.0063744609838321566,0.0017159181924561399,0.0017159181924561399,0.007288463632744763,0.007288463632744763,0.0007773622587798849,0.0007773622587798849,-0.0016732004518240206,-0.0016732004518240206,0.0007773622587798849,0.0007773622587798849,0.004080182692043086,0.004080182692043086
2013-08-22,-0.038608629149278324,-0.038608629149278324,-0.03443656176272034,-0.03443656176272034,-0.030581026879039706,-0.030581026879039706,-0.03517305977335335,-0.03517305977335335,-0.028455167084899015,-0.028455167084899015,-0.03295065979205038,-0.03295065979205038,-0.03085660761748094,-0.03085660761748094,-0.03217131423829672,-0.03217131423829672,-0.041144009514095636,-0.041144009514095636,-0.03621032134268996,-0.03621032134268996,0.005187052158935804,0.005187052158935804,-0.03621032134268996,-0.03621032134268996,-0.034076397034993995,-0.034076397034993995
2013-08-23,-0.020477155686349165,-0.020477155686349165,-0.025232244834366785,-0.025232244834366785,-0.01627305867935401,-0.01627305867935401,-0.006213917230761282,-0.006213917230761282,-0.01020608674697007,-0.01020608674697007,-0.0261367897521002,-0.0261367897521002,-0.024213673026457296,-0.024213673026457296,-0.02495562790365268,-0.02495562790365268,-0.018897868359301524,-0.018897868359301524,-0.025826600797369974,-0.025826600797369974,-0.004203097034635008,-0.004203097034635008,-0.025826600797369974,-0.025826600797369974,-0.019763882047531524,-0.019763882047531524
2013-08-26,0.012969353891879238,0.012969353891879238,0.021021368836984862,0.021021368836984862,0.000234995339347132,0.000234995339347132,0.003654471664109948,0.003654471664109948,0.016820287909239225,0.016820287909239225,0.012989498156773464,0.012989498156773464,0.006565647068580152,0.006565647068580152,0.01104437455908978,0.01104437455908978,-0.0011477105025236994,-0.0011477105025236994,-0.0021920141800592305,-0.0021920141800592305,-0.016067359279197717,-0.016067359279197717,-0.0021920141800592305,-0.0021920141800592305,0.008168488557502693,0.008168488557502693
2013-08-27,0.013332407800989224,0.013332407800989224,0.010903999166423478,0.010903999166423478,0.008424098293099348,0.008424098293099348,0.0016078415047894425,0.0016078415047894425,0.003105723296632142,0.003105723296632142,-0.0064867368651234155,-0.0064867368651234155,0.009782741719672227,0.009782741719672227,0.012842349551370646,0.012842349551370646,0.004442940033141744,0.004442940033141744,0.007275330042537897,0.007275330042537897,-0.007282517342619768,-0.007282517342619768,0.007275330042537897,0.007275330042537897,0.006508297701168959,0.006508297701168959
2013-08-28,-0.02049783530005523,-0.02049783530005523,0.0011551729070722557,0.0011551729070722557,-0.008404735095189499,-0.008404735095189499,-0.014084071323931076,-0.014084071323931076,-0.0016280226613659796,-0.0016280226613659796,-0.014967389126219716,-0.014967389126219716,-0.005314829888875503,-0.005314829888875503,-0.027183418174388824,-0.027183418174388824,-0.008846228137505106,-0.008846228137505106,-0.022790317789251485,-0.022790317789251485,-0.0004726428757356885,-0.0004726428757356885,-0.022790317789251485,-0.022790317789251485,-0.012187150243037861,-0.012187150243037861
2013-08-29,-0.00012164419664768573,-0.00012164419664768573,-0.0013970471564867777,-0.0013970471564867777,-0.012784431991131499,-0.012784431991131499,-0.008335233372545887,-0.008335233372545887,-0.02295744841912959,-0.02295744841912959,-0.002888049408231945,-0.002888049408231945,-0.013944342252516591,-0.013944342252516591,-0.004660501391857719,-0.004660501391857719,-0.010628257841338393,-0.010628257841338393,-0.004749690563022754,-0.004749690563022754,-0.004656158208039092,-0.004656158208039092,-0.004749690563022754,-0.004749690563022754,-0.008350813948395316,-0.008350813948395316
2013-08-30,0.011901442662399809,0.011901442662399809,0.010065524237201688,0.010065524237201688,0.02155643104122043,0.02155643104122043,0.014139931347909522,0.014139931347909522,0.017765824351266668,0.017765824351266668,0.019049723587194256,0.019049723587194256,0.007248002085392995,0.007248002085392995,0.019352619597501758,0.019352619597501758,0.017108805718300153,0.017108805718300153,0.020695039770757845,0.020695039770757845,0.007702018856598162,0.007702018856598162,0.020695039770757845,0.020695039770757845,0.01586946068316083,0.01586946068316083
2013-09-02,-0.004219676996706334,-0.00493927473981332,0.004203647298047786,0.003192159768098294,0.010829863020616282,0.009441387622605595,-0.0034287882425074745,-0.004946059127213817,0.0023169801560687375,0.001277775743193523,-0.0062739637598833164,-0.007626124120997937,-0.010596008510164512,-0.012262675176831179,0.0008114073377745168,-0.0007115163975007926,-0.005473003879050697,-0.006649295628315918,-0.015801910691638166,-0.016546517786169883,-0.011669108838959774,-0.013218749031168462,-0.015801910691638166,-0.016546517786169883,-0.0027623070152121842,-0.0028417325970766065
2013-09-03,0.030987550754174788,0.030987550754174788,0.028296285217308422,0.028296285217308422,0.025322428501088658,0.025322428501088658,0.020611168309722382,0.020611168309722382,0.027738682759674907,0.027738682759674907,0.019083270191121438,0.019083270191121438,0.029942798517146194,0.029942798517146194,0.02391084542494839,0.02391084542494839,0.015009072457746525,0.015009072457746525,0.03438362933607901,0.03438362933607901,0.0030742056758258068,0.0030742056758258068,0.03438362933607901,0.03438362933607901,0.02552005886398319,0.02552005886398319
2013-09-04,0.0035357259784631456,0.0035357259784631456,0.0066224573161131,0.0066224573161131,0.00523480555302409,0.00523480555302409,0.00577310459849293,0.00577310459849293,0.004795689586185908,0.004795689586185908,-0.0052606515326634115,-0.0052606515326634115,0.008045080947601336,0.008045080947601336,0.007871271288061588,0.007871271288061588,-0.00011034699349168984,-0.00011034699349168984,0.004929490010729858,0.004929490010729858,0.001406486310173254,0.001406486310173254,0.004929490010729858,0.004929490010729858,0.004159946060786609,0.004159946060786609
2013-09-05,-0.0047435764441318765,-0.0047435764441318765,-0.004126701348859042,-0.004126701348859042,0.01427131253029359,0.01427131253029359,0.008195652214339814,0.008195652214339814,0.006847514130883569,0.006847514130883569,0.0006241320529843893,0.0006241320529843893,0.007329099126981335,0.007329099126981335,0.005813599402166388,0.005813599402166388,0.004664661513480984,0.004664661513480984,0.004604198852403088,0.004604198852403088,0.00965280810756729,0.00965280810756729,0.004604198852403088,0.004604198852403088,0.004358118803243009,0.004358118803243009
2013-09-06,0.013475986096336996,0.013475986096336996,0.025431686562422742,0.025431686562422742,0.01165304490342011,0.01165304490342011,0.018170756985502974,0.018170756985502974,0.013084723554414385,0.013084723554414385,0.014706203119449628,0.014706203119449628,0.005956656460497763,0.005956656460497763,0.012822728858874767,0.012822728858874767,0.012664736696155357,0.012664736696155357,0.011990587068831608,0.011990587068831608,-0.0014648360958363265,-0.0014648360958363265,0.011990587068831608,0.011990587068831608,0.013990559726325433,0.013990559726325433
2013-09-09,-0.011017251358280463,-0.011017251358280463,-0.008042355992485354,-0.008042355992485354,-0.015679467346468558,-0.015679467346468558,0.003092904827372139,0.003092904827372139,-0.0018204156224226168,-0.0018204156224226168,-0.0031012702040844856,-0.0031012702040844856,-3.79345435422649e-05,-3.79345435422649e-05,0.003776901178588481,0.003776901178588481,-0.0036883101784567418,-0.0036883101784567418,8.3427235459574e-05,8.3427235459574e-05,0.011498068897225808,0.011498068897225808,8.3427235459574e-05,8.3427235459574e-05,-0.0036675428884494436,-0.0036675428884494436
2013-09-10,-0.0036203350027824563,-0.0036203350027824563,-0.00798964068380733,-0.00798964068380733,-0.007891255235413976,-0.007891255235413976,0.002161271320382635,0.002161271320382635,-0.01375736086719867,-0.01375736086719867,-0.01575904849116301,-0.01575904849116301,-0.008121828522041935,-0.008121828522041935,-0.011698408596975891,-0.011698408596975891,-0.011216728537185335,-0.011216728537185335,-0.006944479756594719,-0.006944479756594719,-0.00346456223137985,-0.00346456223137985,-0.006944479756594719,-0.006944479756594719,-0.008468938689525102,-0.008468938689525102
2013-09-11,0.0015634677273632502,0.0015634677273632502,0.006174565137537684,0.006174565137537684,0.0055775604054488104,0.0055775604054488104,0.003902233126199034,0.003902233126199034,-0.008289139007143254,-0.008289139007143254,-0.002204483964989785,-0.002204483964989785,0.0037331655624842646,0.0037331655624842646,-0.003432486826819279,-0.003432486826819279,-0.0028311494403275,-0.0028311494403275,-0.008031086423141409,-0.008031086423141409,-0.009801052427668279,-0.009801052427668279,-0.008031086423141409,-0.008031086423141409,-0.0003638714359264054,-0.0003638714359264054
2013-09-12,0.006863776805293056,0.006863776805293056,-0.0036843535084590674,-0.0036843535084590674,0.013952401859836754,0.013952401859836754,-0.00012189658810108327,-0.00012189658810108327,0.004483766461134113,0.004483766461134113,-0.0035180834847073476,-0.0035180834847073476,0.004942370593368433,0.004942370593368433,0.005771167409324526,0.005771167409324526,-0.0017933940125596688,-0.0017933940125596688,0.004710315932610789,0.004710315932610789,-0.0022012522163360262,-0.0022012522163360262,0.004710315932610789,0.004710315932610789,0.003189006135353462,0.003189006135353462
2013-09-13,-0.021070757161061323,-0.021070757161061323,-0.023831726194591563,-0.023831726194591563,-0.014912337820762156,-0.014912337820762156,-0.01290553395006493,-0.01290553395006493,-0.011874163441948955,-0.011874163441948955,-0.006047534861848381,-0.006047534861848381,-0.012467731634269466,-0.012467731634269466,-0.011169851685596893,-0.011169851685596893,-0.02176656344207934,-0.02176656344207934,-0.017073058509253537,-0.017073058509253537,0.0041536618430708236,0.0041536618430708236,-0.017073058509253537,-0.017073058509253537,-0.015322838986785213,-0.015322838986785213
2013-09-16,-0.0013333777404284498,-0.0013333777404284498,0.0064307302997632446,0.0064307302997632446,-0.0004496380080254241,-0.0004496380080254241,0.008703807958038969,0.008703807958038969,0.0009857710087265146,0.0009857710087265146,0.004319009042181377,0.004319009042181377,0.004578192385188456,0.004578192385188456,0.0009311440636012944,0.0009311440636012944,0.006208083664954545,0.006208083664954545,0.006366662889899098,0.006366662889899098,0.007776143784120599,0.007776143784120599,0.006366662889899098,0.006366662889899098,0.003663426957386888,0.003663426957386888
2013-09-17,-0.012700638640718005,-0.012700638640718005,-0.0047250251931957275,-0.0047250251931957275,-0.009491075981145678,-0.009491075981145678,-0.008269507726925418,-0.008269507726925418,-0.009879807250898983,-0.009879807250898983,-0.010841151535644002,-0.010841151535644002,-0.015017859197185545,-0.015017859197185545,-0.01523662237121316,-0.01523662237121316,-0.014115196602139212,-0.014115196602139212,-0.009757985020970979,-0.009757985020970979,0.002835132400993332,0.002835132400993332,-0.009757985020970979,-0.009757985020970979,-0.010986181237211887,-0.010986181237211887
2013-09-18,0.007848356087570361,0.007848356087570361,0.005863924339226027,0.005863924339226027,0.004731168368983536,0.004731168368983536,0.013486517575465172,0.013486517575465172,0.0013468253424283039,0.0013468253424283039,0.011928809954699202,0.011928809954699202,0.012895329213841565,0.012895329213841565,0.007779688659676756,0.007779688659676756,0.00787233849543051,0.00787233849543051,0.007571520125480048,0.007571520125480048,-0.00017111333691272393,-0.00017111333691272393,0.007571520125480048,0.007571520125480048,0.008130039109553625,0.008130039109553625
2013-09-19,0.0027793131704334307,0.0027793131704334307,0.0010428081143381259,0.0010428081143381259,0.010507032229856546,0.010507032229856546,0.0052552733854356005,0.0052552733854356005,0.004259652558565147,0.004259652558565147,0.00489878709434307,0.00489878709434307,-0.006493717513536444,-0.006493717513536444,-0.006402167497907962,-0.006402167497907962,-0.004692691266374815,-0.004692691266374815,-0.010013833375624063,-0.010013833375624063,-0.01280782504053633,-0.01280782504053633,-0.010013833375624063,-0.010013833375624063,0.00014916684179337942,0.00014916684179337942
2013-09-20,-0.002919860992751133,-0.002919860992751133,0.0017972695829012795,0.0017972695829012795,-0.008842015237241525,-0.008842015237241525,0.004580203072249259,0.004580203072249259,-0.0018647966662013596,-0.0018647966662013596,0.004301279546755609,0.004301279546755609,-0.0035981729553369764,-0.0035981729553369764,0.013843128487892669,0.013843128487892669,0.013492605475293871,0.013492605475293871,0.0034841646726004698,0.0034841646726004698,0.006446821256004165,0.006446821256004165,0.0034841646726004698,0.0034841646726004698,0.002358876237379741,0.002358876237379741
2013-09-23,-0.012052572418015344,-0.012052572418015344,0.005981126702861749,0.005981126702861749,-0.009513996911744434,-0.009513996911744434,0.0024292487468479873,0.0024292487468479873,-0.004047806979613253,-0.004047806979613253,-0.004213842264670225,-0.004213842264670225,0.005607654178650549,0.005607654178650549,0.0006890626459427603,0.0006890626459427603,-0.00946927770850557,-0.00946927770850557,-0.003115960980204926,-0.003115960980204926,0.008889734328794594,0.008889734328794594,-0.003115960980204926,-0.003115960980204926,-0.0027137539344742655,-0.0027137539344742655
2013-09-24,-0.01868841730261606,-0.01868841730261606,-0.009646206144031607,-0.009646206144031607,0.007875791607566752,0.007875791607566752,-0.0019581641429330305,-0.0019581641429330305,-0.004816246618375941,-0.004816246618375941,-0.0070499363135127936,-0.0070499363135127936,-0.0027487454221081613,-0.0027487454221081613,-0.0028962730925508077,-0.0028962730925508077,0.0064134453461174535,0.0064134453461174535,-0.00500667940854648,-0.00500667940854648,0.013281370332447097,0.013281370332447097,-0.00500667940854648,-0.00500667940854648,-0.003819876545777275,-0.003819876545777275
2013-09-25,0.00363352004895489,0.00363352004895489,-0.0008527032726013955,-0.0008527032726013955,0.0013748479109823766,0.0013748479109823766,-0.0005001340344851597,-0.0005001340344851597,0.005584277757315015,0.005584277757315015,0.004126954714964761,0.004126954714964761,0.012418619283476776,0.012418619283476776,0.012292199844055449,0.012292199844055449,0.013546664139857294,0.013546664139857294,-0.004309269876663925,-0.004309269876663925,-0.007633286228311301,-0.007633286228311301,-0.004309269876663925,-0.004309269876663925,0.004700865336210094,0.004700865336210094
2013-09-26,-0.011900562153102928,-0.011900562153102928,-0.011640503027194838,-0.011640503027194838,-0.004736262068911449,-0.004736262068911449,-0.006964954744837931,-0.006964954744837931,-0.017873454949709253,-0.017873454949709253,-0.001957211793359724,-0.001957211793359724,-0.00810550765873319,-0.00810550765873319,0.0014076394541005424,0.0014076394541005424,-0.015150499563294915,-0.015150499563294915,-0.01459207102254994,-0.01459207102254994,-0.0028797685900752326,-0.0028797685900752326,-0.01459207102254994,-0.01459207102254994,-0.009082199896502552,-0.009082199896502552
2013-09-27,-0.013172404485721243,-0.013172404485721243,-0.021971058606404283,-0.021971058606404283,-0.006131749223740156,-0.006131749223740156,-0.01473229903821713,-0.01473229903821713,-0.01736793387151078,-0.01736793387151078,-0.010022703777432248,-0.010022703777432248,-0.006305566169699098,-0.006305566169699098,-0.014063843961424518,-0.014063843961424518,-0.003537593982328443,-0.003537593982328443,-0.013882100968219593,-0.013882100968219593,-0.0009241996174353725,-0.0009241996174353725,-0.013882100968219593,-0.013882100968219593,-0.012121753008435526,-0.012121753008435526
2013-09-30,0.020822918253967756,0.020822918253967756,0.007166965464659597,0.007166965464659597,0.01230070832387117,0.01230070832387117,0.014122854196288802,0.014122854196288802,0.007771563966338329,0.007771563966338329,0.006080011299453423,0.006080011299453423,0.010162338168142895,0.010162338168142895,0.013034737050432805,0.013034737050432805,0.030456573280668524,0.030456573280668524,0.018823591617004812,0.018823591617004812,-0.001547427694756111,-0.001547427694756111,0.018823591617004812,0.018823591617004812,0.014017490455430475,0.014017490455430475
2013-10-01,-0.007284510443206438,-0.007694231455847888,0.0009214290129579972,-0.0002621529358858728,-0.006957582549893759,-0.008295900017168114,-0.013273645108708987,-0.014278285188483212,0.00014043645946282268,-0.0010440502686384892,-0.013889180888646546,-0.015252410990580646,0.003657997145941394,0.0021561169422014163,0.005776205266017964,0.004573975985076354,-0.0008146542343648866,-0.002009535936889979,0.002289946668892373,0.0018788954588622865,0.009600015709230858,0.008777812702204735,0.002289946668892373,0.0018788954588622865,-0.002953585806162007,-0.003024945910904785
2013-10-02,-0.015190364026785981,-0.015190364026785981,-0.0038983935128979455,-0.0038983935128979455,-0.011373471613135806,-0.011373471613135806,-0.011937481473358217,-0.011937481473358217,-0.007522322980643554,-0.007522322980643554,-0.023417250741357212,-0.023417250741357212,-0.015119985987065309,-0.015119985987065309,-0.001210535275324903,-0.001210535275324903,-0.022533584739970202,-0.022533584739970202,-0.011026694958968238,-0.011026694958968238,0.003970636970171038,0.003970636970171038,-0.011026694958968238,-0.011026694958968238,-0.012297347500543773,-0.012297347500543773
2013-10-03,0.0011434259336217526,0.0011434259336217526,0.008429151720597498,0.008429151720597498,0.00841555375432224,0.00841555375432224,0.004700339924357095,0.004700339924357095,0.005826620224965124,0.005826620224965124,-0.0036014529343969728,-0.0036014529343969728,-0.00038566052300991523,-0.00038566052300991523,0.007741173603582855,0.007741173603582855,-0.0049222056470615855,-0.0049222056470615855,0.0018346006390204685,0.0018346006390204685,0.0006925747761118714,0.0006925747761118714,0.0018346006390204685,0.0018346006390204685,0.0029553584837030125,0.0029553584837030125
2013-10-04,-0.009595954277448603,-0.009595954277448603,0.00022131243967987062,0.00022131243967987062,-0.002062756791598255,-0.002062756791598255,0.008862984377295584,0.008862984377295584,0.006465723525206021,0.006465723525206021,-0.014178769143364852,-0.014178769143364852,-0.009980072870564575,-0.009980072870564575,0.006716511316136561,0.006716511316136561,-0.001152193258915398,-0.001152193258915398,0.0019714154813136823,0.0019714154813136823,0.011177290192969296,0.011177290192969296,0.0019714154813136823,0.0019714154813136823,-0.0012043451184459283,-0.0012043451184459283
2013-10-07,-0.010331273923285575,-0.010331273923285575,-0.014229989658297687,-0.014229989658297687,-0.002516225634862232,-0.002516225634862232,-0.010451683556300799,-0.010451683556300799,-0.015964007628215572,-0.015964007628215572,-0.020455602229556533,-0.020455602229556533,-0.014750327754546443,-0.014750327754546443,-0.011616785426845418,-0.011616785426845418,-0.01702976158389808,-0.01702976158389808,-0.002910519201985288,-0.002910519201985288,0.006928056179755856,0.006928056179755856,-0.002910519201985288,-0.002910519201985288,-0.011979857654424237,-0.011979857654424237
2013-10-08,-0.0018577284122487207,-0.0018577284122487207,0.0016330610512801436,0.0016330610512801436,-0.004138133244882901,-0.004138133244882901,0.0006900620223510719,0.0006900620223510719,0.005173975516672333,0.005173975516672333,-0.0067904853190470195,-0.0067904853190470195,-0.003793085613811586,-0.003793085613811586,0.01224330389910441,0.01224330389910441,0.0014928677050436582,0.0014928677050436582,0.01147399720376039,0.01147399720376039,0.012745044040822766,0.012745044040822766,0.01147399720376039,0.01147399720376039,0.001718821052447969,0.001718821052447969
2013-10-09,0.00849533780786822,0.00849533780786822,0.008471599709566086,0.008471599709566086,0.0031088792586543264,0.0031088792586543264,0.007155598179861618,0.007155598179861618,0.009868330135787076,0.009868330135787076,0.017767780034292257,0.017767780034292257,0.008164217664509997,0.008164217664509997,0.007124788838780715,0.007124788838780715,0.009085092001107955,0.009085092001107955,-0.0035215419783981164,-0.0035215419783981164,-0.011145905787263988,-0.011145905787263988,-0.0035215419783981164,-0.0035215419783981164,0.007474317908751889,0.007474317908751889
2013-10-10,-0.001878202938707797,-0.001878202938707797,-0.010128314176137479,-0.010128314176137479,0.009014104749503697,0.009014104749503697,0.021787343835531617,0.021787343835531617,-7.526705996100357e-05,-7.526705996100357e-05,0.011366955644793498,0.011366955644793498,0.018535301812331765,0.018535301812331765,-0.0002354825438959378,-0.0002354825438959378,-0.002799400812527301,-0.002799400812527301,0.011510242187050358,0.011510242187050358,0.012879105346032791,0.012879105346032791,0.011510242187050358,0.011510242187050358,0.005641845977418724,0.005641845977418724
2013-10-11,0.006224705532900099,0.006224705532900099,0.009083963697654364,0.009083963697654364,0.010743767872099236,0.010743767872099236,-0.000814706812256886,-0.000814706812256886,-0.005838295862353697,-0.005838295862353697,0.007517667602056705,0.007517667602056705,0.010829449885204779,0.010829449885204779,0.007206730738318489,0.007206730738318489,0.010690655087361889,0.010690655087361889,-0.004017217401128857,-0.004017217401128857,-0.009598304579028136,-0.009598304579028136,-0.004017217401128857,-0.004017217401128857,0.005097165346208643,0.005097165346208643
2013-10-14,-0.015520665863234643,-0.015520665863234643,-0.008334037285817879,-0.008334037285817879,-0.01600380630696316,-0.01600380630696316,-0.006691880190880778,-0.006691880190880778,-0.023126579727475387,-0.023126579727475387,-0.016053306165113496,-0.016053306165113496,-0.015029284759200318,-0.015029284759200318,-0.013593833051373676,-0.013593833051373676,-0.006737144852362387,-0.006737144852362387,-0.01894135688330528,-0.01894135688330528,-0.0039004886625656644,-0.0039004886625656644,-0.01894135688330528,-0.01894135688330528,-0.014004558993525608,-0.014004558993525608
2013-10-15,0.010102689956340515,0.010102689956340515,-0.001571392541414775,-0.001571392541414775,0.006406274886630415,0.006406274886630415,-0.0026987970701857016,-0.0026987970701857016,0.006153546083690836,0.006153546083690836,0.0032319856011883293,0.0032319856011883293,0.016244009643562048,0.016244009643562048,0.005811370757627103,0.005811370757627103,0.0011821081003547287,0.0011821081003547287,0.017058630163378104,0.017058630163378104,0.006990569321649228,0.006990569321649228,0.017058630163378104,0.017058630163378104,0.006185718683726362,0.006185718683726362
2013-10-16,-0.006115534142178259,-0.006115534142178259,-0.0013374448824358322,-0.0013374448824358322,-0.00942861200379324,-0.00942861200379324,-0.004497685368076784,-0.004497685368076784,-0.015787765963734456,-0.015787765963734456,-0.00751590365727626,-0.00751590365727626,0.002595931249195463,0.002595931249195463,-0.0051581857808579695,-0.0051581857808579695,0.0038055012412410703,0.0038055012412410703,-0.007641113441009305,-0.007641113441009305,-0.0017196560647805765,-0.0017196560647805765,-0.007641113441009305,-0.007641113441009305,-0.005103477812937501,-0.005103477812937501
2013-10-17,0.0012132385453773977,0.0012132385453773977,-0.004393580172284816,-0.004393580172284816,-0.0058416788201908765,-0.0058416788201908765,-0.008347026532560087,-0.008347026532560087,-0.013124665948599634,-0.013124665948599634,0.0025674464336521412,0.0025674464336521412,-0.004041818559665457,-0.004041818559665457,-0.009744630857541193,-0.009744630857541193,-0.002413336503781196,-0.002413336503781196,-0.007204903724351687,-0.007204903724351687,-0.008035178091421041,-0.008035178091421041,-0.007204903724351687,-0.007204903724351687,-0.005197192054050494,-0.005197192054050494
2013-10-18,0.007195632789520601,0.007195632789520601,0.0002872333058980378,0.0002872333058980378,0.006139311735497284,0.006139311735497284,0.007830677904761467,0.007830677904761467,0.010476386263387448,0.010476386263387448,0.009744619096311722,0.009744619096311722,0.012775328213711565,0.012775328213711565,0.006497287101936813,0.006497287101936813,0.0042316460475360276,0.0042316460475360276,0.0015007622589977932,0.0015007622589977932,-0.005250254144360791,-0.005250254144360791,0.0015007622589977932,0.0015007622589977932,0.006645527130474391,0.006645527130474391
2013-10-21,0.015595365649157937,0.015595365649157937,0.006280184821287766,0.006280184821287766,0.0035693794978313375,0.0035693794978313375,0.01103119090444796,0.01103119090444796,0.02170429132917442,0.02170429132917442,0.02013106984899854,0.02013106984899854,0.02078710211248326,0.02078710211248326,0.012165602929639363,0.012165602929639363,0.01927792596692398,0.01927792596692398,0.01459263575383067,0.01459263575383067,-0.000569076493280943,-0.000569076493280943,0.01459263575383067,0.01459263575383067,0.014467553110231384,0.014467553110231384
2013-10-22,0.020968207033961343,0.020968207033961343,0.009539944192189526,0.009539944192189526,0.010682304165208907,0.010682304165208907,0.02674956764321869,0.02674956764321869,0.026717651842313936,0.026717651842313936,0.029394258314502642,0.029394258314502642,0.018427217339101354,0.018427217339101354,0.028400178396862263,0.028400178396862263,0.013979374750712927,0.013979374750712927,0.01582052884106822,0.01582052884106822,-0.004527927983623498,-0.004527927983623498,0.01582052884106822,0.01582052884106822,0.02006470027796403,0.02006470027796403
2013-10-23,0.012382716336961891,0.012382716336961891,-0.003487914158277885,-0.003487914158277885,-0.001135425492137604,-0.001135425492137604,0.004033108877120963,0.004033108877120963,0.015588106718496959,0.015588106718496959,0.01867019663236776,0.01867019663236776,0.010154690352506709,0.010154690352506709,0.015208429236285036,0.015208429236285036,0.006787621129289168,0.006787621129289168,0.009678292095308912,0.009678292095308912,-0.0024536438568325677,-0.0024536438568325677,0.009678292095308912,0.009678292095308912,0.00881698109739736,0.00881698109739736
2013-10-24,-0.0029803499088672906,-0.0029803499088672906,-0.00745225553043594,-0.00745225553043594,0.007734791372475916,0.007734791372475916,-0.0045010542973686,-0.0045010542973686,-0.004789500629075386,-0.004789500629075386,0.0008707887686124876,0.0008707887686124876,0.0014726584555001766,0.0014726584555001766,-0.016789574121997844,-0.016789574121997844,0.000600112258377669,0.000600112258377669,-0.005313702215459407,-0.005313702215459407,-0.002421379609573256,-0.002421379609573256,-0.005313702215459407,-0.005313702215459407,-0.0031954515836784872,-0.0031954515836784872
2013-10-25,0.003898634437115278,0.003898634437115278,-0.0033088618068235175,-0.0033088618068235175,0.001563023476927094,0.001563023476927094,0.004937147400690938,0.004937147400690938,-0.009858209634509191,-0.009858209634509191,0.001823846326552886,0.001823846326552886,-0.0009573750838135502,-0.0009573750838135502,0.0066977659102848055,0.0066977659102848055,0.002880348059579582,0.002880348059579582,0.006699621893208706,0.006699621893208706,0.0028950075377005002,0.0028950075377005002,0.006699621893208706,0.006699621893208706,0.001466609572464597,0.001466609572464597
2013-10-28,0.009489469438003294,0.009489469438003294,0.004766503571369351,0.004766503571369351,0.01475215890669319,0.01475215890669319,0.014768397243799733,0.014768397243799733,0.009220970782704573,0.009220970782704573,0.02357447224687016,0.02357447224687016,0.012593426509680875,0.012593426509680875,0.005441809786986112,0.005441809786986112,0.004234824840421966,0.004234824840421966,0.007696783648812801,0.007696783648812801,-0.0016418676151966336,-0.0016418676151966336,0.007696783648812801,0.007696783648812801,0.01065361077355288,0.01065361077355288
2013-10-29,-4.2318931517360166e-05,-4.2318931517360166e-05,0.0025335066296104944,0.0025335066296104944,-0.005543612634560882,-0.005543612634560882,0.002157495179598576,0.002157495179598576,-0.0066319199762189356,-0.0066319199762189356,0.001457976482445303,0.001457976482445303,6.0132594733282654e-05,6.0132594733282654e-05,0.0010719916686289547,0.0010719916686289547,-0.0036294733510611253,-0.0036294733510611253,-0.0014231542709279982,-0.0014231542709279982,-0.001415706149884224,-0.001415706149884224,-0.0014231542709279982,-0.0014231542709279982,-0.000980143275012336,-0.000980143275012336
2013-10-30,0.002931280061644806,0.002931280061644806,0.008195995063875732,0.008195995063875732,0.0064815951718208975,0.0064815951718208975,0.009038424505963694,0.009038424505963694,0.007565936387587455,0.007565936387587455,-0.002427292166082507,-0.002427292166082507,0.0019109524082119357,0.0019109524082119357,-0.005417024909677683,-0.005417024909677683,-0.00176090917590423,-0.00176090917590423,0.0022397162248881915,0.0022397162248881915,-0.0006624520746603916,-0.0006624520746603916,0.0022397162248881915,0.0022397162248881915,0.0028213989830222575,0.0028213989830222575
2013-10-31,0.014764048845174203,0.014764048845174203,0.003921305712856489,0.003921305712856489,0.009118587140281928,0.009118587140281928,0.003315206930196438,0.003315206930196438,0.004577978668325284,0.004577978668325284,0.007599135547123833,0.007599135547123833,0.012201275666199975,0.012201275666199975,0.016706512899907103,0.016706512899907103,0.0051382989067960206,0.0051382989067960206,0.025849274927934554,0.025849274927934554,0.011615340957211354,0.011615340957211354,0.025849274927934554,0.025849274927934554,0.010378565770532526,0.010378565770532526
2013-11-01,-0.002835030318337317,-0.003250958111708423,0.00503455774265138,0.004010448515010702,0.006874090300389879,0.005649518434368503,0.010906405077881542,0.009193811245196217,-0.0022287144589232533,-0.0038953811255899194,0.008520464977950226,0.006805898698504984,0.013589804952708562,0.012245393902586586,0.0028730866734010263,0.0016437631891258212,0.003310772246253091,0.002252176189027048,-0.0026339138384795513,-0.002996849872503264,0.00017900875154253093,-0.0006266044068659816,-0.0026339138384795513,-0.002996849872503264,0.004341236999108933,0.004256898236692855
2013-11-04,0.001688877297723311,0.001688877297723311,-0.018467470065756893,-0.018467470065756893,0.0021551314691694045,0.0021551314691694045,-0.013798957281794061,-0.013798957281794061,-0.007853303649768002,-0.007853303649768002,-0.002943887063636357,-0.002943887063636357,-0.0018399638894957763,-0.0018399638894957763,-0.01356070733237721,-0.01356070733237721,-0.005349940660087564,-0.005349940660087564,0.0021160923538846004,0.0021160923538846004,0.00042723896348053486,0.00042723896348053486,0.0021160923538846004,0.0021160923538846004,-0.005792734826396492,-0.005792734826396492
2013-11-05,-0.004818797449031711,-0.004818797449031711,0.007942331907013968,0.007942331907013968,0.003971609271617774,0.003971609271617774,-0.00351144858445996,-0.00351144858445996,0.010823502392642403,0.010823502392642403,-0.006213763045779082,-0.006213763045779082,0.006565039511714919,0.006565039511714919,-0.0005680796934425776,-0.0005680796934425776,-0.0037905252834102995,-0.0037905252834102995,0.006749275481796181,0.006749275481796181,0.011547505939924886,0.011547505939924886,0.006749275481796181,0.006749275481796181,0.0017063952972203832,0.0017063952972203832
2013-11-06,0.020734529688376246,0.020734529688376246,0.012849061885017929,0.012849061885017929,0.008705270426783112,0.008705270426783112,0.01162436973158246,0.01162436973158246,0.00244637464605586,0.00244637464605586,0.007292788956359784,0.007292788956359784,0.004461239663065133,0.004461239663065133,0.02000764643068418,0.02000764643068418,-0.001239577876648734,-0.001239577876648734,0.016850596668873032,0.016850596668873032,-0.003599445228565529,-0.003599445228565529,0.016850596668873032,0.016850596668873032,0.010352339317847285,0.010352339317847285
2013-11-07,0.0038481895130673153,0.0038481895130673153,0.004834453640965121,0.004834453640965121,-0.009355205951588109,-0.009355205951588109,-0.0031410156303161908,-0.0031410156303161908,0.0074567022407527545,0.0074567022407527545,0.005331424638379528,0.005331424638379528,0.012785885048116072,0.012785885048116072,-0.014606627940482547,-0.014606627940482547,-0.008623610300333463,-0.008623610300333463,0.004795820508140127,0.004795820508140127,0.0009959929051191413,0.0009959929051191413,0.004795820508140127,0.004795820508140127,0.00035758485902372844,0.00035758485902372844
2013-11-08,0.015139014767642992,0.015139014767642992,0.00413406703546266,0.00413406703546266,0.00574174610299191,0.00574174610299191,0.008249063432131916,0.008249063432131916,0.005964326425207077,0.005964326425207077,0.007590807123223624,0.007590807123223624,0.004253722093869904,0.004253722093869904,6.196703992906744e-05,6.196703992906744e-05,0.013789328665383576,0.013789328665383576,0.0005294538711014024,0.0005294538711014024,-0.014724347114576469,-0.014724347114576469,0.0005294538711014024,0.0005294538711014024,0.00652526063801656,0.00652526063801656
2013-11-11,0.015276245824626604,0.015276245824626604,0.002404960722675602,0.002404960722675602,0.017840859611047512,0.017840859611047512,0.0059749922436490716,0.0059749922436490716,0.02143765441711632,0.02143765441711632,0.009020852046706595,0.009020852046706595,0.004365419691052114,0.004365419691052114,0.007542670629369416,0.007542670629369416,0.0020324893210738205,0.0020324893210738205,-0.004407893561609529,-0.004407893561609529,-0.020426380111172683,-0.020426380111172683,-0.004407893561609529,-0.004407893561609529,0.008154183576395102,0.008154183576395102
2013-11-12,-0.00851989121513052,-0.00851989121513052,0.0009581404985234737,0.0009581404985234737,-0.004342880061770146,-0.004342880061770146,0.002312719564909114,0.002312719564909114,0.004525040669872164,0.004525040669872164,0.004565004394116225,0.004565004394116225,-0.0035743107179190985,-0.0035743107179190985,-0.007025879655364936,-0.007025879655364936,0.00477456414374889,0.00477456414374889,-0.0014464088378208558,-0.0014464088378208558,0.007652810189078587,0.007652810189078587,-0.0014464088378208558,-0.0014464088378208558,-0.0007985650424687486,-0.0007985650424687486
2013-11-13,0.003353614069997366,0.003353614069997366,0.007529050076061252,0.007529050076061252,-0.0007808337057347221,-0.0007808337057347221,-0.004572647177426914,-0.004572647177426914,0.016334355263851172,0.016334355263851172,0.010896796569549906,0.010896796569549906,0.019591664733043922,0.019591664733043922,0.00692083411266887,0.00692083411266887,0.012249097617918779,0.012249097617918779,0.004146158987552063,0.004146158987552063,0.0007651883768986147,0.0007651883768986147,0.004146158987552063,0.004146158987552063,0.007594109991713465,0.007594109991713465
2013-11-14,-3.708110359143795e-05,-3.708110359143795e-05,0.0014360891832470232,0.0014360891832470232,-0.00472166117444454,-0.00472166117444454,0.0017531294076086196,0.0017531294076086196,0.017632173331932163,0.017632173331932163,0.004642704234700162,0.004642704234700162,0.0009896498485959912,0.0009896498485959912,0.00755097096735571,0.00755097096735571,-0.009278539555409686,-0.009278539555409686,-0.007333540568548091,-0.007333540568548091,-0.0076236730806891,-0.0076236730806891,-0.007333540568548091,-0.007333540568548091,0.0013129249014070506,0.0013129249014070506
2013-11-15,-0.017490144651111147,-0.017490144651111147,-0.010669359530074193,-0.010669359530074193,-0.016799397958056468,-0.016799397958056468,-0.007323395783090672,-0.007323395783090672,-0.005447157423606663,-0.005447157423606663,-0.0040531698988293,-0.0040531698988293,-0.018441192227666152,-0.018441192227666152,-0.011004327217495675,-0.011004327217495675,-0.005353457740730549,-0.005353457740730549,-0.007610862259588829,-0.007610862259588829,0.010763115284332322,0.010763115284332322,-0.007610862259588829,-0.007610862259588829,-0.010431525529025475,-0.010431525529025475
2013-11-18,0.024413997694201574,0.024413997694201574,0.017751288121294756,0.017751288121294756,0.014733906314245562,0.014733906314245562,0.010639321785318774,0.010639321785318774,0.006483539974216171,0.006483539974216171,-0.0006697747954927504,-0.0006697747954927504,0.026751492070145332,0.026751492070145332,0.018776162103148777,0.018776162103148777,0.012534419218837281,0.012534419218837281,0.02625460085593003,0.02625460085593003,0.0015454909225466303,0.0015454909225466303,0.02625460085593003,0.02625460085593003,0.015702080044513234,0.015702080044513234
2013-11-19,-0.007827333181360932,-0.007827333181360932,-0.0038592465604753556,-0.0038592465604753556,-0.00505054679424479,-0.00505054679424479,-0.008075460816524594,-0.008075460816524594,-0.0017374462002618912,-0.0017374462002618912,-0.003701667796380848,-0.003701667796380848,-0.0030594046331098522,-0.0030594046331098522,-0.0047994751052307045,-0.0047994751052307045,0.00867070468673529,0.00867070468673529,0.00977332564942913,0.00977332564942913,0.01860592662948996,0.01860592662948996,0.00977332564942913,0.00977332564942913,-0.0019795233356601897,-0.0019795233356601897
2013-11-20,-0.02144229757691907,-0.02144229757691907,-0.01648812923456634,-0.01648812923456634,-0.020870200375192452,-0.020870200375192452,-0.02279482939011753,-0.02279482939011753,-0.013848462647792048,-0.013848462647792048,-0.019508692184022847,-0.019508692184022847,-0.027616536040772306,-0.027616536040772306,-0.027562678792034195,-0.027562678792034195,-0.025194406398910282,-0.025194406398910282,-0.030557296812080147,-0.030557296812080147,-0.009630327947810293,-0.009630327947810293,-0.030557296812080147,-0.030557296812080147,-0.022564354026301976,-0.022564354026301976
2013-11-21,-0.014152028969030683,-0.014152028969030683,-0.01168325743192727,-0.01168325743192727,-0.009572069750237545,-0.009572069750237545,-0.005789501875532083,-0.005789501875532083,-0.0009884345576355615,-0.0009884345576355615,-0.013036432204046681,-0.013036432204046681,-0.012323361404639277,-0.012323361404639277,0.0031966863353378376,0.0031966863353378376,0.0009355328023716992,0.0009355328023716992,-0.017565849218869334,-0.017565849218869334,-0.0034315259295420015,-0.0034315259295420015,-0.017565849218869334,-0.017565849218869334,-0.008135824863238708,-0.008135824863238708
2013-11-22,-0.00983142513295785,-0.00983142513295785,-0.008849647746666734,-0.008849647746666734,-0.007910795789872305,-0.007910795789872305,-0.01708803501040955,-0.01708803501040955,-0.00046828221527204237,-0.00046828221527204237,-0.009546144798984161,-0.009546144798984161,-0.013590967433380702,-0.013590967433380702,-0.010218202774094538,-0.010218202774094538,0.0030624300886039147,0.0030624300886039147,-0.021175003148756668,-0.021175003148756668,-0.01134085304087738,-0.01134085304087738,-0.021175003148756668,-0.021175003148756668,-0.00950331482088034,-0.00950331482088034
2013-11-25,-0.004624442221522793,-0.004624442221522793,0.011861909378087176,0.011861909378087176,0.0051051116922983305,0.0051051116922983305,0.006894838931140229,0.006894838931140229,0.011978697665308687,0.011978697665308687,-0.0073486055689024644,-0.0073486055689024644,-0.0008945826924430626,-0.0008945826924430626,-0.004751323286220339,-0.004751323286220339,0.0101857540555003,0.0101857540555003,0.000459161521189958,0.000459161521189958,0.005149312629635798,0.005149312629635798,0.000459161521189958,0.000459161521189958,0.0029429599489943165,0.0029429599489943165
2013-11-26,-0.0075150460762448525,-0.0075150460762448525,-0.0018866326675643797,-0.0018866326675643797,-0.014572169745346066,-0.014572169745346066,0.0022160013745665475,0.0022160013745665475,0.0023146893445774993,0.0023146893445774993,0.004437682988468426,0.004437682988468426,0.010594926126167907,0.010594926126167907,-0.006785320364492024,-0.006785320364492024,-0.014546300669982144,-0.014546300669982144,0.015410044664555322,0.015410044664555322,0.02282646353721407,0.02282646353721407,0.015410044664555322,0.015410044664555322,-0.0010192834754162172,-0.0010192834754162172
2013-11-27,0.0061968429974455005,0.0061968429974455005,-0.00876047149776817,-0.00876047149776817,-0.004961638205081927,-0.004961638205081927,1.777987846192158e-05,1.777987846192158e-05,0.004663329136496516,0.004663329136496516,0.009223876738244433,0.009223876738244433,0.00974651687268244,0.00974651687268244,-0.0010410662511547032,-0.0010410662511547032,0.001553354005409218,0.001553354005409218,-0.009333164439416525,-0.009333164439416525,-0.015226301819333503,-0.015226301819333503,-0.009333164439416525,-0.009333164439416525,0.0007954035907677029,0.0007954035907677029
2013-11-28,0.011697584895782041,0.011697584895782041,0.007573519225250534,0.007573519225250534,0.009023741916558876,0.009023741916558876,0.0053862312675175324,0.0053862312675175324,0.012565301405933047,0.012565301405933047,-0.002937446429281473,-0.002937446429281473,0.012060662936261603,0.012060662936261603,0.0019720528278227966,0.0019720528278227966,-0.0038751849990470476,-0.0038751849990470476,0.006796620652070236,0.006796620652070236,-0.0049240037497226274,-0.0049240037497226274,0.006796620652070236,0.006796620652070236,0.00609416487183566,0.00609416487183566
2013-11-29,0.00026844113431180594,0.00026844113431180594,0.006664092528557953,0.006664092528557953,0.007261041050566292,0.007261041050566292,-0.0014755362811581041,-0.0014755362811581041,0.009604820706626008,0.009604820706626008,-0.0037023599114559317,-0.0037023599114559317,0.016799622206209727,0.016799622206209727,0.0024735997012966383,0.0024735997012966383,0.0051114642699974224,0.0051114642699974224,-0.004225053623141508,-0.004225053623141508,-0.004503886102647759,-0.004503886102647759,-0.004225053623141508,-0.004225053623141508,0.004000426166386499,0.004000426166386499
2013-12-02,-0.006054885667880372,-0.006594074488137845,0.0010855446630044785,8.078528228082512e-05,-0.0017546513263685393,-0.0032826019889360637,-0.0069094144858150575,-0.008443840648989995,-0.002003126451789017,-0.003569546195283585,-0.0006803143093317976,-0.002027097638714492,0.0064105906962173,0.004734181890280723,-0.00448552159320037,-0.006318854926533703,0.00209417296474812,0.0005823186079380481,0.0001481126695337398,-0.000403899160783348,0.006203325063116383,0.0051023713885531875,0.0001481126695337398,-0.000403899160783348,-0.0012073425591035969,-0.0012843919893684836
2013-12-03,0.015809054180111592,0.015809054180111592,0.004999924332686597,0.004999924332686597,0.025247094581217846,0.025247094581217846,0.01344853371046858,0.01344853371046858,0.011717660908910573,0.011717660908910573,0.007792732536108359,0.007792732536108359,0.01413448103991155,0.01413448103991155,0.014904773765507652,0.014904773765507652,0.016527681395300406,0.016527681395300406,0.000815565763627677,0.000815565763627677,-0.014806022748465535,-0.014806022748465535,0.000815565763627677,0.000815565763627677,0.012534279451393637,0.012534279451393637
2013-12-04,0.002674072055295364,0.002674072055295364,0.0005405555729166051,0.0005405555729166051,-0.005607466506716212,-0.005607466506716212,0.011130017899375585,0.011130017899375585,-0.005678568342309646,-0.005678568342309646,-0.003993862822945285,-0.003993862822945285,0.007583778857755484,0.007583778857755484,0.004489073907119004,0.004489073907119004,0.006440242305015015,0.006440242305015015,0.006475391127196531,0.006475391127196531,0.003814959321048184,0.003814959321048184,0.006475391127196531,0.006475391127196531,0.0024000181124174515,0.0024000181124174515
2013-12-05,-0.026621226117252362,-0.026621226117252362,-0.011433093569818963,-0.011433093569818963,-0.022450446851329284,-0.022450446851329284,-0.02384353416060772,-0.02384353416060772,-0.024559431228469722,-0.024559431228469722,-0.016670489392769154,-0.016670489392769154,-0.022395502493419317,-0.022395502493419317,-0.033140786043356976,-0.033140786043356976,-0.017706485418195524,-0.017706485418195524,-0.016304845260852872,-0.016304845260852872,0.010576093095071726,0.010576093095071726,-0.016304845260852872,-0.016304845260852872,-0.021525114172854,-0.021525114172854
2013-12-06,-0.011013601574484454,-0.011013601574484454,-0.005141502015585032,-0.005141502015585032,-0.0018230432426309222,-0.0018230432426309222,-0.0036435190890864574,-0.0036435190890864574,-0.007697216530153508,-0.007697216530153508,-0.0002884360725582645,-0.0002884360725582645,-0.006059842881312992,-0.006059842881312992,-0.0016344105267121216,-0.0016344105267121216,-0.0052690806884898005,-0.0052690806884898005,0.0056501103709003814,0.0056501103709003814,0.016360701727867466,0.016360701727867466,0.0056501103709003814,0.0056501103709003814,-0.0036920622013802942,-0.0036920622013802942
2013-12-09,-0.025879074744931514,-0.025879074744931514,-0.004442777451120828,-0.004442777451120828,-0.021701548834713355,-0.021701548834713355,-0.025818084496903374,-0.025818084496903374,-0.031478817321240915,-0.031478817321240915,-0.022981579907269258,-0.022981579907269258,-0.015564603044331226,-0.015564603044331226,-0.015556207946097276,-0.015556207946097276,-0.019646192279679245,-0.019646192279679245,-0.022100624732292736,-0.022100624732292736,0.003125774478655914,0.003125774478655914,-0.022100624732292736,-0.022100624732292736,-0.02048876455381655,-0.02048876455381655
2013-12-10,0.007658509745918509,0.007658509745918509,-0.0014407453158364687,-0.0014407453158364687,-0.0022333543503978556,-0.0022333543503978556,-0.004910404251254805,-0.004910404251254805,-0.0050062088364977095,-0.0050062088364977095,-0.001348969611427859,-0.001348969611427859,-0.008206051718476668,-0.008206051718476668,0.0036495820125860175,0.0036495820125860175,-0.0003758252767083179,-0.0003758252767083179,0.00854434311902342,0.00854434311902342,0.0010307467781976365,0.0010307467781976365,0.00854434311902342,0.00854434311902342,-0.0003774369241693347,-0.0003774369241693347
2013-12-11,-0.01489487358565833,-0.01489487358565833,-0.002957903433422375,-0.002957903433422375,2.0886618387610124e-05,2.0886618387610124e-05,-0.00479637950292154,-0.00479637950292154,0.0044933194451829556,0.0044933194451829556,-0.002267257692735671,-0.002267257692735671,0.003291481327006648,0.003291481327006648,-0.002896252069207022,-0.002896252069207022,0.007168043573759435,0.007168043573759435,-0.0035931583453419668,-0.0035931583453419668,0.010442098211095706,0.010442098211095706,-0.0035931583453419668,-0.0035931583453419668,-0.0016347905700778698,-0.0016347905700778698
2013-12-12,0.009850317113270645,0.009850317113270645,0.012897780429678892,0.012897780429678892,0.008322690759681148,0.008322690759681148,0.01461839051916302,0.01461839051916302,0.014446942968040735,0.014446942968040735,0.011777574423053336,0.011777574423053336,0.0033266667165987585,0.0033266667165987585,0.01969515965621953,0.01969515965621953,0.004180255509338064,0.004180255509338064,0.007165661800017898,0.007165661800017898,-0.0021837129786279365,-0.0021837129786279365,0.007165661800017898,0.007165661800017898,0.010589445762371388,0.010589445762371388
2013-12-13,0.012344931844395212,0.012344931844395212,0.007781575329555528,0.007781575329555528,0.01268231973047142,0.01268231973047142,0.018522454818356543,0.018522454818356543,0.006111808092210469,0.006111808092210469,0.020931743564083064,0.020931743564083064,0.012085135983475697,0.012085135983475697,0.003920799909658729,0.003920799909658729,0.022280754785931244,0.022280754785931244,0.021322085445964332,0.021322085445964332,0.008972502523351371,0.008972502523351371,0.021322085445964332,0.021322085445964332,0.013813619957511167,0.013813619957511167
2013-12-16,-0.001160574385363458,-0.001160574385363458,-0.00781239345422297,-0.00781239345422297,-0.0032310730009344106,-0.0032310730009344106,0.005762626781319885,0.005762626781319885,-0.0013567353975124912,-0.0013567353975124912,-0.00278271170595715,-0.00278271170595715,-0.001106031864847958,-0.001106031864847958,-0.0031623125443381397,-0.0031623125443381397,0.00201783058675184,0.00201783058675184,0.01386445173708258,0.01386445173708258,0.014449364266359774,0.014449364266359774,0.01386445173708258,0.01386445173708258,0.00012902024896270037,0.00012902024896270037
2013-12-17,-0.008074173467349495,-0.008074173467349495,-0.004665731824742719,-0.004665731824742719,-0.005364606006972039,-0.005364606006972039,-0.003938398823876424,-0.003938398823876424,-0.003560092392301818,-0.003560092392301818,0.0012412315222758963,0.0012412315222758963,-0.0021696478377469675,-0.0021696478377469675,-0.005829193012372807,-0.005829193012372807,-0.00950895993751656,-0.00950895993751656,-0.00796444353240839,-0.00796444353240839,-0.00034500624376119886,-0.00034500624376119886,-0.00796444353240839,-0.00796444353240839,-0.004999568235194572,-0.004999568235194572
2013-12-18,0.0003860833658871649,0.0003860833658871649,0.007927553407678966,0.007927553407678966,0.015028385725822893,0.015028385725822893,0.007521046051071361,0.007521046051071361,0.00028999915125998716,0.00028999915125998716,0.007076982363841861,0.007076982363841861,-0.008531144290526944,-0.008531144290526944,0.008760819604792509,0.008760819604792509,0.004424049675289264,0.004424049675289264,-0.002417408705833563,-0.002417408705833563,-0.0026616185848312443,-0.0026616185848312443,-0.002417408705833563,-0.002417408705833563,0.004043199889256476,0.004043199889256476
2013-12-19,-0.002098986570633411,-0.002098986570633411,-0.006012578963489365,-0.006012578963489365,-0.02185423822367962,-0.02185423822367962,-0.0018816783160503759,-0.0018816783160503759,-0.007550529468989804,-0.007550529468989804,0.00222571508685089,0.00222571508685089,-0.004354730634223256,-0.004354730634223256,-0.006821017612122374,-0.006821017612122374,-0.011579099051027424,-0.011579099051027424,0.006584824665677912,0.006584824665677912,0.00820155325470945,0.00820155325470945,0.006584824665677912,0.006584824665677912,-0.005328594311053267,-0.005328594311053267
2013-12-20,-0.0003391232885862162,-0.0003391232885862162,-0.007004865869867829,-0.007004865869867829,0.0014497246197413744,0.0014497246197413744,0.0025761108376978125,0.0025761108376978125,0.013674887292143334,0.013674887292143334,-0.0007432432720351409,-0.0007432432720351409,0.0033886697327110233,0.0033886697327110233,-0.006601890620394022,-0.006601890620394022,-0.002602445675841331,-0.002602445675841331,0.001013674880873441,0.001013674880873441,0.0012723379500683574,0.0012723379500683574,0.001013674880873441,0.001013674880873441,0.00042668944580105705,0.00042668944580105705
2013-12-23,0.010892224188409544,0.010892224188409544,0.02762097928722236,0.02762097928722236,0.0003392947244936738,0.0003392947244936738,0.011247633717385585,0.011247633717385585,0.012595654068342066,0.012595654068342066,0.014656709887151367,0.014656709887151367,0.014171479845437198,0.014171479845437198,0.014655757327618889,0.014655757327618889,0.008584422427520012,0.008584422427520012,0.009106958347444887,0.009106958347444887,-0.0010317202711834033,-0.0010317202711834033,0.009106958347444887,0.009106958347444887,0.012385062195338128,0.012385062195338128
2013-12-24,-0.007457811896389069,-0.007457811896389069,0.004144329828643925,0.004144329828643925,-0.0077051153459248446,-0.0077051153459248446,0.0011079078826325673,0.0011079078826325673,-0.01878815639344639,-0.01878815639344639,0.003515174992509708,0.003515174992509708,-0.0008246291990483463,-0.0008246291990483463,-0.009573662820765626,-0.009573662820765626,0.005819250362186751,0.005819250362186751,-0.0013384618921329474,-0.0013384618921329474,0.00545201094991967,0.00545201094991967,-0.0013384618921329474,-0.0013384618921329474,-0.0030050016843601573,-0.0030050016843601573
2013-12-25,0.00749210546498288,0.00749210546498288,0.019275512341004445,0.019275512341004445,0.014702162514903893,0.014702162514903893,-0.00887996772555158,-0.00887996772555158,0.002428438222497544,0.002428438222497544,0.011580431261112963,0.011580431261112963,0.01720401841061065,0.01720401841061065,0.008715696924434814,0.008715696924434814,0.009565758018633123,0.009565758018633123,0.014836719370664279,0.014836719370664279,0.007535614266690671,0.007535614266690671,0.014836719370664279,0.014836719370664279,0.009728830054041463,0.009728830054041463
2013-12-26,0.004903026813521696,0.004903026813521696,-0.0011181506328879738,-0.0011181506328879738,-0.007703899300458085,-0.007703899300458085,0.014798559204025525,0.014798559204025525,0.004103634999500757,0.004103634999500757,0.017485046316585113,0.017485046316585113,0.006556627472090176,0.006556627472090176,0.006505604798450171,0.006505604798450171,0.01687470059125034,0.01687470059125034,-0.007843796419422799,-0.007843796419422799,-0.011950647682832122,-0.011950647682832122,-0.007843796419422799,-0.007843796419422799,0.0054678844594065025,0.0054678844594065025
2013-12-27,-0.013894409242616246,-0.013894409242616246,-0.009098480337072858,-0.009098480337072858,-0.015620071915340816,-0.015620071915340816,-0.01464719393895441,-0.01464719393895441,-0.013693284320225561,-0.013693284320225561,-0.012845499091982336,-0.012845499091982336,-0.005420972331909375,-0.005420972331909375,-0.00728416903769359,-0.00728416903769359,0.000901937166176088,0.000901937166176088,-0.009085020420748165,-0.009085020420748165,0.0038048870686814345,0.0038048870686814345,-0.009085020420748165,-0.009085020420748165,-0.009994410793589694,-0.009994410793589694
2013-12-30,0.013820712982490473,0.013820712982490473,0.006525501537234866,0.006525501537234866,0.009893289637443584,0.009893289637443584,0.011658149765351221,0.011658149765351221,0.017792056269696925,0.017792056269696925,0.01776588595964673,0.01776588595964673,0.0057015005579137135,0.0057015005579137135,0.008557754805901041,0.008557754805901041,0.01598612511112541,0.01598612511112541,0.0034982800583951896,0.0034982800583951896,-0.00897738005856218,-0.00897738005856218,0.0034982800583951896,0.0034982800583951896,0.011086217504206288,0.011086217504206288
2013-12-31,-0.00011333097408666466,-0.00011333097408666466,0.0008312991421989728,0.0008312991421989728,0.002667008725664356,0.002667008725664356,0.009599741913444601,0.009599741913444601,0.008287041773163455,0.008287041773163455,0.009276637227169007,0.009276637227169007,0.013739444809592875,0.013739444809592875,0.01714397429043452,0.01714397429043452,0.006251690678557521,0.006251690678557521,0.00837098337070393,0.00837098337070393,0.008216798028526538,0.008216798028526538,0.00837098337070393,0.00837098337070393,0.0076351383154078575,0.0076351383154078575
2014-01-01,0.011733669995878548,0.011345441401869744,0.0021775426796935005,0.0012915716396324141,-0.006101817098549844,-0.007024085993431053,0.005328341871150055,0.0044568762513303726,0.008265244119733062,0.007066375136082556,0.014637481620200843,0.013127118455984172,-0.0036423567386928424,-0.0047040237426468024,-0.013785477322909023,-0.015124919677147332,0.0016002734600752966,8.059040977625282e-05,-0.006269671672830657,-0.007489338939839644,-0.018044496359418072,-0.019648950255310688,-0.006269671672830657,-0.007489338939839644,0.0013816606410235188,0.001293786031947271
2014-01-02,-0.006960937957071671,-0.006960937957071671,-0.01545985265194472,-0.01545985265194472,-0.013237334905279173,-0.013237334905279173,0.0020017730706601193,0.0020017730706601193,-0.0012320618940272754,-0.0012320618940272754,-0.0009158033850569219,-0.0009158033850569219,0.0006553869074528338,0.0006553869074528338,-0.009052456061676933,-0.009052456061676933,-0.007790909080939518,-0.007790909080939518,-0.014568588223478991,-0.014568588223478991,-0.007571543777837639,-0.007571543777837639,-0.014568588223478991,-0.014568588223478991,-0.006629605275152833,-0.006629605275152833
2014-01-03,-0.0062739581995354,-0.0062739581995354,-0.0076053837088971964,-0.0076053837088971964,-0.011378560539361541,-0.011378560539361541,0.014017149733207737,0.014017149733207737,-0.008367991326709883,-0.008367991326709883,0.016305365193105898,0.016305365193105898,-0.013098927611962938,-0.013098927611962938,-0.0005914299715683293,-0.0005914299715683293,-0.004660739879493141,-0.004660739879493141,-0.004560264748200462,-0.004560264748200462,0.001888304268202485,0.001888304268202485,-0.004560264748200462,-0.004560264748200462,-0.0025586191680862197,-0.0025586191680862197
2014-01-06,-0.001728100961853461,-0.001728100961853461,-0.006483423492117236,-0.006483423492117236,0.00223907578220537,0.00223907578220537,-0.006539261453994969,-0.006539261453994969,-0.004055627367976378,-0.004055627367976378,-0.016590334206340734,-0.016590334206340734,-0.007704999929764879,-0.007704999929764879,-0.007481228045978775,-0.007481228045978775,-0.01026822150276599,-0.01026822150276599,-0.005051808467055113,-0.005051808467055113,-0.003277102936658084,-0.003277102936658084,-0.005051808467055113,-0.005051808467055113,-0.006422201301898283,-0.006422201301898283
2014-01-07,0.0016114054135501767,0.0016114054135501767,0.00756509048733591,0.00756509048733591,0.010499605904291808,0.010499605904291808,0.0033016539749551616,0.0033016539749551616,-0.0027730605722879227,-0.0027730605722879227,0.0063278682915461895,0.0063278682915461895,0.0004920551301732272,0.0004920551301732272,-0.0039086807271017,-0.0039086807271017,0.004140968648203442,0.004140968648203442,0.003482384263308095,0.003482384263308095,0.001820354310982845,0.001820354310982845,0.003482384263308095,0.003482384263308095,0.0030722550469518433,0.0030722550469518433
2014-01-08,-0.024295951720435156,-0.024295951720435156,-0.010562404327543674,-0.010562404327543674,-0.005048635258539619,-0.005048635258539619,-0.014538049228568288,-0.014538049228568288,-0.012934911994620917,-0.012934911994620917,-0.008964577681829329,-0.008964577681829329,-0.0036529827107237164,-0.0036529827107237164,-0.0028596711503040577,-0.0028596711503040577,-0.01187160649229789,-0.01187160649229789,-0.022491710019076364,-0.022491710019076364,0.002432970391711549,0.002432970391711549,-0.022491710019076364,-0.022491710019076364,-0.011754759640655865,-0.011754759640655865
2014-01-09,0.004820509573893221,0.004820509573893221,-0.002460962315568212,-0.002460962315568212,0.0002040023176967781,0.0002040023176967781,0.002352764338734,0.002352764338734,-0.0005060067537555083,-0.0005060067537555083,-0.002241481374939094,-0.002241481374939094,0.002894162158360542,0.002894162158360542,-0.0031288928232347667,-0.0031288928232347667,0.011374991450649146,0.011374991450649146,0.015463772958420788,0.015463772958420788,0.01025067250903659,0.01025067250903659,0.015463772958420788,0.015463772958420788,0.002832822527051089,0.002832822527051089
2014-01-10,-0.02143129927690441,-0.02143129927690441,-0.02451386119610969,-0.02451386119610969,-0.01785564374768696,-0.01785564374768696,-0.02909356581919088,-0.02909356581919088,-0.014230006037918574,-0.014230006037918574,-0.022606504881979884,-0.022606504881979884,-0.013963926592799077,-0.013963926592799077,-0.022123875465109345,-0.022123875465109345,-0.012841349744842008,-0.012841349744842008,-0.022387393830416914,-0.022387393830416914,-0.0006548840370970248,-0.0006548840370970248,-0.022387393830416914,-0.022387393830416914,-0.02012451906740391,-0.02012451906740391
2014-01-13,0.0019079976193573153,0.0019079976193573153,0.017573649400845836,0.017573649400845836,0.002219111581991455,0.002219111581991455,0.0031870686686058724,0.0031870686686058724,0.010585880406952838,0.010585880406952838,-0.006994618022267869,-0.006994618022267869,0.0015865906244757098,0.0015865906244757098,-0.002383667561692536,-0.002383667561692536,-0.0004326699098234333,-0.0004326699098234333,-0.013247131447940184,-0.013247131447940184,-0.014537215224888461,-0.014537215224888461,-0.013247131447940184,-0.013247131447940184,0.00138736419840873,0.00138736419840873
2014-01-14,-0.0067966122392899815,-0.0067966122392899815,-0.005333265148851837,-0.005333265148851837,0.01312869619301061,0.01312869619301061,0.005710139822745272,0.005710139822745272,-0.006291618184165881,-0.006291618184165881,-0.0007444178205695492,-0.0007444178205695492,0.0155143091870004,0.0155143091870004,0.005278177700321497,0.005278177700321497,0.014872036216883034,0.014872036216883034,-0.0019282658572732586,-0.0019282658572732586,0.004862756913901296,0.004862756913901296,-0.0019282658572732586,-0.0019282658572732586,0.003351126714031172,0.003351126714031172
2014-01-15,0.022436393846926368,0.022436393846926368,0.02586399570738607,0.02586399570738607,0.020954642786903028,0.020954642786903028,0.028723349649634473,0.028723349649634473,0.022550606850344348,0.022550606850344348,0.02479060751099146,0.02479060751099146,0.03121088729847649,0.03121088729847649,0.03443119018944963,0.03443119018944963,0.022815984000757655,0.022815984000757655,0.02612558266880817,0.02612558266880817,0.002980265297681234,0.002980265297681234,0.02612558266880817,0.02612558266880817,0.02597337263524297,0.02597337263524297
2014-01-16,-0.015381775062470893,-0.015381775062470893,-0.011970361911996847,-0.011970361911996847,-0.019524922354125673,-0.019524922354125673,-0.010763590425552517,-0.010763590425552517,-0.00505778834033686,-0.00505778834033686,-0.005688156760869419,-0.005688156760869419,-0.017042456998733642,-0.017042456998733642,-0.015491759436312678,-0.015491759436312678,-0.009016842894098487,-0.009016842894098487,-0.01972946808445255,-0.01972946808445255,-0.003917205672066891,-0.003917205672066891,-0.01972946808445255,-0.01972946808445255,-0.012923911559799703,-0.012923911559799703
2014-01-17,0.013794005204624121,0.013794005204624121,0.00106646311522,0.00106646311522,0.0027115410349315633,0.0027115410349315633,0.017990424247655498,0.017990424247655498,0.01741197981945295,0.01741197981945295,0.010580879493257579,0.010580879493257579,0.008410256763489086,0.008410256763489086,0.01655679220407035,0.01655679220407035,0.009954560516362947,0.009954560516362947,0.007544789274727205,0.007544789274727205,-0.006332600550178501,-0.006332600550178501,0.007544789274727205,0.007544789274727205,0.01062951636439426,0.01062951636439426
2014-01-20,0.011559424222576751,0.011559424222576751,0.003943897586859672,0.003943897586859672,0.01590882621938423,0.01590882621938423,0.0008184828894873125,0.0008184828894873125,-0.0025890649505715254,-0.0025890649505715254,0.0075115407201286535,0.0075115407201286535,-0.011118726424621018,-0.011118726424621018,0.01392709925390157,0.01392709925390157,0.008960390998360417,0.008960390998360417,0.0013502894974803926,0.0013502894974803926,-0.010286230523168353,-0.010286230523168353,0.0013502894974803926,0.0013502894974803926,0.004977483282867157,0.004977483282867157
2014-01-21,0.0017162071738017906,0.0017162071738017906,-0.0010928996833812197,-0.0010928996833812197,0.0108224224421208,0.0108224224421208,-0.001960911655721072,-0.001960911655721072,-0.001078904654206294,-0.001078904654206294,0.011998808720543309,0.011998808720543309,-0.008274864930941107,-0.008274864930941107,-0.005950773655856882,-0.005950773655856882,0.012727930610585504,0.012727930610585504,-0.011516568858253966,-0.011516568858253966,-0.013087752645608833,-0.013087752645608833,-0.011516568858253966,-0.011516568858253966,0.0008528732122736258,0.0008528732122736258
2014-01-22,0.0032595697364853357,0.0032595697364853357,0.007149051459737491,0.007149051459737491,-0.0012452811712803354,-0.0012452811712803354,0.0007883967466526609,0.0007883967466526609,0.0006964924147730509,0.0006964924147730509,0.009866361728670257,0.009866361728670257,0.00971687423475278,0.00971687423475278,0.004097721709451622,0.004097721709451622,0.003138339727655038,0.003138339727655038,0.005844753485764987,0.005844753485764987,0.0023649872873291716,0.0023649872873291716,0.005844753485764987,0.005844753485764987,0.004308873190707591,0.004308873190707591
2014-01-23,-0.004247850127686827,-0.004247850127686827,0.00708605600508201,0.00708605600508201,0.006983460870161987,0.006983460870161987,0.00952531250262152,0.00952531250262152,0.007372478995990495,0.007372478995990495,0.0038847311083788066,0.0038847311083788066,-0.010720909854116528,-0.010720909854116528,0.006174392815592701,0.006174392815592701,-0.009702634767208439,-0.009702634767208439,0.008022999064706174,0.008022999064706174,0.012357150923312219,0.012357150923312219,0.008022999064706174,0.008022999064706174,0.0023870042919766684,0.0023870042919766684
2014-01-24,0.006286891882963344,0.006286891882963344,-0.0068182755687456655,-0.0068182755687456655,-0.008465665181617248,-0.008465665181617248,-0.0027018341998300294,-0.0027018341998300294,-0.0050321917057279016,-0.0050321917057279016,0.00014032048092706964,0.00014032048092706964,-0.002185137650991555,-0.002185137650991555,0.0017062633749234026,0.0017062633749234026,-0.0007843501090854439,-0.0007843501090854439,0.0011548546490215519,0.0011548546490215519,-0.005305961640583506,-0.005305961640583506,0.0011548546490215519,0.0011548546490215519,-0.0016930756631267133,-0.0016930756631267133
2014-01-27,0.015296737514373751,0.015296737514373751,0.016219204683927582,0.016219204683927582,0.004552825299448823,0.004552825299448823,0.009827291124050808,0.009827291124050808,0.012764792085429426,0.012764792085429426,0.014134053380806717,0.014134053380806717,0.01683632497263812,0.01683632497263812,0.026992241674252047,0.026992241674252047,0.01663013387089067,0.01663013387089067,0.01153154423279936,0.01153154423279936,-0.004433825840331847,-0.004433825840331847,0.01153154423279936,0.01153154423279936,0.014467409663311257,0.014467409663311257
2014-01-28,0.001181695459721751,0.001181695459721751,-0.0072966735203020446,-0.0072966735203020446,-0.0035481875119078164,-0.0035481875119078164,-0.00010639146859944262,-0.00010639146859944262,-0.005622476031233692,-0.005622476031233692,0.006506717416164379,0.006506717416164379,0.0063540721907453905,0.0063540721907453905,-0.012051806902725316,-0.012051806902725316,-0.0016544835106464353,-0.0016544835106464353,-0.019336201545275537,-0.019336201545275537,-0.02071383691097688,-0.02071383691097688,-0.019336201545275537,-0.019336201545275537,-0.003436194553148176,-0.003436194553148176
2014-01-29,0.009411890219687122,0.009411890219687122,0.025135207199424376,0.025135207199424376,0.014047474087108696,0.014047474087108696,-0.001944376727838512,-0.001944376727838512,0.010634187312960876,0.010634187312960876,0.022038036115663247,0.022038036115663247,0.00657692139500262,0.00657692139500262,0.008439127438364476,0.008439127438364476,0.004594100227488282,0.004594100227488282,0.010825386999407135,0.010825386999407135,0.0007390239249101135,0.0007390239249101135,0.010825386999407135,0.010825386999407135,0.010953784103294324,0.010953784103294324
2014-01-30,-0.01257513367990195,-0.01257513367990195,-0.008381420826660713,-0.008381420826660713,-0.020118875267706914,-0.020118875267706914,-0.007498484095413215,-0.007498484095413215,-0.0027150471841494344,-0.0027150471841494344,-0.009216583368331435,-0.009216583368331435,0.00037862939241437975,0.00037862939241437975,-0.00500263962769895,-0.00500263962769895,-0.005384241689196708,-0.005384241689196708,0.004488067890156368,0.004488067890156368,0.018280297813156928,0.018280297813156928,0.004488067890156368,0.004488067890156368,-0.006693817688151234,-0.006693817688151234
2014-01-31,-0.0068715929515831215,-0.0068715929515831215,-0.007881099374039234,-0.007881099374039234,-0.00025209251580116587,-0.00025209251580116587,-0.013433311261792362,-0.013433311261792362,-0.010403320861382265,-0.010403320861382265,-0.004738535889936066,-0.004738535889936066,0.0016117185527053505,0.0016117185527053505,0.003296526751182123,0.003296526751182123,-0.012432546987735039,-0.012432546987735039,-0.01241645795070967,-0.01241645795070967,-0.00520631881593114,-0.00520631881593114,-0.01241645795070967,-0.01241645795070967,-0.006346973771509381,-0.006346973771509381
2014-02-03,-0.019123592784428545,-0.01934042141353406,-0.006742440677802497,-0.007495152184896025,-0.018715587415205404,-0.019575554557256545,-0.012897615012744001,-0.014417891736300922,-0.016647852869503432,-0.018152405018697384,-0.013133340365720225,-0.01464812675730968,-0.00252002182484945,-0.0042175175674873805,-0.011072558273732214,-0.012083280987235743,-0.018009974154503117,-0.019047097333882254,-0.003213108858658331,-0.004088715924638219,0.015911252743009197,0.014795620796058256,-0.003213108858658331,-0.004088715924638219,-0.012195594867281168,-0.012279354119423788
2014-02-04,0.010725978853298214,0.010725978853298214,-0.00010938523470704312,-0.00010938523470704312,0.010477746684625928,0.010477746684625928,-0.0012308912898523643,-0.0012308912898523643,0.00979006497489366,0.00979006497489366,0.011604263531000688,0.011604263531000688,0.0032083623112739517,0.0032083623112739517,0.00759902417537676,0.00759902417537676,0.020132590485261462,0.020132590485261462,-0.0026726842031400905,-0.0026726842031400905,-0.012971971895541666,-0.012971971895541666,-0.0026726842031400905,-0.0026726842031400905,0.006920170120401685,0.006920170120401685
2014-02-05,0.013768890650432835,0.013768890650432835,0.014237633291790378,0.014237633291790378,0.010240407724264926,0.010240407724264926,0.011157518867584634,0.011157518867584634,0.011970037180833505,0.011970037180833505,0.02242497925868658,0.02242497925868658,0.012425462552377862,0.012425462552377862,0.012995538654234038,0.012995538654234038,0.024887319660738465,0.024887319660738465,0.009252252499814359,0.009252252499814359,-0.004429236877655866,-0.004429236877655866,0.009252252499814359,0.009252252499814359,0.01434948434755046,0.01434948434755046
2014-02-06,-0.003202541852232669,-0.003202541852232669,0.0002075071099647218,0.0002075071099647218,0.004432614145628928,0.004432614145628928,-0.007161435986593919,-0.007161435986593919,-0.0002557936357326055,-0.0002557936357326055,0.00813472122035464,0.00813472122035464,-0.010855531570630945,-0.010855531570630945,-0.018760322842321507,-0.018760322842321507,-0.001849309185438461,-0.001849309185438461,-0.0049649779843791,-0.0049649779843791,-0.0017690225735693633,-0.0017690225735693633,-0.0049649779843791,-0.0049649779843791,-0.0034163736902944218,-0.0034163736902944218
2014-02-07,-0.004846798223803167,-0.004846798223803167,-0.0002580755554133455,-0.0002580755554133455,-0.002951226833808233,-0.002951226833808233,0.00038585393311726815,0.00038585393311726815,0.0030742787388937202,0.0030742787388937202,-0.007181833673167024,-0.007181833673167024,0.003741074136395203,0.003741074136395203,0.0022925968204450652,0.0022925968204450652,-0.0019664000798149473,-0.0019664000798149473,0.0027435921901330443,0.0027435921901330443,0.007618449861223055,0.007618449861223055,0.0027435921901330443,0.0027435921901330443,-0.0005236208123268755,-0.0005236208123268755
2014-02-10,-0.010208219982448061,-0.010208219982448061,-0.024409787027037035,-0.024409787027037035,-0.009656538176051496,-0.009656538176051496,-0.010239962623783912,-0.010239962623783912,0.0015836645609430759,0.0015836645609430759,-0.01184150715497307,-0.01184150715497307,-0.009755477846745615,-0.009755477846745615,-0.009164468286253852,-0.009164468286253852,-0.015955555205968634,-0.015955555205968634,-0.004605655620646858,-0.004605655620646858,0.005536014782330079,0.005536014782330079,-0.004605655620646858,-0.004605655620646858,-0.010445071059565906,-0.010445071059565906
2014-02-11,-0.0036890743412784045,-0.0036890743412784045,-0.010120009451004872,-0.010120009451004872,0.00257830096047243,0.00257830096047243,0.009527272700542478,0.009527272700542478,0.01099146509373922,0.01099146509373922,-0.0004190618038910879,-0.0004190618038910879,0.013515763973910603,0.013515763973910603,-0.010170620067310216,-0.010170620067310216,0.00968161553983438,0.00968161553983438,0.00970566241517482,0.00970566241517482,0.013183747833913982,0.013183747833913982,0.00970566241517482,0.00970566241517482,0.0032002492509376067,0.0032002492509376067
2014-02-12,-0.009458825860124635,-0.009458825860124635,-0.013870930668760873,-0.013870930668760873,-0.004018876598057554,-0.004018876598057554,-0.017399809703549263,-0.017399809703549263,-0.01600262953707424,-0.01600262953707424,-0.017911943828850724,-0.017911943828850724,-0.013118179728086786,-0.013118179728086786,-0.026976004036131204,-0.026976004036131204,-0.012851488601718825,-0.012851488601718825,-0.019421603765677923,-0.019421603765677923,-0.010021425296409966,-0.010021425296409966,-0.019421603765677923,-0.019421603765677923,-0.015087771378571115,-0.015087771378571115
2014-02-13,-0.008841011925948803,-0.008841011925948803,-0.0029174940204873805,-0.0029174940204873805,-0.010702466877919243,-0.010702466877919243,-0.00643200718390003,-0.00643200718390003,0.0017222248693915072,0.0017222248693915072,0.0004284719070232457,0.0004284719070232457,0.0005675128040121069,0.0005675128040121069,-0.0060950599303791755,-0.0060950599303791755,-0.023793292809851582,-0.023793292809851582,-0.0047992734057933275,-0.0047992734057933275,0.003819422504025034,0.003819422504025034,-0.0047992734057933275,-0.0047992734057933275,-0.006102339310160624,-0.006102339310160624
2014-02-14,-0.005043616933977431,-0.005043616933977431,0.0005201776417201676,0.0005201776417201676,0.00013534583445901473,0.00013534583445901473,0.002882158412122521,0.002882158412122521,0.0006677647499494172,0.0006677647499494172,-0.006101730937928758,-0.006101730937928758,0.011841293685132242,0.011841293685132242,0.0037313755272696952,0.0037313755272696952,-0.01141091357018945,-0.01141091357018945,0.0017856739745397412,0.0017856739745397412,0.006510582571127304,0.006510582571127304,0.0017856739745397412,0.0017856739745397412,-9.733027474783176e-05,-9.733027474783176e-05
2014-02-17,0.01327980008767531,0.01327980008767531,0.024707352891086297,0.024707352891086297,0.009920108272413145,0.009920108272413145,0.014101632710108948,0.014101632710108948,0.014296095002431081,0.014296095002431081,0.010944945606385831,0.010944945606385831,0.01733047516227569,0.01733047516227569,0.02050683507602996,0.02050683507602996,0.007199644744942901,0.007199644744942901,0.02084244085190183,0.02084244085190183,0.007584225908999707,0.007584225908999707,0.02084244085190183,0.02084244085190183,0.015291051271658073,0.015291051271658073
2014-02-18,0.02775497102511932,0.02775497102511932,0.025509239316974484,0.025509239316974484,0.028057712826189147,0.028057712826189147,0.024301646951395778,0.024301646951395778,0.037091644007325494,0.037091644007325494,0.016253540046467382,0.016253540046467382,0.04059853041994703,0.04059853041994703,0.03715597649258067,0.03715597649258067,0.038910126536811876,0.038910126536811876,0.028833603533362215,0.028833603533362215,0.0019084439010351607,0.0019084439010351607,0.028833603533362215,0.028833603533362215,0.030474012398570654,0.030474012398570654
2014-02-19,0.00038654339024664613,0.00038654339024664613,-0.0045296857729201015,-0.0045296857729201015,-0.01146919965569121,-0.01146919965569121,-0.005871842335187783,-0.005871842335187783,-0.004471446838449437,-0.004471446838449437,0.0002231816928693446,0.0002231816928693446,0.0012201929812742378,0.0012201929812742378,-0.009952479546416659,-0.009952479546416659,-0.0007013535833449063,-0.0007013535833449063,0.011644408934709676,0.011644408934709676,0.011274209918630915,0.011274209918630915,0.011644408934709676,0.011644408934709676,-0.0023112945309263135,-0.0023112945309263135
2014-02-20,0.011886253495265384,0.011886253495265384,0.015260746521250085,0.015260746521250085,0.0068805172563490705,0.0068805172563490705,0.01877797911543303,0.01877797911543303,0.014860380960535914,0.014860380960535914,0.009224324778919948,0.009224324778919948,0.02062459454999073,0.02062459454999073,0.011712826468027647,0.011712826468027647,0.018122884542534842,0.018122884542534842,0.004608671777795105,0.004608671777795105,-0.006765199368629524,-0.006765199368629524,0.004608671777795105,0.004608671777795105,0.013213983366068438,0.013213983366068438
2014-02-21,0.00870709655543107,0.00870709655543107,0.0033065409997001353,0.0033065409997001353,0.00019774467822797955,0.00019774467822797955,0.006949755570163315,0.006949755570163315,0.009000436672215359,0.009000436672215359,-0.014032682078848157,-0.014032682078848157,0.004666091261178661,0.004666091261178661,0.002741487938057011,0.002741487938057011,0.012433794961756391,0.012433794961756391,-0.010938406714280903,-0.010938406714280903,-0.019561941638235956,-0.019561941638235956,-0.010938406714280903,-0.010938406714280903,0.002315194983399706,0.002315194983399706
2014-02-24,0.009332164185096099,0.009332164185096099,0.009777382533328797,0.009777382533328797,-0.0008448474808760392,-0.0008448474808760392,0.007805806570498038,0.007805806570498038,-0.006864633254100059,-0.006864633254100059,0.0022603794724069216,0.0022603794724069216,0.009052815864672248,0.009052815864672248,0.004584754223079604,0.004584754223079604,0.0016531916526648844,0.0016531916526648844,-0.0036714163659093482,-0.0036714163659093482,-0.013111231727204853,-0.013111231727204853,-0.0036714163659093482,-0.0036714163659093482,0.003281860004682318,0.003281860004682318
2014-02-25,-0.0038107477895921796,-0.0038107477895921796,0.005174419934249847,0.005174419934249847,-0.004679738660926331,-0.004679738660926331,0.00043058611042137165,0.00043058611042137165,0.002755005302042512,0.002755005302042512,0.0037525354467416714,0.0037525354467416714,0.006748142511800115,0.006748142511800115,0.0013742212271533895,0.0013742212271533895,0.0006262499257213081,0.0006262499257213081,0.018343299093171464,0.018343299093171464,0.022818760390733932,0.022818760390733932,0.018343299093171464,0.018343299093171464,0.0031131853884412233,0.0031131853884412233
2014-02-26,-0.001825493731539648,-0.001825493731539648,0.005589603624177354,0.005589603624177354,0.0007748820087920458,0.0007748820087920458,-0.003038956317282771,-0.003038956317282771,-0.015409718630480343,-0.015409718630480343,-0.0032015756176397413,-0.0032015756176397413,-0.010189471083329966,-0.010189471083329966,-0.0051400806218211996,-0.0051400806218211996,0.009367577637380827,0.009367577637380827,-0.019090195640468047,-0.019090195640468047,-0.017768173842073548,-0.017768173842073548,-0.019090195640468047,-0.019090195640468047,-0.004327577006687324,-0.004327577006687324
2014-02-27,-0.008984168710404312,-0.008984168710404312,0.0007235953867958424,0.0007235953867958424,-0.003581810318668847,-0.003581810318668847,-0.0037633040339757826,-0.0037633040339757826,0.008346879314142974,0.008346879314142974,-0.0075911233167345,-0.0075911233167345,-0.00038458431962750295,-0.00038458431962750295,0.0028280250776848747,0.0028280250776848747,-0.005774104534922932,-0.005774104534922932,-0.014435248630332555,-0.014435248630332555,-0.005671033214367216,-0.005671033214367216,-0.014435248630332555,-0.014435248630332555,-0.0032201978981419334,-0.0032201978981419334
2014-02-28,-0.011108582667245223,-0.011108582667245223,-0.0007150814248403862,-0.0007150814248403862,-0.00822298307608494,-0.00822298307608494,-0.007257744140074195,-0.007257744140074195,-0.003559959430269169,-0.003559959430269169,-0.0004275469299257046,-0.0004275469299257046,-0.00345312842642927,-0.00345312842642927,-0.01064039170948457,-0.01064039170948457,-0.02189968251543019,-0.02189968251543019,-0.00844744406654592,-0.00844744406654592,0.002662270906619831,0.002662270906619831,-0.00844744406654592,-0.00844744406654592,-0.007555569184728658,-0.007555569184728658
2014-03-03,-0.009471542647740971,-0.010180869749245581,5.51697641784088e-05,-0.0011435917039765207,-0.017321491852298032,-0.018494934543323585,-0.00047381103826760196,-0.0016807404786584287,-0.004729442487646618,-0.006097678943622729,-0.022384283388108273,-0.02343001924133482,-0.009959359022238878,-0.011135150776877798,-0.018642289616561447,-0.019843857230077408,-0.02278650197423515,-0.023991308434446204,-0.015320684991003586,-0.015872499852440998,-0.005855779526125149,-0.007118059950575667,-0.015320684991003586,-0.015872499852440998,-0.012101466388626747,-0.01217034218282548
2014-03-04,-0.013094725449115897,-0.013094725449115897,-0.025065168269726767,-0.025065168269726767,-0.01594222802320515,-0.01594222802320515,-0.012855267163669755,-0.012855267163669755,-0.012530380034165962,-0.012530380034165962,-0.0086650420926017,-0.0086650420926017,-0.01124430882342447,-0.01124430882342447,-0.016883017728092965,-0.016883017728092965,-0.021676062781935925,-0.021676062781935925,-0.03330941295398772,-0.03330941295398772,-0.019948733004736482,-0.019948733004736482,-0.03330941295398772,-0.03330941295398772,-0.017126025124588537,-0.017126025124588537
2014-03-05,0.00019420671939172256,0.00019420671939172256,0.0043895711759285565,0.0043895711759285565,0.005560140353670439,0.005560140353670439,0.0054626426173817084,0.0054626426173817084,-0.004845231786151578,-0.004845231786151578,-0.00033655162036137483,-0.00033655162036137483,0.0013675481706114764,0.0013675481706114764,-0.004400316576772163,-0.004400316576772163,0.007227633097011183,0.007227633097011183,0.006285821236583096,0.006285821236583096,0.005944827498902065,0.005944827498902065,0.006285821236583096,0.006285821236583096,0.0020737352163766693,0.0020737352163766693
2014-03-06,-0.0005856956699925007,-0.0005856956699925007,0.003281598977792739,0.003281598977792739,-0.0027844963279534444,-0.0027844963279534444,0.0017778842946209288,0.0017778842946209288,0.0039008847321624763,0.0039008847321624763,-0.0004076804262643837,-0.0004076804262643837,-0.00399814827906116,-0.00399814827906116,0.000858078278936562,0.000858078278936562,0.0037242266698214446,0.0037242266698214446,0.006229901037034866,0.006229901037034866,0.006670687485958571,0.006670687485958571,0.006229901037034866,0.006229901037034866,0.0011898858498182242,0.0011898858498182242
2014-03-07,-0.0024704444731461685,-0.0024704444731461685,-0.014302243357417511,-0.014302243357417511,0.004499300460828368,0.004499300460828368,-0.007361508469813968,-0.007361508469813968,-0.010389226083107906,-0.010389226083107906,-0.0028171021834530307,-0.0028171021834530307,-0.010098487037278243,-0.010098487037278243,-0.01598511556613355,-0.01598511556613355,-0.014953050151651954,-0.014953050151651954,-0.005895916285051163,-0.005895916285051163,-0.003313638656428494,-0.003313638656428494,-0.005895916285051163,-0.005895916285051163,-0.007975977625898585,-0.007975977625898585
2014-03-10,0.00031587701901698655,0.00031587701901698655,-0.0028117972646135875,-0.0028117972646135875,-0.009839719874092146,-0.009839719874092146,0.002500863857081994,0.002500863857081994,0.010443135737070376,0.010443135737070376,0.007601001887987902,0.007601001887987902,0.00040958151639281307,0.00040958151639281307,0.011608020828729911,0.011608020828729911,0.0027217278430246095,0.0027217278430246095,-0.012608868144001006,-0.012608868144001006,-0.012595054086791202,-0.012595054086791202,-0.012608868144001006,-0.012608868144001006,0.001016713635748409,0.001016713635748409
2014-03-11,0.012264142419802128,0.012264142419802128,0.0051591112473757614,0.0051591112473757614,0.014826269639308508,0.014826269639308508,0.007662295009503519,0.007662295009503519,-0.0024871545050591873,-0.0024871545050591873,0.000980448066742739,0.000980448066742739,0.018172530296589395,0.018172530296589395,0.018332380893685298,0.018332380893685298,0.010272977706433133,0.010272977706433133,0.01104986034152471,0.01104986034152471,-0.0015407694938013197,-0.0015407694938013197,0.01104986034152471,0.01104986034152471,0.009584038728545078,0.009584038728545078
2014-03-12,-0.005419222750706884,-0.005419222750706884,-0.008041301879673342,-0.008041301879673342,-0.0052954973033464995,-0.0052954973033464995,-0.00897468208130231,-0.00897468208130231,-0.007863608267239463,-0.007863608267239463,0.006068886700245131,0.006068886700245131,0.005518198406774548,0.005518198406774548,0.0029934176987412102,0.0029934176987412102,0.0019271673977625716,0.0019271673977625716,-0.007042368627550432,-0.007042368627550432,-0.0014342330906473057,-0.0014342330906473057,-0.007042368627550432,-0.007042368627550432,-0.002622353286040958,-0.002622353286040958
2014-03-13,-0.009666340845066132,-0.009666340845066132,-0.0027496001248215186,-0.0027496001248215186,0.00029292947762157406,0.00029292947762157406,-0.015927686088213024,-0.015927686088213024,-0.007897199066566944,-0.007897199066566944,-0.012448488740729142,-0.012448488740729142,-0.001361587198518683,-0.001361587198518683,-0.005319084065007987,-0.005319084065007987,0.0015812499931770595,0.0015812499931770595,-0.0016250821823127221,-0.0016250821823127221,0.008198866554604731,0.008198866554604731,-0.0016250821823127221,-0.0016250821823127221,-0.00554437356597714,-0.00554437356597714
2014-03-14,0.02427985155117125,0.02427985155117125,0.01314197148336576,0.01314197148336576,0.01783666217052057,0.01783666217052057,0.021917265799189994,0.021917265799189994,0.003111296613821276,0.003111296613821276,0.027739261807456048,0.027739261807456048,0.011354517495555352,0.011354517495555352,0.020763757830965547,0.020763757830965547,0.0036578621128514326,0.0036578621128514326,0.0239743684466222,0.0239743684466222,-0.0008760645614531489,-0.0008760645614531489,0.0239743684466222,0.0239743684466222,0.01676738597060598,0.01676738597060598
2014-03-17,0.020966987144584615,0.020966987144584615,0.008788776445274538,0.008788776445274538,0.024261702931387436,0.024261702931387436,0.020433075331042126,0.020433075331042126,0.0059369851934339204,0.0059369851934339204,0.017491492370403476,0.017491492370403476,0.013440867500905621,0.013440867500905621,0.020589126650700264,0.020589126650700264,0.0124510470420211,0.0124510470420211,0.015583211878553315,0.015583211878553315,-0.005878277465847322,-0.005878277465847322,0.015583211878553315,0.015583211878553315,0.016043083830861435,0.016043083830861435
2014-03-18,0.0006873590456863794,0.0006873590456863794,0.005989785242499293,0.005989785242499293,0.0010187618498500323,0.0010187618498500323,-0.001255372364829247,-0.001255372364829247,0.0005217169692902839,0.0005217169692902839,0.008397022485825058,0.008397022485825058,0.011801106627481761,0.011801106627481761,0.0010298559547354657,0.0010298559547354657,-0.00206487458321621,-0.00206487458321621,0.01666683511445837,0.01666683511445837,0.01622858429415449,0.01622858429415449,0.01666683511445837,0.01666683511445837,0.004271995001087491,0.004271995001087491
2014-03-19,0.004006848104108943,0.004006848104108943,0.0010536798609404663,0.0010536798609404663,0.0042004649068806636,0.0042004649068806636,-0.003922962378219668,-0.003922962378219668,0.0020817724655413945,0.0020817724655413945,0.005066648813798557,0.005066648813798557,0.0011233297132455522,0.0011233297132455522,0.020342111603811785,0.020342111603811785,0.009456499813652557,0.009456499813652557,0.016941614281165814,0.016941614281165814,0.013101701876968993,0.013101701876968993,0.016941614281165814,0.016941614281165814,0.0060363405092372325,0.0060363405092372325
2014-03-20,0.023178289640104707,0.023178289640104707,0.01810737262474547,0.01810737262474547,0.013271916658836841,0.013271916658836841,0.009226251716091639,0.009226251716091639,0.018940447040025267,0.018940447040025267,0.010182914146849107,0.010182914146849107,0.012427663081795798,0.012427663081795798,0.01672454251605912,0.01672454251605912,0.010739735652882646,0.010739735652882646,0.00912748127810318,0.00912748127810318,-0.014377545846592038,-0.014377545846592038,0.00912748127810318,0.00912748127810318,0.014177071553636832,0.014177071553636832
2014-03-21,0.02017702895582322,0.02017702895582322,0.01714090457549886,0.01714090457549886,0.018626228549475522,0.018626228549475522,0.018948325017356573,0.018948325017356573,0.011555285670579396,0.011555285670579396,0.009917094957653522,0.009917094957653522,0.009544576649325927,0.009544576649325927,0.01220275355195358,0.01220275355195358,0.012915232814972376,0.012915232814972376,0.0047470336088915556,0.0047470336088915556,-0.016452735212730912,-0.016452735212730912,0.0047470336088915556,0.0047470336088915556,0.013575507189036957,0.013575507189036957
2014-03-24,0.011879305846033647,0.011879305846033647,-0.0001399770934530616,-0.0001399770934530616,0.01677948899768906,0.01677948899768906,0.018802201015709483,0.018802201015709483,-0.004571424791846951,-0.004571424791846951,0.013815652975650435,0.013815652975650435,0.007422935669991802,0.007422935669991802,0.01140449056530315,0.01140449056530315,0.007230649202653488,0.007230649202653488,0.007916545603535614,0.007916545603535614,-0.0046227125738442666,-0.0046227125738442666,0.007916545603535614,0.007916545603535614,0.009140536525108423,0.009140536525108423
2014-03-25,-0.002347373319126809,-0.002347373319126809,0.010261489186684538,0.010261489186684538,0.0009383231587298175,0.0009383231587298175,0.016742835056703112,0.016742835056703112,0.014064689347523387,0.014064689347523387,0.011266228808053402,0.011266228808053402,0.003864863677422153,0.003864863677422153,0.007829015548783663,0.007829015548783663,-0.002459548856705368,-0.002459548856705368,0.009640304669641709,0.009640304669641709,0.013053676090196203,0.013053676090196203,0.009640304669641709,0.009640304669641709,0.006933941422497033,0.006933941422497033
2014-03-26,-0.0006368909310487999,-0.0006368909310487999,0.0007598750651804935,0.0007598750651804935,-0.00214112598049594,-0.00214112598049594,0.011943565422298286,0.011943565422298286,0.006132304921459994,0.006132304921459994,0.001694370854118503,0.001694370854118503,0.0010055189976906614,0.0010055189976906614,0.013255536831186727,0.013255536831186727,0.0009885841434623664,0.0009885841434623664,0.0034237086783197247,0.0034237086783197247,0.004392418119726641,0.004392418119726641,0.0034237086783197247,0.0034237086783197247,0.0036674101723628725,0.0036674101723628725
2014-03-27,-0.013180721092932387,-0.013180721092932387,0.0002147462121580325,0.0002147462121580325,-0.007020937293319353,-0.007020937293319353,-0.0093500589985413,-0.0093500589985413,-0.005931404963414987,-0.005931404963414987,-0.006130044079815879,-0.006130044079815879,-0.010717364014041908,-0.010717364014041908,-0.002967287886339584,-0.002967287886339584,-0.01697007850886388,-0.01697007850886388,-0.011277567664426216,-0.011277567664426216,0.0023102277925608535,0.0023102277925608535,-0.011277567664426216,-0.011277567664426216,-0.008314924873490216,-0.008314924873490216
2014-03-28,0.0016012471940893118,0.0016012471940893118,-0.002841396600665647,-0.002841396600665647,0.0108316881822712,0.0108316881822712,0.014671838501029965,0.014671838501029965,0.003572808343467458,0.003572808343467458,0.005930368944061657,0.005930368944061657,0.002651119557972234,0.002651119557972234,0.016997314902193052,0.016997314902193052,0.006941131679048335,0.006941131679048335,0.0010290352895421738,0.0010290352895421738,-0.0006357615320970351,-0.0006357615320970351,0.0010290352895421738,0.0010290352895421738,0.006229278878381839,0.006229278878381839
2014-03-31,0.0011440051391865128,0.0011440051391865128,-0.015111938265541427,-0.015111938265541427,-0.005564304514059336,-0.005564304514059336,-0.0033721150296692924,-0.0033721150296692924,-0.008254942536253383,-0.008254942536253383,0.0035795649591364664,0.0035795649591364664,-0.011450800801942296,-0.011450800801942296,-0.007319332202068847,-0.007319332202068847,-0.009944034610712967,-0.009944034610712967,-0.010648825550010566,-0.010648825550010566,-0.012568755944377365,-0.012568755944377365,-0.010648825550010566,-0.010648825550010566,-0.006617395390178691,-0.006617395390178691
2014-04-01,0.002768506696978701,0.002345641059551935,-0.005576233702615396,-0.006136768701013593,-0.0008132982595790983,-0.002022209889442623,-0.008329966917144271,-0.009371316650288942,0.0011828394680803989,-0.00017505013417537193,-0.008299769629361409,-0.009818401929625237,-0.007948011413215217,-0.009318271928616395,-0.005729155979708356,-0.007395822646375023,-0.0011248632696603256,-0.0021734003075893175,-0.007196400766184219,-0.007905862694574389,-0.00977727619498936,-0.010972970853387099,-0.007196400766184219,-0.007905862694574389,-0.004094309182670286,-0.004175465763571345
2014-04-02,0.0007580480060369983,0.0007580480060369983,0.004570596095535873,0.004570596095535873,0.005661684898166947,0.005661684898166947,0.02014799832635177,0.02014799832635177,0.015231097705325434,0.015231097705325434,0.005880588160581928,0.005880588160581928,0.019197296290607263,0.019197296290607263,0.01551237734192723,0.01551237734192723,0.01213998601207188,0.01213998601207188,0.020871040358490505,0.020871040358490505,0.02019684023280417,0.02019684023280417,0.020871040358490505,0.020871040358490505,0.01198081671063882,0.01198081671063882
2014-04-03,0.007822947616924664,0.007822947616924664,0.001892976699737916,0.001892976699737916,0.01378191063816419,0.01378191063816419,0.008717051782811099,0.008717051782811099,0.009705654032190677,0.009705654032190677,0.0025866446969030695,0.0025866446969030695,0.012457410939950616,0.012457410939950616,0.005471934223302486,0.005471934223302486,0.0027356335847379173,0.0027356335847379173,0.012314325717187364,0.012314325717187364,0.004572898991163719,0.004572898991163719,0.012314325717187364,0.012314325717187364,0.007759447408246971,0.007759447408246971
2014-04-04,0.016184824897444744,0.016184824897444744,0.022768614524038274,0.022768614524038274,0.024060237886975158,0.024060237886975158,0.015517421522749528,0.015517421522749528,0.007089763837679451,0.007089763837679451,0.0064873900815117895,0.0064873900815117895,0.025188429413375416,0.025188429413375416,0.021945922970925343,0.021945922970925343,0.017620231467963238,0.017620231467963238,0.014797284989855516,0.014797284989855516,-0.00121321480283602,-0.00121321480283602,0.014797284989855516,0.014797284989855516,0.017168766728844088,0.017168766728844088
2014-04-07,0.010635782242186658,0.010635782242186658,0.0006757499047884874,0.0006757499047884874,-0.015294193580933951,-0.015294193580933951,-0.006114194240840833,-0.006114194240840833,0.01076499437467817,0.01076499437467817,0.0072550976177865965,0.0072550976177865965,-0.007714263618590624,-0.007714263618590624,0.010695918391990442,0.010695918391990442,0.010533684210617676,0.010533684210617676,0.006306724539179409,0.006306724539179409,-0.004342188115559727,-0.004342188115559727,0.006306724539179409,0.006306724539179409,0.002732034683792869,0.002732034683792869
2014-04-08,-0.013398033637372674,-0.013398033637372674,-0.018047613498514983,-0.018047613498514983,-0.010071714380983747,-0.010071714380983747,-0.01931110915296927,-0.01931110915296927,-0.013824939736775857,-0.013824939736775857,-0.003012537499849098,-0.003012537499849098,-0.01614861501626346,-0.01614861501626346,-0.021349656469505644,-0.021349656469505644,-0.012085914172377258,-0.012085914172377258,-0.019810650918677657,-0.019810650918677657,-0.006756501987929144,-0.006756501987929144,-0.019810650918677657,-0.019810650918677657,-0.014741181471570565,-0.014741181471570565
2014-04-09,0.009720149721010846,0.009720149721010846,-0.006096931025983451,-0.006096931025983451,-0.016567093424491926,-0.016567093424491926,-0.008964742340567187,-0.008964742340567187,-0.0057780659330027824,-0.0057780659330027824,-0.0014918405224934087,-0.0014918405224934087,-0.006297823569821122,-0.006297823569821122,-0.004663037020361067,-0.004663037020361067,-0.006673626669357964,-0.006673626669357964,0.0021308721433264287,0.0021308721433264287,-0.007795129776094046,-0.007795129776094046,0.0021308721433264287,0.0021308721433264287,-0.004453009209034618,-0.004453009209034618
2014-04-10,0.0008114942616823601,0.0008114942616823601,0.009786712053059553,0.009786712053059553,-0.005732289465739188,-0.005732289465739188,0.004670835119280525,0.004670835119280525,-0.002190807339663256,-0.002190807339663256,-0.0072279897538177346,-0.0072279897538177346,-0.002492989208778231,-0.002492989208778231,0.001890983789152219,0.001890983789152219,-0.0062900228953094856,-0.0062900228953094856,0.005327263593836789,0.005327263593836789,0.004675727178243106,0.004675727178243106,0.005327263593836789,0.005327263593836789,-0.0001493058678087853,-0.0001493058678087853
2014-04-11,0.004331655262385886,0.004331655262385886,0.018490061459212993,0.018490061459212993,0.019965468161569126,0.019965468161569126,0.010035290324965435,0.010035290324965435,0.004126154892657413,0.004126154892657413,0.005011364751378219,0.005011364751378219,0.005101657685465675,0.005101657685465675,0.008107157964231561,0.008107157964231561,-9.558890334845265e-05,-9.558890334845265e-05,-0.008697546716899337,-0.008697546716899337,-0.013534163940584947,-0.013534163940584947,-0.008697546716899337,-0.008697546716899337,0.006568939435939493,0.006568939435939493
2014-04-14,0.009824747235320983,0.009824747235320983,0.00781252801481689,0.00781252801481689,0.019888611256895034,0.019888611256895034,0.014325753650800434,0.014325753650800434,-0.0024888156661962823,-0.0024888156661962823,0.007676313598757006,0.007676313598757006,0.017636471178518208,0.017636471178518208,0.011368106816056545,0.011368106816056545,0.009721754206321577,0.009721754206321577,0.028660741056246275,0.028660741056246275,0.01946943724764367,0.01946943724764367,0.028660741056246275,0.028660741056246275,0.012429704303441773,0.012429704303441773
2014-04-15,-0.009494861265461126,-0.009494861265461126,-0.0001918822727329187,-0.0001918822727329187,-0.009967722330705968,-0.009967722330705968,-0.002343739136850674,-0.002343739136850674,-0.004278485350292531,-0.004278485350292531,-0.002830283432955531,-0.002830283432955531,-0.003701505217228599,-0.003701505217228599,-0.014876549892394475,-0.014876549892394475,-0.01404104478079188,-0.01404104478079188,5.997693062699842e-05,5.997693062699842e-05,0.010032268323028136,0.010032268323028136,5.997693062699842e-05,5.997693062699842e-05,-0.006169363758134505,-0.006169363758134505
2014-04-16,0.001605961380442756,0.001605961380442756,0.007312882177542111,0.007312882177542111,-0.005921471111683983,-0.005921471111683983,-0.006128027342128457,-0.006128027342128457,-0.003931486911127226,-0.003931486911127226,0.007365544018127284,0.007365544018127284,-0.002734243456197905,-0.002734243456197905,0.010868937348596092,0.010868937348596092,-0.0022437857466828985,-0.0022437857466828985,0.005202434762078078,0.005202434762078078,0.0037656655207385786,0.0037656655207385786,0.005202434762078078,0.005202434762078078,0.0011549170551792328,0.0011549170551792328
2014-04-17,-0.017461723157115683,-0.017461723157115683,-6.59217913484846e-05,-6.59217913484846e-05,-0.007603742533831948,-0.007603742533831948,-0.006816203660825398,-0.006816203660825398,-0.004007790723786648,-0.004007790723786648,-0.009187569156089577,-0.009187569156089577,-0.0025813187493233247,-0.0025813187493233247,-0.005372078005445461,-0.005372078005445461,-0.018495502055387407,-0.018495502055387407,-0.008289384700255911,-0.008289384700255911,0.009293655195587351,0.009293655195587351,-0.008289384700255911,-0.008289384700255911,-0.007972323882274207,-0.007972323882274207
2014-04-18,0.0010586600867010833,0.0010586600867010833,0.005305608526567076,0.005305608526567076,1.3347375065206682e-06,1.3347375065206682e-06,0.003956127304238945,0.003956127304238945,0.00968671490083748,0.00968671490083748,-0.010876347956524663,-0.010876347956524663,0.0069481131399940724,0.0069481131399940724,0.01989842477643814,0.01989842477643814,0.004365278266557705,0.004365278266557705,-0.0068336269325268975,-0.0068336269325268975,-0.00806330187301855,-0.00806330187301855,-0.0068336269325268975,-0.0068336269325268975,0.003359734459394537,0.003359734459394537
2014-04-21,0.005613343914335786,0.005613343914335786,0.005651700291183305,0.005651700291183305,-0.00530890036258618,-0.00530890036258618,0.008907147686403777,0.008907147686403777,-0.000794442029016405,-0.000794442029016405,0.00935185018586026,0.00935185018586026,0.00433723959678837,0.00433723959678837,-0.00465229454211464,-0.00465229454211464,-0.0006810123452354313,-0.0006810123452354313,0.007840999922546162,0.007840999922546162,0.0023808240646977724,0.0023808240646977724,0.007840999922546162,0.007840999922546162,0.0030259285435493737,0.0030259285435493737
2014-04-22,-0.008210824316581468,-0.008210824316581468,-0.014548821047510277,-0.014548821047510277,-0.017498050918077723,-0.017498050918077723,-0.010431664025900836,-0.010431664025900836,-0.018854466571508587,-0.018854466571508587,0.00020167579362972716,0.00020167579362972716,-0.005640697916457119,-0.005640697916457119,-0.0049020122825756155,-0.0049020122825756155,-0.006463447595874155,-0.006463447595874155,-0.021132313930839412,-0.021132313930839412,-0.01349073735157709,-0.01349073735157709,-0.021132313930839412,-0.021132313930839412,-0.01077745473181026,-0.01077745473181026
2014-04-23,-0.006544609971086972,-0.006544609971086972,0.002405640799130747,0.002405640799130747,-0.003634312397278169,-0.003634312397278169,-0.0011092965163455927,-0.0011092965163455927,0.00113722135207727,0.00113722135207727,-0.004942072875167949,-0.004942072875167949,-0.008554166549563402,-0.008554166549563402,-0.0023771001438598095,-0.0023771001438598095,-0.007362245231279582,-0.007362245231279582,-0.003385391783694839,-0.003385391783694839,0.0031967383990106546,0.0031967383990106546,-0.003385391783694839,-0.003385391783694839,-0.003424637019076674,-0.003424637019076674
2014-04-24,-0.006347238753722833,-0.006347238753722833,-0.006569036221239702,-0.006569036221239702,-0.004154874374601226,-0.004154874374601226,-0.0008103287120279266,-0.0008103287120279266,-0.0022678525000448067,-0.0022678525000448067,0.0012104261599673012,0.0012104261599673012,0.0034481911996824413,0.0034481911996824413,0.005997884429705967,0.005997884429705967,-0.0021057445511514427,-0.0021057445511514427,-0.0031383233553220913,-0.0031383233553220913,0.0032070980498910533,0.0032070980498910533,-0.0031383233553220913,-0.0031383233553220913,-0.0014576925572689983,-0.0014576925572689983
2014-04-25,0.011316879523090745,0.011316879523090745,-0.005483128307560114,-0.005483128307560114,-0.006405463199767302,-0.006405463199767302,0.0008001912302018047,0.0008001912302018047,0.0001596761216564181,0.0001596761216564181,0.006411022400032618,0.006411022400032618,-0.007668781741194593,-0.007668781741194593,-0.005133988179322979,-0.005133988179322979,0.010153400055586426,0.010153400055586426,-0.00029839730405704717,-0.00029839730405704717,-0.011602501706047482,-0.011602501706047482,-0.00029839730405704717,-0.00029839730405704717,0.0003219802935079903,0.0003219802935079903
2014-04-28,0.019343777288003187,0.019343777288003187,0.02225488613039362,0.02225488613039362,0.01843361545257223,0.01843361545257223,0.01456368934215143,0.01456368934215143,0.021908690056550738,0.021908690056550738,0.018039627005060045,0.018039627005060045,0.023495087341063606,0.023495087341063606,0.027341759771785303,0.027341759771785303,0.03336047450534843,0.03336047450534843,0.03788230013096608,0.03788230013096608,0.018961545685334452,0.018961545685334452,0.03788230013096608,0.03788230013096608,0.023678646452923068,0.023678646452923068
2014-04-29,0.007992898460650547,0.007992898460650547,0.0018546406516534804,0.0018546406516534804,-0.0034008057273102825,-0.0034008057273102825,-0.014489969981718519,-0.014489969981718519,-0.0027255957577671758,-0.0027255957577671758,0.0029032414955190164,0.0029032414955190164,-0.0016918699393128084,-0.0016918699393128084,-0.0025928756885326715,-0.0025928756885326715,0.001771131955113889,0.001771131955113889,0.009661343924378172,0.009661343924378172,0.0018901334332902006,0.0018901334332902006,0.009661343924378172,0.009661343924378172,-3.075527295507189e-05,-3.075527295507189e-05
2014-04-30,0.01664860228964652,0.01664860228964652,-0.006577026957666531,-0.006577026957666531,0.014316313686733764,0.014316313686733764,-0.008219786689719285,-0.008219786689719285,-0.0022766162690288087,-0.0022766162690288087,0.0010226888756603666,0.0010226888756603666,0.0010690842617650993,0.0010690842617650993,-0.00376200481636452,-0.00376200481636452,0.0004902894023984243,0.0004902894023984243,0.009206572126865098,0.009206572126865098,-0.007459931121880915,-0.007459931121880915,0.009206572126865098,0.009206572126865098,0.0021706647492833594,0.0021706647492833594
2014-05-01,-0.012334856957187168,-0.012747236489484476,-0.018994743875056064,-0.019861153944419663,-0.01863005089623071,-0.019639524361717505,-0.008869527459820281,-0.010097601684331044,-0.016856231832361512,-0.018386467104978852,-0.02149190459997985,-0.0225222738857328,-0.028026512146539173,-0.029231195010455305,-0.024232437180420674,-0.025732437180420675,-0.030923360529253707,-0.03275669386258704,-0.018363716312595257,-0.01955440971854893,-0.006130758253848012,-0.007797091557155272,-0.018363716312595257,-0.01955440971854893,-0.019872750701589448,-0.019943742212722153
2014-05-02,-0.0022949956003920423,-0.0022949956003920423,-0.004635342937004143,-0.004635342937004143,-0.014624607577580911,-0.014624607577580911,-0.009679253645628643,-0.009679253645628643,-0.006792750674504936,-0.006792750674504936,-0.011675116739558889,-0.011675116739558889,-0.009086301347489374,-0.009086301347489374,0.015957234397185847,0.015957234397185847,-0.019098303037005653,-0.019098303037005653,-0.0033715173709419235,-0.0033715173709419235,-0.0010518651969787093,-0.0010518651969787093,-0.0033715173709419235,-0.0033715173709419235,-0.0065272985641512135,-0.0065272985641512135
2014-05-05,-0.013994808637910878,-0.013994808637910878,0.0028158559735818644,0.0028158559735818644,-0.0038949594401266672,-0.0038949594401266672,0.004048597823138552,0.004048597823138552,-0.00437852598413237,-0.00437852598413237,-0.009154523559274114,-0.009154523559274114,-0.002251994837095379,-0.002251994837095379,0.006673654401545523,0.006673654401545523,0.002428614167896615,0.002428614167896615,0.0029694832952265274,0.0029694832952265274,0.01678527675254593,0.01678527675254593,0.0029694832952265274,0.0029694832952265274,-0.0014650187219509931,-0.0014650187219509931
2014-05-06,-0.014418836731173952,-0.014418836731173952,-0.01274601575037374,-0.01274601575037374,-0.000740142214860148,-0.000740142214860148,-0.005967720825582352,-0.005967720825582352,-0.007993534868307554,-0.007993534868307554,-0.007224366778468401,-0.007224366778468401,-0.01160045404104295,-0.01160045404104295,-0.012163498937896252,-0.012163498937896252,-0.012717858346630502,-0.012717858346630502,-0.0024276692068323467,-0.0024276692068323467,0.011490667277416374,0.011490667277416374,-0.0024276692068323467,-0.0024276692068323467,-0.00880084179248656,-0.00880084179248656
2014-05-07,0.02016427866561108,0.02016427866561108,0.0210265331837007,0.0210265331837007,0.01340132333065242,0.01340132333065242,0.012207659481040939,0.012207659481040939,0.027407905957026565,0.027407905957026565,0.032920320867691914,0.032920320867691914,0.01534249315140345,0.01534249315140345,0.01862435444521688,0.01862435444521688,0.0225484869566651,0.0225484869566651,0.009864520654417687,0.009864520654417687,-0.009420917875737855,-0.009420917875737855,0.009864520654417687,0.009864520654417687,0.01930097883033433,0.01930097883033433
2014-05-08,-0.0017147413470258578,-0.0017147413470258578,0.0026273863854573082,0.0026273863854573082,-0.011446450363964779,-0.011446450363964779,-0.005378423577587354,-0.005378423577587354,0.001965652358905643,0.001965652358905643,-0.007569483645676382,-0.007569483645676382,-0.006388894773922201,-0.006388894773922201,0.007196319746139001,0.007196319746139001,-0.0009299538652656488,-0.0009299538652656488,0.003710230614276047,0.003710230614276047,0.005276241012061388,0.005276241012061388,0.003710230614276047,0.003710230614276047,-0.0017544763913997937,-0.0017544763913997937
2014-05-09,0.01663453586442036,0.01663453586442036,0.022275252233451906,0.022275252233451906,0.023775361562673927,0.023775361562673927,0.01260651556237765,0.01260651556237765,0.028741835214558926,0.028741835214558926,0.018788339551635332,0.018788339551635332,0.00761644005786829,0.00761644005786829,0.020247677522528616,0.020247677522528616,0.005154282438382488,0.005154282438382488,0.019504864496247373,0.019504864496247373,0.0030984075142140924,0.0030984075142140924,0.019504864496247373,0.019504864496247373,0.017591966123162977,0.017591966123162977
2014-05-12,0.002831163631071121,0.002831163631071121,0.004643826689364645,0.004643826689364645,0.004464186053368367,0.004464186053368367,0.0014824416262382832,0.0014824416262382832,-0.003302451333314666,-0.003302451333314666,0.01884297380325385,0.01884297380325385,0.007110510115442519,0.007110510115442519,0.0009486458050594814,0.0009486458050594814,0.0035041470229314527,0.0035041470229314527,0.005437015595250718,0.005437015595250718,0.002642130598958331,0.002642130598958331,0.005437015595250718,0.005437015595250718,0.004555949651294322,0.004555949651294322
2014-05-13,-0.0024303972077487235,-0.0024303972077487235,-0.005615739350143579,-0.005615739350143579,-0.010491478766578542,-0.010491478766578542,-0.0009275411583827282,-0.0009275411583827282,0.005797815225884033,0.005797815225884033,0.002676576299673389,0.002676576299673389,0.00883174157178288,0.00883174157178288,-0.001957489268257879,-0.001957489268257879,0.000697934732553758,0.000697934732553758,-0.005920034482771392,-0.005920034482771392,-0.0035254979608587535,-0.0035254979608587535,-0.005920034482771392,-0.005920034482771392,-0.0009598670278802457,-0.0009598670278802457
2014-05-14,-0.003989317290730239,-0.003989317290730239,-0.0009590774063652874,-0.0009590774063652874,-0.006406420757504724,-0.006406420757504724,0.0010193493620345843,0.0010193493620345843,0.005039539496920821,0.005039539496920821,-0.008902358926840277,-0.008902358926840277,-0.00500589465954272,-0.00500589465954272,-0.0004032752876981585,-0.0004032752876981585,-0.002001668666479515,-0.002001668666479515,0.0009166076251881103,0.0009166076251881103,0.004783487652195172,0.004783487652195172,0.0009166076251881103,0.0009166076251881103,-0.002037932491679896,-0.002037932491679896
2014-05-15,0.002817130900642573,0.002817130900642573,-0.00029731814453620655,-0.00029731814453620655,-0.0014022892670234966,-0.0014022892670234966,0.003908021474724627,0.003908021474724627,0.00838700066986673,0.00838700066986673,-0.0048845640207573,-0.0048845640207573,-0.0018049502552560889,-0.0018049502552560889,0.0010222597635272306,0.0010222597635272306,0.00454784991862224,0.00454784991862224,0.006173549144823938,0.006173549144823938,0.003384822474928651,0.003384822474928651,0.006173549144823938,0.006173549144823938,0.0018697609357611626,0.0018697609357611626
2014-05-16,0.017158810055908375,0.017158810055908375,0.02033756470502055,0.02033756470502055,0.015824626603342575,0.015824626603342575,0.0031986986028092056,0.0031986986028092056,0.02330966545519326,0.02330966545519326,0.01341440440891152,0.01341440440891152,0.023196064158040916,0.023196064158040916,0.016233396297003044,0.016233396297003044,0.006878721693270278,0.006878721693270278,0.015798282291928513,0.015798282291928513,-0.0008649547154766237,-0.0008649547154766237,0.015798282291928513,0.015798282291928513,0.015565656676724163,0.015565656676724163
2014-05-19,-0.02619166847100083,-0.02619166847100083,-0.021314056553292434,-0.021314056553292434,-0.030629578531489746,-0.030629578531489746,-0.026127373624241244,-0.026127373624241244,-0.02818359583056106,-0.02818359583056106,-0.03135774543115896,-0.03135774543115896,-0.012213726797999274,-0.012213726797999274,-0.02006307616772627,-0.02006307616772627,-0.03352802255288497,-0.03352802255288497,-0.009262833222096515,-0.009262833222096515,0.016330983545253256,0.016330983545253256,-0.009262833222096515,-0.009262833222096515,-0.023827070675093195,-0.023827070675093195
2014-05-20,-0.020899477960255642,-0.020899477960255642,-0.02262914937405911,-0.02262914937405911,-0.019697093139085773,-0.019697093139085773,-0.022634066665530403,-0.022634066665530403,-0.03268048379423313,-0.03268048379423313,-0.01665534895625911,-0.01665534895625911,-0.02516020351208649,-0.02516020351208649,-0.022573854617725212,-0.022573854617725212,-0.02361372075987485,-0.02361372075987485,-0.019783382341713392,-0.019783382341713392,0.00019875154600526666,0.00019875154600526666,-0.019783382341713392,-0.019783382341713392,-0.0226745903446015,-0.0226745903446015
2014-05-21,0.0011503593593099619,0.0011503593593099619,-0.014496022698140515,-0.014496022698140515,-0.009034182261910988,-0.009034182261910988,-0.0024582263883848477,-0.0024582263883848477,-0.007010814374641834,-0.007010814374641834,-0.00351538191962638,-0.00351538191962638,-0.003012575513494591,-0.003012575513494591,0.00010167790052144268,0.00010167790052144268,-0.005494173555345793,-0.005494173555345793,0.005488635051491877,0.005488635051491877,0.004222653366775766,0.004222653366775766,0.005488635051491877,0.005488635051491877,-0.0037908509553136764,-0.0037908509553136764
2014-05-22,0.0020052435494816298,0.0020052435494816298,0.0029237650513208088,0.0029237650513208088,-0.0014789057349117287,-0.0014789057349117287,-0.002760000080477808,-0.002760000080477808,-0.007613166641574269,-0.007613166641574269,-0.0003202277827934301,-0.0003202277827934301,0.007807811860161537,0.007807811860161537,0.0006099250505430896,0.0006099250505430896,-0.009633943465733295,-0.009633943465733295,-0.00505687075112942,-0.00505687075112942,-0.00670726809757621,-0.00670726809757621,-0.00505687075112942,-0.00505687075112942,-0.001343346175108933,-0.001343346175108933
2014-05-23,0.005612522738022596,0.005612522738022596,-0.001330106100600973,-0.001330106100600973,0.00899457193236273,0.00899457193236273,-0.005619704081196131,-0.005619704081196131,0.0053671209465348205,0.0053671209465348205,0.018445461441199865,0.018445461441199865,-0.005627167008597388,-0.005627167008597388,0.003161461284365257,0.003161461284365257,0.00806356279314205,0.00806356279314205,0.016860792420877097,0.016860792420877097,0.011079934647842411,0.011079934647842411,0.016860792420877097,0.016860792420877097,0.00540347754085585,0.00540347754085585
2014-05-26,0.009309903211690718,0.009309903211690718,0.004209745437411948,0.004209745437411948,-0.0022969652997494048,-0.0022969652997494048,0.0002199912529654612,0.0002199912529654612,-0.009385716741689327,-0.009385716741689327,0.004357513752956591,0.004357513752956591,-0.002308059658656324,-0.002308059658656324,-0.001369778610921398,-0.001369778610921398,-0.006467328847610443,-0.006467328847610443,0.009251401641903254,0.009251401641903254,0.00041989597568516286,0.00041989597568516286,0.009251401641903254,0.009251401641903254,0.0006257506502216674,0.0006257506502216674
2014-05-27,-0.007377020498741809,-0.007377020498741809,0.006944791776877203,0.006944791776877203,-0.0066466982929530745,-0.0066466982929530745,0.005966350278000611,0.005966350278000611,-0.009049169483906364,-0.009049169483906364,-0.009184691503629907,-0.009184691503629907,-0.00452014922004631,-0.00452014922004631,-0.002341923928591523,-0.002341923928591523,-0.00860060576565427,-0.00860060576565427,3.653614572272706e-05,3.653614572272706e-05,0.0068758633202302515,0.0068758633202302515,3.653614572272706e-05,3.653614572272706e-05,-0.003436871748930067,-0.003436871748930067
2014-05-28,0.012073128976781602,0.012073128976781602,0.018882679116410825,0.018882679116410825,0.013545656986528785,0.013545656986528785,0.014116308934927524,0.014116308934927524,0.021190880141802648,0.021190880141802648,0.021064663125462887,0.021064663125462887,0.01141056076559557,0.01141056076559557,0.01701402849990303,0.01701402849990303,0.014966002583997107,0.014966002583997107,0.01105712350774267,0.01105712350774267,-0.00028659426175752564,-0.00028659426175752564,0.01105712350774267,0.01105712350774267,0.015536703708363835,0.015536703708363835
2014-05-29,0.004796042778215003,0.004796042778215003,0.012976893038487518,0.012976893038487518,0.01076539360029756,0.01076539360029756,0.023431430052627666,0.023431430052627666,0.022178073701482486,0.022178073701482486,0.01509794446769503,0.01509794446769503,0.027805278562439643,0.027805278562439643,0.0070267891864177826,0.0070267891864177826,0.015291650326706346,0.015291650326706346,-0.0011551718110903875,-0.0011551718110903875,-0.005573986795001332,-0.005573986795001332,-0.0011551718110903875,-0.0011551718110903875,0.013673456653990505,0.013673456653990505
2014-05-30,-0.005244245866187699,-0.005244245866187699,-0.0056963579676381736,-0.0056963579676381736,0.001517228076751794,0.001517228076751794,0.0006492320950563226,0.0006492320950563226,-0.005320481637609859,-0.005320481637609859,-0.0006233795081295147,-0.0006233795081295147,-0.0036932921074137835,-0.0036932921074137835,0.00029333394727901283,0.00029333394727901283,0.0031707874233713237,0.0031707874233713237,-0.0025698508964730267,-0.0025698508964730267,0.002365700363049843,0.002365700363049843,-0.0025698508964730267,-0.0025698508964730267,-0.001802950819114611,-0.001802950819114611
2014-06-02,0.02159269161218491,0.021342898441156864,0.005057731787538211,0.004343115085005776,0.0012056319161013462,-0.00012911580660996216,0.016832351163747816,0.015494609770953276,0.0072219154904571425,0.006305356645079238,0.012712749187037131,0.011662722226982369,0.027860324069270304,0.026337396718893423,0.007752172927387724,0.006085506260721057,0.011315853347454219,0.010125143399169239,-0.0003418545728764988,-0.000938963597808261,-0.021952338444873654,-0.02282622608995784,-0.0003418545728764988,-0.000938963597808261,0.011104063043805068,0.011012020080639699
2014-06-03,0.0011533863666070335,0.0011533863666070335,0.00798816396243133,0.00798816396243133,0.011231719869501847,0.011231719869501847,-0.003343108315352379,-0.003343108315352379,-0.004631288540696589,-0.004631288540696589,-0.001243116269287533,-0.001243116269287533,0.016437022359679816,0.016437022359679816,0.005325912286897686,0.005325912286897686,0.00932396917633318,0.00932396917633318,0.017036130459455418,0.017036130459455418,0.016216210587588223,0.016216210587588223,0.017036130459455418,0.017036130459455418,0.005920257129628582,0.005920257129628582
2014-06-04,-0.024033995099337756,-0.024033995099337756,0.0008374313033598393,0.0008374313033598393,0.0038175276482806985,0.0038175276482806985,-0.012247545069153869,-0.012247545069153869,-0.006926025132419779,-0.006926025132419779,-0.01203593002731932,-0.01203593002731932,0.0006573093137150375,0.0006573093137150375,-0.010629593304466901,-0.010629593304466901,-0.01183016050146633,-0.01183016050146633,-0.011359163210200715,-0.011359163210200715,0.01310627849664734,0.01310627849664734,-0.011359163210200715,-0.011359163210200715,-0.008365789332084298,-0.008365789332084298
2014-06-05,0.010792699859141636,0.010792699859141636,0.009777086225420187,0.009777086225420187,0.013050596859875911,0.013050596859875911,0.002728942172812775,0.002728942172812775,0.005317862644457609,0.005317862644457609,0.0026415255196426046,0.0026415255196426046,0.006826405056527388,0.006826405056527388,0.005471333272059051,0.005471333272059051,0.010473767506711137,0.010473767506711137,0.013763161362822313,0.013763161362822313,0.003046506164887921,0.003046506164887921,0.013763161362822313,0.013763161362822313,0.008095825908587284,0.008095825908587284
2014-06-06,-6.195494171564852e-06,-6.195494171564852e-06,0.0014473545711266938,0.0014473545711266938,-0.01459449788950999,-0.01459449788950999,-0.001126979666485159,-0.001126979666485159,-0.0023860653954261265,-0.0023860653954261265,0.0002620321218446929,0.0002620321218446929,0.009019463794301158,0.009019463794301158,-0.0005023130637618286,-0.0005023130637618286,-0.00234245999938519,-0.00234245999938519,-0.012202354913649079,-0.012202354913649079,-0.012310473683585666,-0.012310473683585666,-0.012202354913649079,-0.012202354913649079,-0.002231191248130251,-0.002231191248130251
2014-06-09,-0.0071935043354414184,-0.0071935043354414184,0.0031583921928322123,0.0031583921928322123,-9.34944819024966e-05,-9.34944819024966e-05,0.008972493975873285,0.008972493975873285,0.002547583022488017,0.002547583022488017,-0.00019613679783158126,-0.00019613679783158126,0.0012733868198481191,0.0012733868198481191,-0.0031648294061902052,-0.0031648294061902052,0.005565282845636052,0.005565282845636052,0.004924793077688972,0.004924793077688972,0.012246931259152018,0.012246931259152018,0.004924793077688972,0.004924793077688972,0.0015759816490574967,0.0015759816490574967
2014-06-10,0.0170307589099225,0.0170307589099225,0.016215268115571314,0.016215268115571314,0.017226485576044052,0.017226485576044052,0.025156510906330077,0.025156510906330077,0.023923428012041028,0.023923428012041028,0.014392431360870473,0.014392431360870473,0.008126521859994984,0.008126521859994984,0.021435004071163288,0.021435004071163288,0.021648796358777405,0.021648796358777405,0.009086799274744983,0.009086799274744983,-0.007787412081730316,-0.007787412081730316,0.009086799274744983,0.009086799274744983,0.01737356565553254,0.01737356565553254
2014-06-11,-0.02840631977724583,-0.02840631977724583,-0.026089822351293673,-0.026089822351293673,-0.011594363526241911,-0.011594363526241911,-0.023384254390569785,-0.023384254390569785,-0.030213362217407932,-0.030213362217407932,-0.025938847037575867,-0.025938847037575867,-0.026705069623946767,-0.026705069623946767,-0.01728181255462776,-0.01728181255462776,-0.038836049695587564,-0.038836049695587564,-0.023455362689700276,-0.023455362689700276,0.00497684014131077,0.00497684014131077,-0.023455362689700276,-0.023455362689700276,-0.02520611802216196,-0.02520611802216196
2014-06-12,-0.012402365907008203,-0.012402365907008203,-0.0194651353687383,-0.0194651353687383,-0.009475816452903364,-0.009475816452903364,-0.012277087566593178,-0.012277087566593178,-0.013691693989222714,-0.013691693989222714,-0.011533688663541191,-0.011533688663541191,-0.01571296025945001,-0.01571296025945001,-0.009712219308727364,-0.009712219308727364,-0.03299564280159062,-0.03299564280159062,-0.009414395134557352,-0.009414395134557352,0.002867726015295168,0.002867726015295168,-0.009414395134557352,-0.009414395134557352,-0.014675766163850825,-0.014675766163850825
2014-06-13,-0.0025023207833107805,-0.0025023207833107805,-0.0044695232193027595,-0.0044695232193027595,-0.01079615858532011,-0.01079615858532011,-0.003492999390186639,-0.003492999390186639,-0.001447661227550523,-0.001447661227550523,-0.008468573665745332,-0.008468573665745332,-0.01665493878233916,-0.01665493878233916,-0.015379125695687794,-0.015379125695687794,-0.005500874080528927,-0.005500874080528927,-0.016429001544070107,-0.016429001544070107,-0.013649416283794284,-0.013649416283794284,-0.016429001544070107,-0.016429001544070107,-0.008565492844981443,-0.008565492844981443
2014-06-16,-0.01708842134051669,-0.01708842134051669,-0.0017312306755230366,-0.0017312306755230366,-0.0009379991367620476,-0.0009379991367620476,0.00600480688889663,0.00600480688889663,-0.009469842184074465,-0.009469842184074465,-0.01596488856010157,-0.01596488856010157,-0.0035516009427467342,-0.0035516009427467342,-0.016611832501013092,-0.016611832501013092,-0.014212962994337506,-0.014212962994337506,-0.00988014184652556,-0.00988014184652556,0.007091129193396686,0.007091129193396686,-0.00988014184652556,-0.00988014184652556,-0.00826335347847149,-0.00826335347847149
2014-06-17,0.0016046974102040326,0.0016046974102040326,0.007114281127314971,0.007114281127314971,-0.005215401605004109,-0.005215401605004109,0.00025672390538166714,0.00025672390538166714,0.011347296913550992,0.011347296913550992,0.006363613399483335,0.006363613399483335,-0.001571770202782906,-0.001571770202782906,-0.003015985501745703,-0.003015985501745703,0.009318307095338995,0.009318307095338995,0.008011249580864922,0.008011249580864922,0.0061500202279481855,0.0061500202279481855,0.008011249580864922,0.008011249580864922,0.0033583552715993445,0.0033583552715993445
2014-06-18,-0.012424825096455426,-0.012424825096455426,-0.01417739051380711,-0.01417739051380711,-0.001993055359400955,-0.001993055359400955,-0.003414326584791098,-0.003414326584791098,-0.013141645435900084,-0.013141645435900084,-0.02445237098465259,-0.02445237098465259,-0.012677190513564354,-0.012677190513564354,-0.020368271238787313,-0.020368271238787313,-0.01027062769262985,-0.01027062769262985,-0.0031918925217573895,-0.0031918925217573895,0.008751084954175838,0.008751084954175838,-0.0031918925217573895,-0.0031918925217573895,-0.011557180185782931,-0.011557180185782931
2014-06-19,-0.020435268627224258,-0.020435268627224258,-0.0018199662908792947,-0.0018199662908792947,-0.002990759729124598,-0.002990759729124598,-0.015841084524725105,-0.015841084524725105,-0.01581069517172713,-0.01581069517172713,-0.007300194489900208,-0.007300194489900208,-0.013447993909226963,-0.013447993909226963,-0.009218759572868045,-0.009218759572868045,-0.0228888471995191,-0.0228888471995191,-0.026813809720093344,-0.026813809720093344,-0.006429463199865024,-0.006429463199865024,-0.026813809720093344,-0.026813809720093344,-0.013611382892697619,-0.013611382892697619
2014-06-20,-0.00938243472127182,-0.00938243472127182,0.0011733751159131302,0.0011733751159131302,-0.003214236695776114,-0.003214236695776114,-0.0064948846942430374,-0.0064948846942430374,-0.011378435808031283,-0.011378435808031283,0.000715281219922123,0.000715281219922123,-0.0041844111456604905,-0.0041844111456604905,-0.0026851685857973867,-0.0026851685857973867,-0.010647965182320281,-0.010647965182320281,-0.0006938786462748377,-0.0006938786462748377,0.007968382621123392,0.007968382621123392,-0.0006938786462748377,-0.0006938786462748377,-0.004652384149176013,-0.004652384149176013
2014-06-23,0.03619533544293576,0.03619533544293576,0.02177916914910322,0.02177916914910322,0.022183685143340477,0.022183685143340477,0.03243636308980362,0.03243636308980362,0.010759014826615038,0.010759014826615038,0.024851849926316387,0.024851849926316387,0.021381278422640357,0.021381278422640357,0.020394009102622946,0.020394009102622946,0.02606387496427804,0.02606387496427804,0.021154954372048514,0.021154954372048514,-0.01315304126718899,-0.01315304126718899,0.021154954372048514,0.021154954372048514,0.023695499319700587,0.023695499319700587
2014-06-24,0.030419890079406986,0.030419890079406986,0.027549796085960483,0.027549796085960483,0.015769247202827782,0.015769247202827782,0.020172925111484965,0.020172925111484965,0.01924962576828583,0.01924962576828583,0.021667997780837257,0.021667997780837257,0.01566231542755288,0.01566231542755288,0.021632735912776938,0.021632735912776938,0.012270268228258666,0.012270268228258666,0.0033351521701978325,0.0033351521701978325,-0.02563730481375478,-0.02563730481375478,0.0033351521701978325,0.0033351521701978325,0.018796082570141696,0.018796082570141696
2014-06-25,-0.002424326907427785,-0.002424326907427785,-0.011311302811802648,-0.011311302811802648,-0.0005422320851991682,-0.0005422320851991682,-0.01201745363476792,-0.01201745363476792,0.0034171284611878364,0.0034171284611878364,-0.016871319813707507,-0.016871319813707507,-0.015999746858468708,-0.015999746858468708,-0.008614987034573312,-0.008614987034573312,-0.0005439729941673411,-0.0005439729941673411,-0.01068542062680444,-0.01068542062680444,-0.00806854869022868,-0.00806854869022868,-0.01068542062680444,-0.01068542062680444,-0.007612333838648018,-0.007612333838648018
2014-06-26,-0.005793985906511948,-0.005793985906511948,0.0007923487478574409,0.0007923487478574409,0.004946549471096295,0.004946549471096295,0.0020888127572374344,0.0020888127572374344,-0.0001445876885182028,-0.0001445876885182028,-0.00219521299398125,-0.00219521299398125,0.0016363429327111907,0.0016363429327111907,0.0033982395011205825,0.0033982395011205825,-0.003801397103017235,-0.003801397103017235,-0.003244815716944713,-0.003244815716944713,0.002658609370939168,0.002658609370939168,-0.003244815716944713,-0.003244815716944713,-0.00017610505767981163,-0.00017610505767981163
2014-06-27,-0.01583661062655758,-0.01583661062655758,-0.001717614369977109,-0.001717614369977109,-0.00960769900765918,-0.00960769900765918,0.0021744122734595364,0.0021744122734595364,-0.015358350018321854,-0.015358350018321854,-0.004740293278819637,-0.004740293278819637,-0.014184434566338808,-0.014184434566338808,-0.004693554561889487,-0.004693554561889487,-0.008338352665329132,-0.008338352665329132,-0.014986564012527188,-0.014986564012527188,0.0012245884228726084,0.0012245884228726084,-0.014986564012527188,-0.014986564012527188,-0.008655568214847979,-0.008655568214847979
2014-06-30,-0.016401461567247345,-0.016401461567247345,-0.021390125479867208,-0.021390125479867208,-0.014059297219516848,-0.014059297219516848,-0.01610987771319586,-0.01610987771319586,-0.00664488544449084,-0.00664488544449084,-0.020051438433745405,-0.020051438433745405,-0.016609232268242773,-0.016609232268242773,-0.017534681135763196,-0.017534681135763196,-0.031112870804350313,-0.031112870804350313,-0.020901759803880704,-0.020901759803880704,-0.003922343169317318,-0.003922343169317318,-0.020901759803880704,-0.020901759803880704,-0.018031721858129072,-0.018031721858129072
2014-07-01,0.005905495148841533,0.005652589351051374,-0.010031388183115664,-0.01111231605071291,-0.008823402836076744,-0.010017197890288598,-0.006363589918878754,-0.007561021186476373,0.0020712933851672055,0.0008732407561085162,-0.004712470747496367,-0.005589539239787647,0.0010158460737537123,-0.00018616386809709902,-0.001594303879728587,-0.002657987140175987,-0.0062704266922217755,-0.007137057502280466,-0.0018803244177311162,-0.002444426735027017,-0.0077510436660953586,-0.008563783303048916,-0.0018803244177311162,-0.002444426735027017,-0.003074384346415382,-0.0031612219735636282
2014-07-02,-0.01199447132025156,-0.01199447132025156,-0.015574192969413524,-0.015574192969413524,-0.007838171042556802,-0.007838171042556802,-0.002668505731044796,-0.002668505731044796,-0.02113586270903755,-0.02113586270903755,-0.013801570636992711,-0.013801570636992711,-0.0025868130126732235,-0.0025868130126732235,-0.007314209976025517,-0.007314209976025517,-0.004686327444544738,-0.004686327444544738,-0.011676484824036203,-0.011676484824036203,0.0004073236870024829,0.0004073236870024829,-0.011676484824036203,-0.011676484824036203,-0.009933032898591758,-0.009933032898591758
2014-07-03,-0.007914936997033951,-0.007914936997033951,-0.001726476566042673,-0.001726476566042673,0.0019279620737841544,0.0019279620737841544,-0.006689179656201364,-0.006689179656201364,0.002022506999568262,0.002022506999568262,-0.006042543525465776,-0.006042543525465776,-0.0019863233243382493,-0.0019863233243382493,-0.0017903373479481186,-0.0017903373479481186,0.0019812033914654546,0.0019812033914654546,-0.0104310330784654,-0.0104310330784654,-0.002446021413030197,-0.002446021413030197,-0.0104310330784654,-0.0104310330784654,-0.003071203234323225,-0.003071203234323225
2014-07-04,-0.011688113811017111,-0.011688113811017111,-0.012836246630026842,-0.012836246630026842,-0.019748751647892932,-0.019748751647892932,-0.008451002325408071,-0.008451002325408071,-0.019695889328712437,-0.019695889328712437,-0.015341887752663375,-0.015341887752663375,-0.010320977719543635,-0.010320977719543635,-0.017825855010773963,-0.017825855010773963,-0.015181524171896926,-0.015181524171896926,-0.019997976840174528,-0.019997976840174528,-0.008082907350114205,-0.008082907350114205,-0.019997976840174528,-0.019997976840174528,-0.01510218336071983,-0.01510218336071983
2014-07-07,-0.003193194369178629,-0.003193194369178629,-0.006580419340131639,-0.006580419340131639,-0.017305499765304197,-0.017305499765304197,-0.006383012275921584,-0.006383012275921584,-0.005519697121573464,-0.005519697121573464,-0.011678230344272759,-0.011678230344272759,-0.013061029209154022,-0.013061029209154022,-0.010965385822017129,-0.010965385822017129,-0.008714586429525448,-0.008714586429525448,-0.017446689699518896,-0.017446689699518896,-0.013826737234078297,-0.013826737234078297,-0.017446689699518896,-0.017446689699518896,-0.010076050788495912,-0.010076050788495912
2014-07-08,-0.005766021502212327,-0.005766021502212327,-0.000342057677297006,-0.000342057677297006,-0.0032561968985624612,-0.0032561968985624612,0.006549091876978413,0.006549091876978413,0.0012969379487113401,0.0012969379487113401,0.0007175999672603074,0.0007175999672603074,0.0009250317452323283,0.0009250317452323283,-0.003802737832010276,-0.003802737832010276,0.004500870054157809,0.004500870054157809,0.0008900761387852108,0.0008900761387852108,0.006642816794475978,0.006642816794475978,0.0008900761387852108,0.0008900761387852108,0.00017651814901655915,0.00017651814901655915
2014-07-09,0.01769041188751658,0.01769041188751658,0.004760447116757352,0.004760447116757352,0.005001292260895574,0.005001292260895574,0.00906066172047449,0.00906066172047449,-0.00865037933115364,-0.00865037933115364,0.014273675579336249,0.014273675579336249,0.015207810707060527,0.015207810707060527,0.011576696184694844,0.011576696184694844,0.016363972448391648,0.016363972448391648,-0.006110236491293635,-0.006110236491293635,-0.023407494567290008,-0.023407494567290008,-0.006110236491293635,-0.006110236491293635,0.007973167523628035,0.007973167523628035
2014-07-10,0.0034622870840750634,0.0034622870840750634,0.013067877377662351,0.013067877377662351,0.016217216867176122,0.016217216867176122,0.01814882250200176,0.01814882250200176,0.011994028858011,0.011994028858011,0.010713695223456898,0.010713695223456898,0.005141412733570758,0.005141412733570758,0.019946898036544515,0.019946898036544515,0.008886192483500824,0.008886192483500824,0.01168969329629039,0.01168969329629039,0.007907295329765453,0.007907295329765453,0.01168969329629039,0.01168969329629039,0.011896558723105907,0.011896558723105907
2014-07-11,-0.011384004494684978,-0.011384004494684978,-0.014155358157728105,-0.014155358157728105,-0.016565879218793975,-0.016565879218793975,-0.0060823693015728255,-0.0060823693015728255,-0.010849824179995415,-0.010849824179995415,-0.022859542201379382,-0.022859542201379382,-0.005503464855246162,-0.005503464855246162,-0.021986107762456592,-0.021986107762456592,-0.012566708389584458,-0.012566708389584458,-0.010836847017047018,-0.010836847017047018,0.0010102208163664736,0.0010102208163664736,-0.010836847017047018,-0.010836847017047018,-0.01325670494876,-0.01325670494876
2014-07-14,0.011892126982419534,0.011892126982419534,0.009145681333494525,0.009145681333494525,0.006581615096910765,0.006581615096910765,0.014891404588147552,0.014891404588147552,0.011355563019151521,0.011355563019151521,0.007667598339987865,0.007667598339987865,0.011660038572399802,0.011660038572399802,0.018085160557686594,0.018085160557686594,0.017537124198289154,0.017537124198289154,0.006928629425570117,0.006928629425570117,-0.005313808493220507,-0.005313808493220507,0.006928629425570117,0.006928629425570117,0.01162686297068425,0.01162686297068425
2014-07-15,-0.009600178853734272,-0.009600178853734272,-0.011834162670257095,-0.011834162670257095,-0.010448251042015437,-0.010448251042015437,-0.002018513497007017,-0.002018513497007017,0.00026221117265768593,0.00026221117265768593,-0.014088639095204553,-0.014088639095204553,-0.008804432492064411,-0.008804432492064411,-0.006746631496779836,-0.006746631496779836,-0.011411236826290083,-0.011411236826290083,-0.00045671314068656274,-0.00045671314068656274,0.009455596523178678,0.009455596523178678,-0.00045671314068656274,-0.00045671314068656274,-0.007522999084935426,-0.007522999084935426
2014-07-16,0.011801904497162145,0.011801904497162145,0.00075621852371588,0.00075621852371588,0.0040933861187041655,0.0040933861187041655,-0.0003297059412539806,-0.0003297059412539806,0.0034213846419907175,0.0034213846419907175,-0.00644136942012698,-0.00644136942012698,0.008621189197032772,0.008621189197032772,0.006740773867072042,0.006740773867072042,0.018752120515883236,0.018752120515883236,-0.0002672536550551465,-0.0002672536550551465,-0.012208778995121608,-0.012208778995121608,-0.0002672536550551465,-0.0002672536550551465,0.004789487786508496,0.004789487786508496
2014-07-17,0.0015183788226089193,0.0015183788226089193,-0.005824859045149619,-0.005824859045149619,8.482813293652215e-05,8.482813293652215e-05,-0.013438122472169564,-0.013438122472169564,-0.002707727328470721,-0.002707727328470721,-0.0017391437329784304,-0.0017391437329784304,0.005755251128034693,0.005755251128034693,0.003148446772033267,0.003148446772033267,0.009953228328724096,0.009953228328724096,-0.0047399268964112866,-0.0047399268964112866,-0.006258012265983845,-0.006258012265983845,-0.0047399268964112866,-0.0047399268964112866,-0.0007565908454428658,-0.0007565908454428658
2014-07-18,0.0009327309219348398,0.0009327309219348398,-0.010774983090029683,-0.010774983090029683,-0.017835728543998532,-0.017835728543998532,-0.018132581101408793,-0.018132581101408793,-0.0091628865913104,-0.0091628865913104,-0.009779813042838672,-0.009779813042838672,-0.013501360055349933,-0.013501360055349933,-0.011816399920512494,-0.011816399920512494,-0.024632386917797754,-0.024632386917797754,-0.01060475010495653,-0.01060475010495653,-0.011469279717528556,-0.011469279717528556,-0.01060475010495653,-0.01060475010495653,-0.012591447692312987,-0.012591447692312987
2014-07-21,0.004804329485482377,0.004804329485482377,-0.006169315576843438,-0.006169315576843438,0.0027220078307268365,0.0027220078307268365,0.002116993394822054,0.002116993394822054,-0.0014099741924568253,-0.0014099741924568253,-0.010695450581509384,-0.010695450581509384,-0.003905894979015538,-0.003905894979015538,-0.0037720744839572816,-0.0037720744839572816,-0.00768480085509899,-0.00768480085509899,-0.0016874597861159654,-0.0016874597861159654,-0.0067553248832615004,-0.0067553248832615004,-0.0016874597861159654,-0.0016874597861159654,-0.002543764578705244,-0.002543764578705244
2014-07-22,0.004241761407699098,0.004241761407699098,0.008673194289040283,0.008673194289040283,0.011191889221938686,0.011191889221938686,-0.0028637780042535363,-0.0028637780042535363,0.005660962956101872,0.005660962956101872,0.003973569341431638,0.003973569341431638,0.002606850694925755,0.002606850694925755,0.014115604365609482,0.014115604365609482,0.00423358197034959,0.00423358197034959,-0.006121244572783019,-0.006121244572783019,-0.010634713150167927,-0.010634713150167927,-0.006121244572783019,-0.006121244572783019,0.004571690534401522,0.004571690534401522
2014-07-23,-0.009910589156048286,-0.009910589156048286,-0.006433210374862606,-0.006433210374862606,-0.0029386470723365304,-0.0029386470723365304,0.0007469796775390137,0.0007469796775390137,7.90754979298181e-05,7.90754979298181e-05,-0.008858911190672267,-0.008858911190672267,0.016297716225928273,0.016297716225928273,-0.002547312521701748,-0.002547312521701748,-0.0003078927827057749,-0.0003078927827057749,0.0031377542266799994,0.0031377542266799994,0.013906938656806998,0.013906938656806998,0.0031377542266799994,0.0031377542266799994,-0.001027128634587142,-0.001027128634587142
2014-07-24,-0.006555469416599229,-0.006555469416599229,-0.009790575391586292,-0.009790575391586292,0.011427877150616736,0.011427877150616736,-0.0026532443166626396,-0.0026532443166626396,-0.00869962295884528,-0.00869962295884528,0.0034154209009635214,0.0034154209009635214,-0.007491852913777465,-0.007491852913777465,0.011469502891669888,0.011469502891669888,0.005169175366608736,0.005169175366608736,-0.002022376516383895,-0.002022376516383895,0.004954909888188704,0.004954909888188704,-0.002022376516383895,-0.002022376516383895,-0.0005936999814069278,-0.0005936999814069278
2014-07-25,0.01088161884410253,0.01088161884410253,0.027189088116482796,0.027189088116482796,0.0035795898174634123,0.0035795898174634123,0.008899891649369628,0.008899891649369628,0.028959694935812887,0.028959694935812887,0.018461595111368023,0.018461595111368023,0.026052713066318654,0.026052713066318654,0.011267207199903213,0.011267207199903213,0.01848355260222828,0.01848355260222828,0.02257469850854967,0.02257469850854967,0.010767152466613176,0.010767152466613176,0.02257469850854967,0.02257469850854967,0.017560622777177345,0.017560622777177345
2014-07-28,0.004515594546183312,0.004515594546183312,0.009369242637477088,0.009369242637477088,0.010256220453393106,0.010256220453393106,0.017115142939450503,0.017115142939450503,0.014921540389332053,0.014921540389332053,0.0020821730126665506,0.0020821730126665506,0.012645558204211822,0.012645558204211822,0.015596232455479147,0.015596232455479147,0.01246272719748254,0.01246272719748254,0.006187095662877164,0.006187095662877164,0.0014131807717320958,0.0014131807717320958,0.006187095662877164,0.006187095662877164,0.010597408093560967,0.010597408093560967
2014-07-29,-0.002723077633797361,-0.002723077633797361,0.004628372788675608,0.004628372788675608,-0.0034635958108683966,-0.0034635958108683966,0.0025100623358054117,0.0025100623358054117,7.342172755953405e-05,7.342172755953405e-05,0.00814646017338874,0.00814646017338874,-0.002451926434710991,-0.002451926434710991,-0.004268008043680879,-0.004268008043680879,-0.020916040891057783,-0.020916040891057783,0.009753895532200345,0.009753895532200345,0.012607588315437616,0.012607588315437616,0.009753895532200345,0.009753895532200345,-0.0010642810336135668,-0.0010642810336135668
2014-07-30,0.008052213349126841,0.008052213349126841,0.013738202261158206,0.013738202261158206,0.02250580394658099,0.02250580394658099,-0.0037628395803034386,-0.0037628395803034386,0.010725387321368123,0.010725387321368123,0.015980571904166636,0.015980571904166636,0.015978998873170076,0.015978998873170076,0.011622340208179333,0.011622340208179333,0.008828151631625421,0.008828151631625421,0.01605782234408814,0.01605782234408814,0.0076480854477160905,0.0076480854477160905,0.01605782234408814,0.01605782234408814,0.011899304912696512,0.011899304912696512
2014-07-31,0.016383036405842318,0.016383036405842318,0.02959186242496709,0.02959186242496709,0.02725680025719059,0.02725680025719059,0.023630995832466903,0.023630995832466903,0.01826994660430515,0.01826994660430515,0.02349125379292393,0.02349125379292393,0.011450955435174884,0.011450955435174884,0.023153670964399617,0.023153670964399617,0.02797113729312098,0.02797113729312098,0.01754650281052615,0.01754650281052615,0.0006359807084365668,0.0006359807084365668,0.01754650281052615,0.01754650281052615,0.021809590262444282,0.021809590262444282
2014-08-01,0.021202226858635376,0.020811407252289443,0.012549270954304692,0.011674307184214732,0.0253005185967905,0.024244940938742854,0.006324795936793359,0.004935753251702429,0.028503406971226886,0.02682688002975991,0.016737610032766748,0.015722577199207437,0.028339575866220157,0.02714274088578676,0.0185681579247281,0.017212798645100863,0.02420470558032628,0.023312304542720094,0.0063106607571234985,0.005768416257784651,-0.014907577456876098,-0.015882715861650635,0.0063106607571234985,0.005768416257784651,0.018802964167949687,0.018723189181366173
2014-08-04,-0.0039020949286205794,-0.0039020949286205794,-0.009649334497210558,-0.009649334497210558,-0.013704290987933488,-0.013704290987933488,-0.015531809193811363,-0.015531809193811363,-0.00709810301824253,-0.00709810301824253,-0.015903715192522726,-0.015903715192522726,-0.02495961029737568,-0.02495961029737568,-0.01115801850098837,-0.01115801850098837,-0.0017835820856028806,-0.0017835820856028806,-0.007088909745593446,-0.007088909745593446,-0.0031945544968154027,-0.0031945544968154027,-0.007088909745593446,-0.007088909745593446,-0.011082400670453138,-0.011082400670453138
2014-08-05,-0.007953695541981293,-0.007953695541981293,-0.0035442247033814866,-0.0035442247033814866,0.007226660250805748,0.007226660250805748,-0.005169731398619475,-0.005169731398619475,-0.01631632445591908,-0.01631632445591908,-0.00769669182299817,-0.00769669182299817,-0.007629888897902655,-0.007629888897902655,-0.013417053019159245,-0.013417053019159245,-0.00813324891614778,-0.00813324891614778,-0.022590602052459184,-0.022590602052459184,-0.01473569539966319,-0.01473569539966319,-0.022590602052459184,-0.022590602052459184,-0.0085223036720001,-0.0085223036720001
2014-08-06,0.016542390837256733,0.016542390837256733,0.016045067350962956,0.016045067350962956,0.008694780140146895,0.008694780140146895,0.015007945132331165,0.015007945132331165,0.015530087662124594,0.015530087662124594,0.014298206276414448,0.014298206276414448,0.016805006581894193,0.016805006581894193,0.010422209004322244,0.010422209004322244,0.015007255845636863,0.015007255845636863,0.03115077705402848,0.03115077705402848,0.01418144975065367,0.01418144975065367,0.03115077705402848,0.03115077705402848,0.01590529865108549,0.01590529865108549
2014-08-07,-0.007952770577823145,-0.007952770577823145,-0.00900128886761687,-0.00900128886761687,-0.005998328371833429,-0.005998328371833429,-0.006570125928703662,-0.006570125928703662,-0.0009671934656614424,-0.0009671934656614424,-0.006078789530651292,-0.006078789530651292,-0.009850710436094269,-0.009850710436094269,-0.007926149061063054,-0.007926149061063054,-0.011300953544477028,-0.011300953544477028,-0.009226086151467496,-0.009226086151467496,-0.0011558656211540605,-0.0011558656211540605,-0.009226086151467496,-0.009226086151467496,-0.007488580861693504,-0.007488580861693504
2014-08-08,-0.021247853132829977,-0.021247853132829977,-0.010419811004118557,-0.010419811004118557,-0.031058226940102886,-0.031058226940102886,-0.01708246398981027,-0.01708246398981027,-0.015714925892647853,-0.015714925892647853,-0.005200785652919274,-0.005200785652919274,-0.0054403613609535825,-0.0054403613609535825,-0.00851224572804464,-0.00851224572804464,-0.011857212338539069,-0.011857212338539069,-0.0029397395872410364,-0.0029397395872410364,0.019045087674942743,0.019045087674942743,-0.0029397395872410364,-0.0029397395872410364,-0.01300048973821494,-0.01300048973821494
2014-08-11,-0.013823318552619701,-0.013823318552619701,-0.008076392652023286,-0.008076392652023286,0.003923629069350221,0.003923629069350221,-0.0042328853823057535,-0.0042328853823057535,0.002440634318755826,0.002440634318755826,0.0018497807572413149,0.0018497807572413149,-0.006811452145725173,-0.006811452145725173,-0.0006430957862473535,-0.0006430957862473535,0.00013919303376621044,0.00013919303376621044,-0.0019772541689949126,-0.0019772541689949126,0.011800983305905715,0.011800983305905715,-0.0019772541689949126,-0.0019772541689949126,-0.002716526134200103,-0.002716526134200103
2014-08-12,0.014751327215297516,0.014751327215297516,0.003554630742946429,0.003554630742946429,0.007750589757962537,0.007750589757962537,0.007676094425125523,0.007676094425125523,0.0058002708280561486,0.0058002708280561486,0.0026478585181718773,0.0026478585181718773,0.014092750509117877,0.014092750509117877,0.012985572589124823,0.012985572589124823,0.004042153900001568,0.004042153900001568,0.015141926945737093,0.015141926945737093,0.0005417505445859828,0.0005417505445859828,0.015141926945737093,0.015141926945737093,0.00882499946297219,0.00882499946297219
2014-08-13,-0.0028386124518406516,-0.0028386124518406516,0.010253860771749918,0.010253860771749918,-0.002169468666264506,-0.002169468666264506,-0.005637701956971628,-0.005637701956971628,0.002669016787689234,0.002669016787689234,0.0005374603174872969,0.0005374603174872969,-0.012592025034882683,-0.012592025034882683,0.004946665982498036,0.004946665982498036,0.0017520584600769981,0.0017520584600769981,-0.008672071877711157,-0.008672071877711157,-0.005841365338751429,-0.005841365338751429,-0.008672071877711157,-0.008672071877711157,-0.001180342276769747,-0.001180342276769747
2014-08-14,-0.0025319550676285827,-0.0025319550676285827,-0.00539120273026873,-0.00539120273026873,-0.0014188813191863578,-0.0014188813191863578,-0.010270378631764334,-0.010270378631764334,0.0012930003325879917,0.0012930003325879917,-0.006774938819413238,-0.006774938819413238,-0.002680743242071391,-0.002680743242071391,0.0036569659546652083,0.0036569659546652083,0.0012837370011508985,0.0012837370011508985,-0.009779271002985902,-0.009779271002985902,-0.007210667790741337,-0.007210667790741337,-0.009779271002985902,-0.009779271002985902,-0.003229834989961212,-0.003229834989961212
2014-08-15,-0.011683368310498387,-0.011683368310498387,-0.012939229139059712,-0.012939229139059712,-0.006309775792733643,-0.006309775792733643,-0.010048650870771557,-0.010048650870771557,-0.007065161729112804,-0.007065161729112804,0.0024035422568944188,0.0024035422568944188,0.000469311460763424,0.000469311460763424,0.0008031167083116198,0.0008031167083116198,-0.003248948983741712,-0.003248948983741712,-0.0020615443094992355,-0.0020615443094992355,0.009550675343189763,0.009550675343189763,-0.0020615443094992355,-0.0020615443094992355,-0.004948491176277748,-0.004948491176277748
2014-08-18,-0.01860029437427883,-0.01860029437427883,-0.008972166663453377,-0.008972166663453377,-0.015125012662079681,-0.015125012662079681,-0.007514264264263754,-0.007514264264263754,-0.013395532428156564,-0.013395532428156564,-0.006822389698552793,-0.006822389698552793,-0.002994444866836301,-0.002994444866836301,0.004921078797285007,0.004921078797285007,-0.01299704120787858,-0.01299704120787858,-0.01053144149816544,-0.01053144149816544,0.0077564970982516804,0.0077564970982516804,-0.01053144149816544,-0.01053144149816544,-0.00918672626487688,-0.00918672626487688
2014-08-19,-0.018117645539765463,-0.018117645539765463,-0.017453334563244292,-0.017453334563244292,-0.0123496205619518,-0.0123496205619518,0.0010126156646511509,0.0010126156646511509,-0.018641969177796296,-0.018641969177796296,-0.0019056863876940552,-0.0019056863876940552,-0.01892435114361944,-0.01892435114361944,-0.005592703875039612,-0.005592703875039612,-0.003230441441055715,-0.003230441441055715,-0.01339935816997027,-0.01339935816997027,0.004257567834430382,0.004257567834430382,-0.01339935816997027,-0.01339935816997027,-0.010852916513916596,-0.010852916513916596
2014-08-20,0.024872913351756905,0.024872913351756905,0.028566826711168253,0.028566826711168253,0.026377537870867572,0.026377537870867572,0.031002756295729766,0.031002756295729766,0.021934865065734506,0.021934865065734506,0.027403622851094996,0.027403622851094996,0.022399483699851563,0.022399483699851563,0.012829088298815782,0.012829088298815782,0.01968045003789508,0.01968045003789508,0.029944548410965367,0.029944548410965367,0.005275362183609412,0.005275362183609412,0.029944548410965367,0.029944548410965367,0.024422122927009515,0.024422122927009515
2014-08-21,0.0027533185628203566,0.0027533185628203566,-0.007829469401051937,-0.007829469401051937,0.007085808274559138,0.007085808274559138,0.0013548412482424826,0.0013548412482424826,0.001317747734963107,0.001317747734963107,0.012638050606783312,0.012638050606783312,0.006555331640543118,0.006555331640543118,0.0013625799981273846,0.0013625799981273846,0.009795852931823286,0.009795852931823286,0.007504202977493537,0.007504202977493537,0.004664788456835219,0.004664788456835219,0.007504202977493537,0.007504202977493537,0.004293407875712864,0.004293407875712864
2014-08-22,-0.0031275312407381952,-0.0031275312407381952,0.010520691506980432,0.010520691506980432,0.011551064815591617,0.011551064815591617,0.010560133300669097,0.010560133300669097,0.013831504440147267,0.013831504440147267,0.009484855578781197,0.009484855578781197,0.01522919947339157,0.01522919947339157,0.013321139724950918,0.013321139724950918,0.0010366802495024806,0.0010366802495024806,0.010594260243893592,0.010594260243893592,0.013223122243868965,0.013223122243868965,0.010594260243893592,0.010594260243893592,0.009317613505332972,0.009317613505332972
2014-08-25,-0.012310633218244292,-0.012310633218244292,-0.009744251581497092,-0.009744251581497092,0.0023426625941263984,0.0023426625941263984,0.0012777671336320498,0.0012777671336320498,0.003434064462291133,0.003434064462291133,0.0002723399749218272,0.0002723399749218272,0.000231814410844586,0.000231814410844586,-0.00810519398355142,-0.00810519398355142,-0.009907116853900921,-0.009907116853900921,-0.007635197267711448,-0.007635197267711448,0.004009423720421282,0.004009423720421282,-0.007635197267711448,-0.007635197267711448,-0.00398253577991812,-0.00398253577991812
2014-08-26,-0.0001865747203267645,-0.0001865747203267645,-0.005391433575631473,-0.005391433575631473,-0.0003763168010366847,-0.0003763168010366847,0.0011243478703865243,0.0011243478703865243,-2.9692253603590818e-05,-2.9692253603590818e-05,-0.006436519493426843,-0.006436519493426843,-0.004218259126478628,-0.004218259126478628,0.01386318057658463,0.01386318057658463,-0.005620648855801592,-0.005620648855801592,-0.00658581284113219,-0.00658581284113219,-0.00612985759712911,-0.00612985759712911,-0.00658581284113219,-0.00658581284113219,-0.0013687200708353852,-0.0013687200708353852
2014-08-27,-0.003746032117340538,-0.003746032117340538,-0.005881788267686304,-0.005881788267686304,-0.00602091408955047,-0.00602091408955047,-0.015632908507310674,-0.015632908507310674,-0.0056910475995319825,-0.0056910475995319825,-0.019195279148887693,-0.019195279148887693,-0.022649297877698912,-0.022649297877698912,-0.008420998093407553,-0.008420998093407553,-0.007509836198579695,-0.007509836198579695,-0.008025855277357677,-0.008025855277357677,-0.004241211992304867,-0.004241211992304867,-0.008025855277357677,-0.008025855277357677,-0.010331432707574917,-0.010331432707574917
2014-08-28,-0.03947808130514746,-0.03947808130514746,-0.026900820700845242,-0.026900820700845242,-0.03086014014249501,-0.03086014014249501,-0.02792397402469156,-0.02792397402469156,-0.01843536978018604,-0.01843536978018604,-0.02064507442857115,-0.02064507442857115,-0.03451258234125466,-0.03451258234125466,-0.02176548629343613,-0.02176548629343613,-0.037389267003870165,-0.037389267003870165,-0.034152641646988315,-0.034152641646988315,0.003662289571112874,0.003662289571112874,-0.034152641646988315,-0.034152641646988315,-0.02910867394531641,-0.02910867394531641
2014-08-29,-0.024502034239188356,-0.024502034239188356,-0.013129554710792492,-0.013129554710792492,0.00013868398175971575,0.00013868398175971575,-0.008222116889934567,-0.008222116889934567,-0.003869566500051145,-0.003869566500051145,-0.014859440442561333,-0.014859440442561333,-0.024677563972690282,-0.024677563972690282,-0.012060167122010221,-0.012060167122010221,-0.011392006701285165,-0.011392006701285165,-0.024729235411525233,-0.024729235411525233,-0.0011696989023414553,-0.0011696989023414553,-0.024729235411525233,-0.024729235411525233,-0.01361093069555312,-0.01361093069555312
2014-09-01,-0.02143810259208001,-0.02172659001301271,-0.006643639487408426,-0.007236656605175385,-0.009647089929704533,-0.010681318254715442,-0.011056301613432407,-0.011929733503548387,-0.001632329193595461,-0.0031675843713932813,-0.008132860693162436,-0.009494437799419582,-0.008635897682843452,-0.00998733508053333,-0.023830313892296173,-0.025330313892296175,-0.021036476533363158,-0.022226788253648655,-0.02480925064418782,-0.0251898567061904,-0.003371948289179416,-0.004055522720530931,-0.02480925064418782,-0.0251898567061904,-0.013691810110953107,-0.013770536842838098
2014-09-02,-0.019355511159837104,-0.019355511159837104,-0.021545638372130155,-0.021545638372130155,-0.03849113186631668,-0.03849113186631668,-0.017380665387896302,-0.017380665387896302,-0.01922260939663062,-0.01922260939663062,-0.022069531795844824,-0.022069531795844824,-0.019068055361409163,-0.019068055361409163,-0.030999742697003237,-0.030999742697003237,-0.03221184191388624,-0.03221184191388624,-0.027602924222415455,-0.027602924222415455,-0.008004793821404541,-0.008004793821404541,-0.027602924222415455,-0.027602924222415455,-0.024773539081786172,-0.024773539081786172
2014-09-03,-0.012319435022379708,-0.012319435022379708,-0.014475702652750331,-0.014475702652750331,-0.0147436774304991,-0.0147436774304991,-0.006601701047296909,-0.006601701047296909,-0.014802378110525607,-0.014802378110525607,0.00405976344494434,0.00405976344494434,-0.011618219681493711,-0.011618219681493711,-0.014912935114847023,-0.014912935114847023,-0.011112859109218377,-0.011112859109218377,-0.017443623719054214,-0.017443623719054214,-0.004773648620800282,-0.004773648620800282,-0.017443623719054214,-0.017443623719054214,-0.011371661077252671,-0.011371661077252671
2014-09-04,0.01519539557490635,0.01519539557490635,0.022546829119912758,0.022546829119912758,0.023833321650116177,0.023833321650116177,0.018178112425611816,0.018178112425611816,-0.0031076774856277183,-0.0031076774856277183,0.010157055910515567,0.010157055910515567,0.0002639654714386881,0.0002639654714386881,0.014338313768728534,0.014338313768728534,0.0211815991862205,0.0211815991862205,0.01996955429904028,0.01996955429904028,0.004272880626166522,0.004272880626166522,0.01996955429904028,0.01996955429904028,0.014181734304586354,0.014181734304586354
2014-09-05,0.004660563666162719,0.004660563666162719,-0.005457747243911109,-0.005457747243911109,0.009415952677430582,0.009415952677430582,-0.006596675364074813,-0.006596675364074813,-0.0001368424783741505,-0.0001368424783741505,-0.0071187755354775156,-0.0071187755354775156,0.014789857889579035,0.014789857889579035,0.007799066311003647,0.007799066311003647,-0.0014024392869560378,-0.0014024392869560378,0.0032342276463293083,0.0032342276463293083,-0.001427755274988023,-0.001427755274988023,0.0032342276463293083,0.0032342276463293083,0.0018536346813111206,0.0018536346813111206
2014-09-08,0.0031682198390478415,0.0031682198390478415,-0.007062896897532183,-0.007062896897532183,0.014812867128236188,0.014812867128236188,0.009498967088719204,0.009498967088719204,0.0015175623944302698,0.0015175623944302698,0.022666530133182566,0.022666530133182566,0.014622975240854545,0.014622975240854545,0.01353726036598078,0.01353726036598078,0.01781032101855633,0.01781032101855633,0.02298976174769539,0.02298976174769539,0.019110198446692782,0.019110198446692782,0.02298976174769539,0.02298976174769539,0.011333231144247644,0.011333231144247644
2014-09-09,0.005682702428709885,0.005682702428709885,0.009073290353356332,0.009073290353356332,-0.0015272129517182307,-0.0015272129517182307,0.0037735478601252214,0.0037735478601252214,0.009539454634257673,0.009539454634257673,0.012740513835792378,0.012740513835792378,0.004822869870307184,0.004822869870307184,0.004876212703043267,0.004876212703043267,0.009301694637287992,0.009301694637287992,0.008241392589864945,0.008241392589864945,0.002513335869258535,0.002513335869258535,0.008241392589864945,0.008241392589864945,0.006650304962640376,0.006650304962640376
2014-09-10,0.030329155500725284,0.030329155500725284,-0.005658799567542506,-0.005658799567542506,-0.0027268436704750176,-0.0027268436704750176,0.00598669472056217,0.00598669472056217,0.011448492884565925,0.011448492884565925,0.019968741985952228,0.019968741985952228,0.0061780915879002625,0.0061780915879002625,0.00861835423181769,0.00861835423181769,0.020071186972030426,0.020071186972030426,0.019082528772893334,0.019082528772893334,-0.010726851928203796,-0.010726851928203796,0.019082528772893334,0.019082528772893334,0.011345626312270238,0.011345626312270238
2014-09-11,-0.003916387753855139,-0.003916387753855139,-0.0016040307998864795,-0.0016040307998864795,-0.012443269727619118,-0.012443269727619118,-0.010057732005886583,-0.010057732005886583,0.0008659010179722154,0.0008659010179722154,-0.0081908661028057,-0.0081908661028057,-0.003788780826398412,-0.003788780826398412,0.004602681489933921,0.004602681489933921,-0.001140948070369541,-0.001140948070369541,-0.008175272349874828,-0.008175272349874828,-0.004269042383913192,-0.004269042383913192,-0.008175272349874828,-0.008175272349874828,-0.004413703077965982,-0.004413703077965982
2014-09-12,0.01968334685067108,0.01968334685067108,0.010747037516474506,0.010747037516474506,-0.0010802621155893343,-0.0010802621155893343,0.00915945533692686,0.00915945533692686,0.00648984248654772,0.00648984248654772,0.01576052210048102,0.01576052210048102,0.009033965382396066,0.009033965382396066,0.006807599663833146,0.006807599663833146,0.009279695434196863,0.009279695434196863,0.00559590000641883,0.00559590000641883,-0.014238563880932493,-0.014238563880932493,0.00559590000641883,0.00559590000641883,0.009202929362933567,0.009202929362933567
2014-09-15,-0.009994412533212274,-0.009994412533212274,0.014181877080622506,0.014181877080622506,0.00967517036949979,0.00967517036949979,0.014131503424207258,0.014131503424207258,-0.0002628738603438663,-0.0002628738603438663,0.02015555392411989,0.02015555392411989,0.01162632447606903,0.01162632447606903,0.006464707393189323,0.006464707393189323,0.006672835211152367,0.006672835211152367,0.013315662833779036,0.013315662833779036,0.0240167398128324,0.0240167398128324,0.013315662833779036,0.013315662833779036,0.0085950727657187,0.0085950727657187
2014-09-16,-0.014374278944266407,-0.014374278944266407,-0.00866242032988755,-0.00866242032988755,-0.0030627205275366104,-0.0030627205275366104,-0.0051372957943661346,-0.0051372957943661346,-0.001658579742871212,-0.001658579742871212,-0.007692293619578954,-0.007692293619578954,-0.00929517572986039,-0.00929517572986039,-0.0063638327117061435,-0.0063638327117061435,-0.014914983565142516,-0.014914983565142516,-0.01098262755381554,-0.01098262755381554,0.0033923678925917473,0.0033923678925917473,-0.01098262755381554,-0.01098262755381554,-0.008249500832806775,-0.008249500832806775
2014-09-17,0.003387829092021848,0.003387829092021848,0.01436270592574339,0.01436270592574339,0.005611797250167212,0.005611797250167212,0.005936943650069071,0.005936943650069071,0.0023443766186294233,0.0023443766186294233,0.023050413025240822,0.023050413025240822,0.012914770837887111,0.012914770837887111,0.012363897360530519,0.012363897360530519,0.011876636179432137,0.011876636179432137,0.014087647778641365,0.014087647778641365,0.010675829574365418,0.010675829574365418,0.014087647778641365,0.014087647778641365,0.010677103258417149,0.010677103258417149
2014-09-18,0.004324775813825098,0.004324775813825098,0.006379699116306539,0.006379699116306539,0.0129448106457182,0.0129448106457182,0.006806076927264124,0.006806076927264124,-0.00022932076784460374,-0.00022932076784460374,0.003909517409206786,0.003909517409206786,0.01007303912586268,0.01007303912586268,0.01804098496621104,0.01804098496621104,0.009175371416957265,0.009175371416957265,0.01739137128666143,0.01739137128666143,0.013127733008291217,0.013127733008291217,0.01739137128666143,0.01739137128666143,0.008859589021516817,0.008859589021516817
2014-09-19,-0.011414070275760139,-0.011414070275760139,-0.012371864255923772,-0.012371864255923772,-0.016409951660637176,-0.016409951660637176,-0.006635944420461711,-0.006635944420461711,-0.009709064378533283,-0.009709064378533283,-0.015045505641965735,-0.015045505641965735,-0.004914991977115155,-0.004914991977115155,-0.0005071993500129881,-0.0005071993500129881,-0.006504437137127829,-0.006504437137127829,0.0018473682839908693,0.0018473682839908693,0.012976490616023892,0.012976490616023892,0.0018473682839908693,0.0018473682839908693,-0.008151171659311732,-0.008151171659311732
2014-09-22,-0.026869891714310826,-0.026869891714310826,-0.014893965050020878,-0.014893965050020878,-0.010907900096619991,-0.010907900096619991,-0.006233026849179115,-0.006233026849179115,-0.019026744809919553,-0.019026744809919553,-0.005609618800470701,-0.005609618800470701,-0.0033082716405134684,-0.0033082716405134684,-0.012610107007508623,-0.012610107007508623,-0.011656495486409344,-0.011656495486409344,-0.017677926342617025,-0.017677926342617025,0.008008601929829362,0.008008601929829362,-0.017677926342617025,-0.017677926342617025,-0.01279811346031417,-0.01279811346031417
2014-09-23,-0.016976641880971928,-0.016976641880971928,-0.00865463852869755,-0.00865463852869755,-0.012179019775008851,-0.012179019775008851,-0.010516197647575451,-0.010516197647575451,-0.008250133122347021,-0.008250133122347021,-0.007756237912526165,-0.007756237912526165,0.00641382706549576,0.00641382706549576,-0.004002462507913683,-0.004002462507913683,-0.010410136246841449,-0.010410136246841449,-0.0036584614915907846,-0.0036584614915907846,0.01204786283907331,0.01204786283907331,-0.0036584614915907846,-0.0036584614915907846,-0.0075071929519038,-0.0075071929519038
2014-09-24,-0.015319591954172025,-0.015319591954172025,0.0020308177930731287,0.0020308177930731287,-0.0036077768468333617,-0.0036077768468333617,0.005434599480317047,0.005434599480317047,0.0037107572892354237,0.0037107572892354237,-0.0030015806272657166,-0.0030015806272657166,-0.0035051807137810626,-0.0035051807137810626,-0.006146274546987797,-0.006146274546987797,-0.001528941770656718,-0.001528941770656718,0.008850343936427625,0.008850343936427625,0.02208858637745761,0.02208858637745761,0.008850343936427625,0.008850343936427625,-0.0012655616547417895,-0.0012655616547417895
2014-09-25,-0.004356173435369593,-0.004356173435369593,0.011570973137329844,0.011570973137329844,0.01582600467555772,0.01582600467555772,0.003994743723505047,0.003994743723505047,0.008132329677738265,0.008132329677738265,0.005128042891357399,0.005128042891357399,0.007333497683694321,0.007333497683694321,0.004649722576744874,0.004649722576744874,0.0003761294775164797,0.0003761294775164797,0.02165787203092492,0.02165787203092492,0.024097412121062547,0.024097412121062547,0.02165787203092492,0.02165787203092492,0.007479129207616366,0.007479129207616366
2014-09-26,0.003453623172660311,0.003453623172660311,-0.013268137778428146,-0.013268137778428146,-0.0035071084940332953,-0.0035071084940332953,-0.01566438849268724,-0.01566438849268724,-0.005639133258874709,-0.005639133258874709,-0.003331956397286071,-0.003331956397286071,-0.01404222439566951,-0.01404222439566951,-0.003719775678376898,-0.003719775678376898,-0.014186034397450278,-0.014186034397450278,-0.004067059769690129,-0.004067059769690129,-0.006697948404821348,-0.006697948404821348,-0.004067059769690129,-0.004067059769690129,-0.007464581747806424,-0.007464581747806424
2014-09-29,0.009830563051929819,0.009830563051929819,0.0037681914118717647,0.0037681914118717647,-0.00661331028636942,-0.00661331028636942,0.007646434964208668,0.007646434964208668,0.00011987837793596325,0.00011987837793596325,0.0065526320946522835,0.0065526320946522835,0.024906448205980265,0.024906448205980265,0.007011993267814449,0.007011993267814449,0.006686674465277688,0.006686674465277688,0.004593490965081463,0.004593490965081463,-0.003976745136393298,-0.003976745136393298,0.004593490965081463,0.004593490965081463,0.006538297338684988,0.006538297338684988
2014-09-30,0.00554783673960693,0.00554783673960693,0.007598721639769867,0.007598721639769867,0.007825721544959642,0.007825721544959642,0.003884001073838037,0.003884001073838037,0.011135410401436664,0.011135410401436664,0.008142602915752514,0.008142602915752514,0.014270880288669269,0.014270880288669269,-0.008516802041666294,-0.008516802041666294,0.0028774768122317423,0.0028774768122317423,0.008270976757409648,0.008270976757409648,0.003096157774951108,0.003096157774951108,0.008270976757409648,0.008270976757409648,0.0061317371240794324,0.0061317371240794324
2014-10-01,0.00590802646123878,0.005321933790512459,0.008825578101128384,0.007796194102596224,0.009352346885783902,0.007816915607313003,0.007480101378539494,0.005971596293764892,0.005127200502974327,0.0037639927755845886,0.0006792271659874505,-0.0004977836346434089,0.00799410531425404,0.006653134276346142,0.013422095302104697,0.012205807208145458,0.006389989534022034,0.005190577652452349,0.012293292012981683,0.012055403586893783,0.0063093330537502545,0.005482345399510223,0.012293292012981683,0.012055403586893783,0.007751466549735575,0.0076704663536137346
2014-10-02,0.01491679957073852,0.01491679957073852,0.025369831289308385,0.025369831289308385,0.018560705287282327,0.018560705287282327,0.010940766540186723,0.010940766540186723,0.027847674318946185,0.027847674318946185,0.01476606865834228,0.01476606865834228,0.003276999055067311,0.003276999055067311,0.01227107478879225,0.01227107478879225,0.017935544851088548,0.017935544851088548,0.029180613379549254,0.029180613379549254,0.014430074562191812,0.014430074562191812,0.029180613379549254,0.029180613379549254,0.017506875413800898,0.017506875413800898
2014-10-03,0.02116907070933819,0.02116907070933819,0.012806090734060275,0.012806090734060275,0.01756251375454039,0.01756251375454039,0.0004816502306395883,0.0004816502306395883,0.014427901825740976,0.014427901825740976,0.02822474260886074,0.02822474260886074,0.004897080571145184,0.004897080571145184,0.000575806056883902,0.000575806056883902,-0.001098285608822845,-0.001098285608822845,0.007942776671061191,0.007942776671061191,-0.013088613603392996,-0.013088613603392996,0.007942776671061191,0.007942776671061191,0.010693680681437015,0.010693680681437015
2014-10-06,-0.013657716493488683,-0.013657716493488683,-0.00410760687546344,-0.00410760687546344,-0.011735103244462771,-0.011735103244462771,-0.005136624804443878,-0.005136624804443878,-0.010614494931585635,-0.010614494931585635,-0.011197089861512022,-0.011197089861512022,-0.015093985176077379,-0.015093985176077379,-0.013921738454562972,-0.013921738454562972,-0.008427490205900418,-0.008427490205900418,-0.008925255888795587,-0.008925255888795587,0.004845376454944893,0.004845376454944893,-0.008925255888795587,-0.008925255888795587,-0.010276437269051291,-0.010276437269051291
2014-10-07,0.03015998638553255,0.03015998638553255,0.028843943700362706,0.028843943700362706,0.023159274863203565,0.023159274863203565,0.03170617863525533,0.03170617863525533,0.03223914359069234,0.03223914359069234,0.02326953472828768,0.02326953472828768,0.021110686856883498,0.021110686856883498,0.02680406951144588,0.02680406951144588,0.026641218037399272,0.026641218037399272,0.027702421860399305,0.027702421860399305,-0.0021877207109852735,-0.0021877207109852735,0.027702421860399305,0.027702421860399305,0.027178755849637297,0.027178755849637297
2014-10-08,-0.006721992824154504,-0.006721992824154504,-0.017282851464211445,-0.017282851464211445,-0.005640473627459003,-0.005640473627459003,-0.001474757421464674,-0.001474757421464674,0.010480361436778123,0.010480361436778123,-0.006314849382967475,-0.006314849382967475,0.007503656385496751,0.007503656385496751,-0.002635417282789937,-0.002635417282789937,-0.007612669135887197,-0.007612669135887197,0.005207102354336748,0.005207102354336748,0.012571893893952052,0.012571893893952052,0.005207102354336748,0.005207102354336748,-0.002472133499192958,-0.002472133499192958
2014-10-09,0.011110008164354764,0.011110008164354764,0.014611582017169656,0.014611582017169656,0.010030981621666282,0.010030981621666282,0.0061450671271099265,0.0061450671271099265,0.02625477897177911,0.02625477897177911,0.004807438664735542,0.004807438664735542,0.019998995032234356,0.019998995032234356,0.014387190287235733,0.014387190287235733,0.00891677720356172,0.00891677720356172,0.02349293271331232,0.02349293271331232,0.013255669033514945,0.013255669033514945,0.02349293271331232,0.02349293271331232,0.014034321645839986,0.014034321645839986
2014-10-10,0.002564410326445524,0.002564410326445524,-7.6629176191138e-05,-7.6629176191138e-05,0.005855609144556418,0.005855609144556418,0.0019853390139105273,0.0019853390139105273,-0.0014848903310043632,-0.0014848903310043632,-0.0035780117321813775,-0.0035780117321813775,-0.007080984194393611,-0.007080984194393611,0.019364685495442673,0.019364685495442673,0.004896517219165466,0.004896517219165466,0.002053780771500024,0.002053780771500024,-0.0004545887691386648,-0.0004545887691386648,0.002053780771500024,0.002053780771500024,0.0024235113658859896,0.0024235113658859896
2014-10-13,-0.0062228517713033196,-0.0062228517713033196,-0.010783616028222538,-0.010783616028222538,-0.0027193787009503812,-0.0027193787009503812,-0.004313602294481317,-0.004313602294481317,-0.007784029333804565,-0.007784029333804565,-0.009887939601551547,-0.009887939601551547,-0.011529355009185251,-0.011529355009185251,-0.0018074865803600353,-0.0018074865803600353,0.0024604116690652954,0.0024604116690652954,-0.00033126898099237936,-0.00033126898099237936,0.00606210346302411,0.00606210346302411,-0.00033126898099237936,-0.00033126898099237936,-0.0052792959208711725,-0.0052792959208711725
2014-10-14,-0.02849022949316688,-0.02849022949316688,-0.02546655180354332,-0.02546655180354332,-0.024718215780289696,-0.024718215780289696,-0.01737938787203523,-0.01737938787203523,-0.015494356026070338,-0.015494356026070338,-0.01638310231102237,-0.01638310231102237,-0.014875623974694377,-0.014875623974694377,-0.01602428731800418,-0.01602428731800418,-0.021268158308059573,-0.021268158308059573,-0.004212091065137137,-0.004212091065137137,0.02455463029213082,0.02455463029213082,-0.004212091065137137,-0.004212091065137137,-0.018376222706004607,-0.018376222706004607
2014-10-15,-0.0019543656872803338,-0.0019543656872803338,0.012248530320032144,0.012248530320032144,0.0006923230470491385,0.0006923230470491385,0.005338606662549044,0.005338606662549044,-0.008534259318159532,-0.008534259318159532,-0.00625060280856567,-0.00625060280856567,-0.003157178703876726,-0.003157178703876726,0.001387966071889195,0.001387966071889195,-0.006042718956192518,-0.006042718956192518,-0.0010529741782032247,-0.0010529741782032247,0.0008044254966167114,0.0008044254966167114,-0.0010529741782032247,-0.0010529741782032247,-0.0007583901658395274,-0.0007583901658395274
2014-10-16,-0.023433657168696397,-0.023433657168696397,-0.020805904481944425,-0.020805904481944425,-0.01772995015607549,-0.01772995015607549,0.001888461565508882,0.001888461565508882,-0.015824167218894916,-0.015824167218894916,-0.007906010399400126,-0.007906010399400126,-0.016324035802743546,-0.016324035802743546,-0.005882401558648902,-0.005882401558648902,-0.022219926800978344,-0.022219926800978344,-0.01507689411323264,-0.01507689411323264,0.0070915728218129,0.0070915728218129,-0.01507689411323264,-0.01507689411323264,-0.014320452538853556,-0.014320452538853556
2014-10-17,0.009455324727405495,0.009455324727405495,0.01548768077738434,0.01548768077738434,0.019519504826506832,0.019519504826506832,0.029020665059714144,0.029020665059714144,0.0067932261873465604,0.0067932261873465604,-0.0019094915656127185,-0.0019094915656127185,0.02005149792593805,0.02005149792593805,0.015063322232823372,0.015063322232823372,0.02077863765101103,0.02077863765101103,0.0197703950886031,0.0197703950886031,0.011013652597006755,0.011013652597006755,0.0197703950886031,0.0197703950886031,0.015427598045041117,0.015427598045041117
2014-10-20,0.016154793798854684,0.016154793798854684,0.01516700794852265,0.01516700794852265,0.01909726728136775,0.01909726728136775,0.016256849959552157,0.016256849959552157,0.02649506064768618,0.02649506064768618,0.014163327741348637,0.014163327741348637,0.021874202151865946,0.021874202151865946,0.023806709265673597,0.023806709265673597,0.022866401505027743,0.022866401505027743,0.011313006102249782,0.011313006102249782,-0.003607979072742874,-0.003607979072742874,0.011313006102249782,0.011313006102249782,0.018706230033584827,0.018706230033584827
2014-10-21,-0.023360355016456467,-0.023360355016456467,-0.013580056542589439,-0.013580056542589439,0.0020939342561868903,0.0020939342561868903,-0.018071251719427816,-0.018071251719427816,-0.020870927291847554,-0.020870927291847554,-0.01296148186392894,-0.01296148186392894,0.001496659521159389,0.001496659521159389,-0.014384977094188858,-0.014384977094188858,-0.017213416004082237,-0.017213416004082237,-0.01698111229633926,-0.01698111229633926,0.00476197678659656,0.00476197678659656,-0.01698111229633926,-0.01698111229633926,-0.013433363602345587,-0.013433363602345587
2014-10-22,0.0071498709752223335,0.0071498709752223335,0.0010166563834146396,0.0010166563834146396,-0.0018865975550288363,-0.0018865975550288363,0.0029110177870356416,0.0029110177870356416,-0.006143187211308275,-0.006143187211308275,0.008403144610849556,0.008403144610849556,-0.010062905599623969,-0.010062905599623969,-0.006471141593168308,-0.006471141593168308,-0.0024997597832360696,-0.0024997597832360696,-0.0036850167535173546,-0.0036850167535173546,-0.010311721406600114,-0.010311721406600114,-0.0036850167535173546,-0.0036850167535173546,-0.0012174557651423886,-0.0012174557651423886
2014-10-23,-0.010398598731110372,-0.010398598731110372,-0.0011294703940017046,-0.0011294703940017046,-0.004177218032614258,-0.004177218032614258,-0.016597295849039143,-0.016597295849039143,0.0011623525929205757,0.0011623525929205757,-0.0030628162830423408,-0.0030628162830423408,-0.01305996987564699,-0.01305996987564699,-0.006927761231662895,-0.006927761231662895,-0.0032731317257419924,-0.0032731317257419924,-0.011254846230323174,-0.011254846230323174,-0.001610360677768823,-0.001610360677768823,-0.011254846230323174,-0.011254846230323174,-0.006896268905371832,-0.006896268905371832
2014-10-24,0.006949016106305787,0.006949016106305787,0.005996512839341918,0.005996512839341918,0.0036138051400973394,0.0036138051400973394,-0.0004864764674194673,-0.0004864764674194673,0.0022498362225538146,0.0022498362225538146,-0.01576270747845902,-0.01576270747845902,-0.008325375104325447,-0.008325375104325447,-0.007642020108414944,-0.007642020108414944,-0.0005891203838563776,-0.0005891203838563776,-0.004418097708243994,-0.004418097708243994,-0.010905352510319294,-0.010905352510319294,-0.004418097708243994,-0.004418097708243994,-0.0018262252098801164,-0.0018262252098801164
2014-10-27,-0.002407201705774883,-0.002407201705774883,0.0020573082797867553,0.0020573082797867553,-0.0012386847130831922,-0.0012386847130831922,0.000176620008181519,0.000176620008181519,0.018624337721023364,0.018624337721023364,0.0010472463004214984,0.0010472463004214984,0.0005741350575620501,0.0005741350575620501,-0.002750181416747634,-0.002750181416747634,0.013592017280312507,0.013592017280312507,0.009173683122724237,0.009173683122724237,0.011538494872766909,0.011538494872766909,0.009173683122724237,0.009173683122724237,0.003937102691236017,0.003937102691236017
2014-10-28,-0.0008650780127743413,-0.0008650780127743413,-0.010613158998902068,-0.010613158998902068,0.001981657955249061,0.001981657955249061,0.0053697210544103,0.0053697210544103,-0.012057924266595797,-0.012057924266595797,0.0038295652792427774,0.0038295652792427774,-0.00044379676663665096,-0.00044379676663665096,-0.001352503437677472,-0.001352503437677472,0.005246232229581264,0.005246232229581264,-0.0022302357601558056,-0.0022302357601558056,-0.0014349016040001998,-0.0014349016040001998,-0.0022302357601558056,-0.0022302357601558056,-0.0011883985792329372,-0.0011883985792329372
2014-10-29,0.021504127293117747,0.021504127293117747,0.012186400944061185,0.012186400944061185,0.020634217610406146,0.020634217610406146,0.022331608438319717,0.022331608438319717,0.016468725966103707,0.016468725966103707,0.010951026372777256,0.010951026372777256,0.022160435261991115,0.022160435261991115,0.010172314862077137,0.010172314862077137,0.00532725397873971,0.00532725397873971,0.013304688822148358,0.013304688822148358,-0.006757894268399109,-0.006757894268399109,0.013304688822148358,0.013304688822148358,0.015496476171463491,0.015496476171463491
2014-10-30,-0.014014396810036411,-0.014014396810036411,0.0025044356939181826,0.0025044356939181826,-0.010018796174213305,-0.010018796174213305,-0.009046119853873536,-0.009046119853873536,-0.0064381043783376425,-0.0064381043783376425,-0.005355352638323178,-0.005355352638323178,-0.0008797656533957102,-0.0008797656533957102,0.0008875918435536476,0.0008875918435536476,-0.010370394465538285,-0.010370394465538285,0.001403996402292423,0.001403996402292423,0.014937352109657364,0.014937352109657364,0.001403996402292423,0.001403996402292423,-0.005118157054517972,-0.005118157054517972
2014-10-31,0.013590275852622088,0.013590275852622088,0.015084981640242103,0.015084981640242103,0.012678237026763696,0.012678237026763696,0.012568466639454066,0.012568466639454066,0.006725713690605919,0.006725713690605919,0.006081687254320962,0.006081687254320962,0.01316320975621472,0.01316320975621472,0.014124150830060096,0.014124150830060096,0.009429506020625884,0.009429506020625884,0.009392317918441938,0.009392317918441938,-0.003207875143450256,-0.003207875143450256,0.009392317918441938,0.009392317918441938,0.011281610458124695,0.011281610458124695
2014-11-03,0.006270884182448144,0.0060263522257484,-0.00895239537168302,-0.009511141056456226,0.006780024937358409,0.00605937522040647,0.0050102872144695,0.003968415352683479,-0.001250603375100412,-0.002800386632074705,0.01219539839330741,0.010671515277131782,-0.002960714814916221,-0.004318596400614127,-0.0021843079224518336,-0.0039191110421375784,-0.005388052600154403,-0.006737581561993984,0.005995864951773733,0.005286581374248794,-0.00024864872694607687,-0.0012105415506160962,0.005995864951773733,0.005286581374248794,0.0015561982960321519,0.0014688237144862067
2014-11-04,-5.143667519882326e-05,-5.143667519882326e-05,0.005196946015944292,0.005196946015944292,0.014809629339291006,0.014809629339291006,0.010159462493457054,0.010159462493457054,0.018284696652575896,0.018284696652575896,0.01443653404634406,0.01443653404634406,0.004530410333849874,0.004530410333849874,0.005269536551909088,0.005269536551909088,0.008067595828004308,0.008067595828004308,0.012743226960036522,0.012743226960036522,0.01287522133600681,0.01287522133600681,0.012743226960036522,0.012743226960036522,0.009355593701317428,0.009355593701317428
2014-11-05,-0.021252778396248714,-0.021252778396248714,-0.007816090222859003,-0.007816090222859003,-0.017652344096363588,-0.017652344096363588,-0.015748731069893704,-0.015748731069893704,-0.0066046857846445645,-0.0066046857846445645,-0.01582003258009671,-0.01582003258009671,-0.014025278558596126,-0.014025278558596126,0.001986589978401846,0.001986589978401846,-0.025440940329835925,-0.025440940329835925,-0.006580954469673437,-0.006580954469673437,0.014528192411697137,0.014528192411697137,-0.006580954469673437,-0.006580954469673437,-0.012900800974379952,-0.012900800974379952
2014-11-06,0.002270430535783815,0.002270430535783815,0.004892459916850322,0.004892459916850322,-0.0012396910846257042,-0.0012396910846257042,0.009882085315460316,0.009882085315460316,-0.007949391275428985,-0.007949391275428985,-0.004593286024308791,-0.004593286024308791,-0.010470478043781317,-0.010470478043781317,0.007189641803248503,0.007189641803248503,-0.004324046016523391,-0.004324046016523391,0.018790205266834413,0.018790205266834413,0.016332815528210323,0.016332815528210323,0.018790205266834413,0.018790205266834413,0.0014702656809189724,0.0014702656809189724
2014-11-07,-0.008231646257793095,-0.008231646257793095,-0.004983701044992887,-0.004983701044992887,0.00189008997294476,0.00189008997294476,-0.007375980609981004,-0.007375980609981004,0.007030888335234074,0.007030888335234074,0.005103685754786348,0.005103685754786348,-0.0013495632088357688,-0.0013495632088357688,0.004745176115323544,0.004745176115323544,0.009053437248771118,0.009053437248771118,-0.012527648816558847,-0.012527648816558847,-0.004578917322482027,-0.004578917322482027,-0.012527648816558847,-0.012527648816558847,-0.0007052079775225831,-0.0007052079775225831
2014-11-10,-0.0008199703578288088,-0.0008199703578288088,-0.000621431848810495,-0.000621431848810495,-0.014087532696752683,-0.014087532696752683,-0.004601199677304508,-0.004601199677304508,0.0006614502894527184,0.0006614502894527184,0.002077092135227747,0.002077092135227747,-0.012074515172865414,-0.012074515172865414,-0.002388725701162977,-0.002388725701162977,-0.02080709845001898,-0.02080709845001898,-0.017673693823251492,-0.017673693823251492,-0.016541780841306863,-0.016541780841306863,-0.017673693823251492,-0.017673693823251492,-0.007011711168710798,-0.007011711168710798
2014-11-11,0.008704220783745947,0.008704220783745947,0.021260890684129494,0.021260890684129494,0.010874242319851651,0.010874242319851651,0.008311685017123902,0.008311685017123902,0.008045953695720327,0.008045953695720327,0.006747030458255745,0.006747030458255745,0.011666773944083728,0.011666773944083728,0.014336173834977727,0.014336173834977727,0.012680157377660732,0.012680157377660732,-0.0077208733680928605,-0.0077208733680928605,-0.015897470523746772,-0.015897470523746772,-0.0077208733680928605,-0.0077208733680928605,0.009461395634920433,0.009461395634920433
2014-11-12,0.007834601575828964,0.007834601575828964,0.012788245249377165,0.012788245249377165,0.009871640221604028,0.009871640221604028,0.005193326259617116,0.005193326259617116,0.022451348022966694,0.022451348022966694,0.0032800488400337056,0.0032800488400337056,0.0011816834515438425,0.0011816834515438425,0.004039492648221286,0.004039492648221286,0.009293810152625993,0.009293810152625993,0.019105732421401362,0.019105732421401362,0.011155874056990301,0.011155874056990301,0.019105732421401362,0.019105732421401362,0.009513980127110053,0.009513980127110053
2014-11-13,0.004988467106190831,0.004988467106190831,0.0010673027026205635,0.0010673027026205635,-0.009606770445138314,-0.009606770445138314,0.012080167974749619,0.012080167974749619,-0.006325416788795887,-0.006325416788795887,0.0016738601754253243,0.0016738601754253243,-0.004461688424240147,-0.004461688424240147,0.005591811349883388,0.005591811349883388,0.010618659855354054,0.010618659855354054,0.003979621762733586,0.003979621762733586,-0.0009265786196444926,-0.0009265786196444926,0.003979621762733586,0.003979621762733586,0.0019335568889543432,0.0019335568889543432
2014-11-14,0.012895959376650706,0.012895959376650706,0.014044507374117682,0.014044507374117682,0.011929422852414521,0.011929422852414521,0.008014779257869899,0.008014779257869899,0.021803938893528066,0.021803938893528066,0.023281010868897407,0.023281010868897407,0.011220686432619554,0.011220686432619554,0.014608228173479103,0.014608228173479103,0.013523980774421844,0.013523980774421844,0.007206359392976658,0.007206359392976658,-0.005499479563329416,-0.005499479563329416,0.007206359392976658,0.007206359392976658,0.013891711856772673,0.013891711856772673
2014-11-17,0.019353013064134877,0.019353013064134877,0.010507889805402916,0.010507889805402916,0.014224157931869928,0.014224157931869928,0.011424956879092193,0.011424956879092193,0.015299994727851651,0.015299994727851651,0.016669851167187985,0.016669851167187985,0.006596815871828883,0.006596815871828883,0.017930668290417673,0.017930668290417673,0.014938543544969561,0.014938543544969561,0.014178202897923861,0.014178202897923861,-0.005063180574825539,-0.005063180574825539,0.014178202897923861,0.014178202897923861,0.01414923204490262,0.01414923204490262
2014-11-18,0.0099651940428064,0.0099651940428064,0.0025875270774216854,0.0025875270774216854,0.00011148855190535375,0.00011148855190535375,-0.0002767969187337844,-0.0002767969187337844,0.0023386475463744024,0.0023386475463744024,-0.005768438086954531,-0.005768438086954531,-0.002451349174272129,-0.002451349174272129,-0.007222885781631529,-0.007222885781631529,-0.0025306993041341046,-0.0025306993041341046,0.0020238081191455573,0.0020238081191455573,-0.008153620958853327,-0.008153620958853327,0.0020238081191455573,0.0020238081191455573,-0.000143276270329507,-0.000143276270329507
2014-11-19,-0.006056100630581783,-0.006056100630581783,0.002965784097944474,0.002965784097944474,0.0053615436494191945,0.0053615436494191945,0.007345448951310965,0.007345448951310965,0.01752164353919694,0.01752164353919694,0.008225683203121633,0.008225683203121633,0.00643598586781694,0.00643598586781694,0.005832247057221363,0.005832247057221363,0.008046035526661246,0.008046035526661246,0.006817705946466613,0.006817705946466613,0.013443816032004625,0.013443816032004625,0.006817705946466613,0.006817705946466613,0.006281821712227327,0.006281821712227327
2014-11-20,-0.005960868513365908,-0.005960868513365908,-0.004480655207944365,-0.004480655207944365,-0.004600620857655738,-0.004600620857655738,-0.01198197358151382,-0.01198197358151382,-0.0017710592986351047,-0.0017710592986351047,0.010930159206875716,0.010930159206875716,0.00022368192439672007,0.00022368192439672007,-0.006955027017340091,-0.006955027017340091,-0.012482157700468732,-0.012482157700468732,-0.0029333436690325886,-0.0029333436690325886,0.0030806754160532185,0.0030806754160532185,-0.0029333436690325886,-0.0029333436690325886,-0.00397150942442715,-0.00397150942442715
2014-11-21,-0.015387930002574796,-0.015387930002574796,-0.0010037913093774893,-0.0010037913093774893,-0.0037566993445097164,-0.0037566993445097164,-0.002488366950300247,-0.002488366950300247,0.015165099207776627,0.015165099207776627,0.011144352900488576,0.011144352900488576,0.00433383796575725,0.00433383796575725,0.007864462557560813,0.007864462557560813,0.006160694471785139,0.006160694471785139,0.023084379176651414,0.023084379176651414,0.039411457489272377,0.039411457489272377,0.023084379176651414,0.023084379176651414,0.004625354543393358,0.004625354543393358
2014-11-24,-0.00046243059549333845,-0.00046243059549333845,-0.005915342874417238,-0.005915342874417238,-0.0046142373974815375,-0.0046142373974815375,0.0018942636519034776,0.0018942636519034776,-0.00732162145904235,-0.00732162145904235,0.007151973680962228,0.007151973680962228,-0.00289914234129465,-0.00289914234129465,-0.007519432636571078,-0.007519432636571078,-0.012037983087741,-0.012037983087741,-0.004246592190537175,-0.004246592190537175,-0.003856676028221387,-0.003856676028221387,-0.004246592190537175,-0.004246592190537175,-0.003579670334671496,-0.003579670334671496
2014-11-25,0.02544644266798322,0.02544644266798322,0.012811721399469348,0.012811721399469348,0.01875983208175543,0.01875983208175543,0.006177016073835816,0.006177016073835816,0.009982234860117789,0.009982234860117789,0.020713796360989325,0.020713796360989325,0.004787731435730368,0.004787731435730368,0.011637183435715749,0.011637183435715749,0.024817795472103298,0.024817795472103298,0.02910844719448505,0.02910844719448505,0.004877093888403145,0.004877093888403145,0.02910844719448505,0.02910844719448505,0.016424058987260452,0.016424058987260452
2014-11-26,0.011507938176640493,0.011507938176640493,0.006136921770398703,0.006136921770398703,0.006461522575972526,0.006461522575972526,0.004377256277374005,0.004377256277374005,0.010301015630822308,0.010301015630822308,0.009635616536129989,0.009635616536129989,0.0033180951742865588,0.0033180951742865588,0.006940702087933637,0.006940702087933637,0.00737061260360919,0.00737061260360919,0.00380979817908863,0.00380979817908863,-0.007402169580643724,-0.007402169580643724,0.00380979817908863,0.00380979817908863,0.007024460321085647,0.007024460321085647
2014-11-27,-0.0018556790908113995,-0.0018556790908113995,-0.016353152257683558,-0.016353152257683558,-0.0038096537696020597,-0.0038096537696020597,-0.0018111434824144975,-0.0018111434824144975,-0.0058172823109096565,-0.0058172823109096565,-0.0011701712573139982,-0.0011701712573139982,0.0011441758278176017,0.0011441758278176017,0.0026877398958872235,0.0026877398958872235,0.00034849955487859267,0.00034849955487859267,-0.009622708250757311,-0.009622708250757311,-0.008227039395733847,-0.008227039395733847,-0.009622708250757311,-0.009622708250757311,-0.0036655642603794078,-0.0036655642603794078
2014-11-28,0.01202069522340814,0.01202069522340814,0.020916160422197988,0.020916160422197988,0.024967264312555047,0.024967264312555047,0.013162185681920685,0.013162185681920685,0.004146032516100538,0.004146032516100538,0.011013795995658646,0.011013795995658646,0.0035602824057094293,0.0035602824057094293,0.014936787027996182,0.014936787027996182,0.01515052482700327,0.01515052482700327,0.039539682584830246,0.039539682584830246,0.029249579093741422,0.029249579093741422,0.039539682584830246,0.039539682584830246,0.01594929614906712,0.01594929614906712
2014-12-01,-0.027049093697301907,-0.0274408084880601,-0.011957224448126413,-0.012674266334482398,-0.029560053256237784,-0.030111186450108768,-0.014536412194556703,-0.015402471011406538,-0.013969447572358518,-0.015176519597759907,-0.018584421687263486,-0.02009970466632237,-0.017226932665841854,-0.018730354352203875,-0.008178981481189673,-0.00968316218415131,-0.02631284933893341,-0.027676644929254604,-0.01837704223250447,-0.019092947814439012,0.008783604853599414,0.007643798011906998,-0.01837704223250447,-0.019092947814439012,-0.018579241053823914,-0.018653432061122743
2014-12-02,-0.02027541407988416,-0.02027541407988416,-0.010960704004531176,-0.010960704004531176,-0.02025305046593103,-0.02025305046593103,-0.015978719455906742,-0.015978719455906742,-0.015426961068731416,-0.015426961068731416,-0.0334356434339589,-0.0334356434339589,-0.021946348767670952,-0.021946348767670952,-0.010433516442423746,-0.010433516442423746,-0.025411207881102994,-0.025411207881102994,-0.027562325241486364,-0.027562325241486364,-0.007226436146277558,-0.007226436146277558,-0.027562325241486364,-0.027562325241486364,-0.020146011255895248,-0.020146011255895248
2014-12-03,0.018527013404676745,0.018527013404676745,0.013705976520733288,0.013705976520733288,0.00964079411222225,0.00964079411222225,0.00656491359308719,0.00656491359308719,0.0018354345407229863,0.0018354345407229863,0.011441222717685124,0.011441222717685124,0.006543553489821145,0.006543553489821145,-0.007879970649427605,-0.007879970649427605,0.004269101917626105,0.004269101917626105,0.009842042741193473,0.009842042741193473,-0.008318024553218846,-0.008318024553218846,0.009842042741193473,0.009842042741193473,0.00740970599928896,0.00740970599928896
2014-12-04,-0.0024262907903234952,-0.0024262907903234952,0.00720252416318691,0.00720252416318691,0.0033846950590960844,0.0033846950590960844,0.005511516226878255,0.005511516226878255,0.0032856417363098765,0.0032856417363098765,0.0010027140370471271,0.0010027140370471271,-0.0042455256489727,-0.0042455256489727,0.0040864826336439045,0.0040864826336439045,0.010339851171736858,0.010339851171736858,0.010194922120865115,0.010194922120865115,0.01229840965949345,0.01229840965949345,0.010194922120865115,0.010194922120865115,0.003829206668899379,0.003829206668899379
2014-12-05,-7.372961938296833e-05,-7.372961938296833e-05,0.0022808043674796444,0.0022808043674796444,0.0009991392091732204,0.0009991392091732204,0.005351740522621808,0.005351740522621808,0.01070492067620496,0.01070492067620496,0.0015008209819606182,0.0015008209819606182,0.019196182485701044,0.019196182485701044,0.004848655636855038,0.004848655636855038,0.00782537608242825,0.00782537608242825,0.004304875672000348,0.004304875672000348,0.004249452362270222,0.004249452362270222,0.004304875672000348,0.004304875672000348,0.005681689248851785,0.005681689248851785
2014-12-08,-0.010764547164097594,-0.010764547164097594,-0.008083882480918635,-0.008083882480918635,-0.011027813147476329,-0.011027813147476329,-0.010190407232719752,-0.010190407232719752,-0.010994220304104005,-0.010994220304104005,-0.009147877217794035,-0.009147877217794035,-0.01140661824159486,-0.01140661824159486,-0.024660241685477848,-0.024660241685477848,0.00015745460566608804,0.00015745460566608804,-0.02930290748748762,-0.02930290748748762,-0.018066947623159652,-0.018066947623159652,-0.02930290748748762,-0.02930290748748762,-0.012551000992168368,-0.012551000992168368
2014-12-09,-0.0005140289176697051,-0.0005140289176697051,-0.0022265297418905365,-0.0022265297418905365,-0.011952591510906494,-0.011952591510906494,-0.0021459521809189556,-0.0021459521809189556,-0.0041223303279415745,-0.0041223303279415745,0.002248441580402543,0.002248441580402543,0.003701124562956613,0.003701124562956613,-0.0036000670424637593,-0.0036000670424637593,-2.612971779862236e-06,-2.612971779862236e-06,0.0028469105025984895,0.0028469105025984895,0.003230683418430912,0.003230683418430912,0.0028469105025984895,0.0028469105025984895,-0.0015774756068481152,-0.0015774756068481152
2014-12-10,0.017166446416586136,0.017166446416586136,0.02856568869300817,0.02856568869300817,0.02777500536278712,0.02777500536278712,0.018341833325492964,0.018341833325492964,0.028751534154033923,0.028751534154033923,0.03434784201771719,0.03434784201771719,0.010956068966773924,0.010956068966773924,0.015147936365445884,0.015147936365445884,0.02562789951270722,0.02562789951270722,0.02686679087928406,0.02686679087928406,0.009163450229800231,0.009163450229800231,0.02686679087928406,0.02686679087928406,0.02334363423641622,0.02334363423641622
2014-12-11,0.010936643688079936,0.010936643688079936,0.017088119635447117,0.017088119635447117,0.017357223796260552,0.017357223796260552,0.007297393684440092,0.007297393684440092,0.009998211012286378,0.009998211012286378,0.0010759643504046137,0.0010759643504046137,0.0019168395297793938,0.0019168395297793938,0.013844316860080055,0.013844316860080055,0.024269943067263537,0.024269943067263537,0.01614227352910347,0.01614227352910347,0.005091111037329436,0.005091111037329436,0.01614227352910347,0.01614227352910347,0.011997565111862743,0.011997565111862743
2014-12-12,0.003685696358344019,0.003685696358344019,0.0012303464910189835,0.0012303464910189835,0.0009541505294093755,0.0009541505294093755,-0.008178734902309508,-0.008178734902309508,-0.00243406150768164,-0.00243406150768164,-0.0017999645075508514,-0.0017999645075508514,-0.009298829344906147,-0.009298829344906147,0.005635162775237408,0.005635162775237408,0.008607235182227987,0.008607235182227987,0.00930449378642555,0.00930449378642555,0.005566222128768347,0.005566222128768347,0.00930449378642555,0.00930449378642555,0.0007817066663415254,0.0007817066663415254
2014-12-15,-0.0067513225213705775,-0.0067513225213705775,-0.00433875762537205,-0.00433875762537205,-0.0107487378769735,-0.0107487378769735,-0.011219830757480327,-0.011219830757480327,-0.007190084705721217,-0.007190084705721217,-0.0031710891460843328,-0.0031710891460843328,-0.007800811878951422,-0.007800811878951422,0.0016525476993905935,0.0016525476993905935,-0.0017372274880768888,-0.0017372274880768888,-0.013810203398376172,-0.013810203398376172,-0.007068669046590198,-0.007068669046590198,-0.013810203398376172,-0.013810203398376172,-0.006494049767655759,-0.006494049767655759
2014-12-16,-0.000547965803224994,-0.000547965803224994,-0.001779523163365599,-0.001779523163365599,0.0005394407558950809,0.0005394407558950809,-0.006711766873492944,-0.006711766873492944,-0.0013940089881812287,-0.0013940089881812287,-0.01079002032858186,-0.01079002032858186,-0.00435046157054381,-0.00435046157054381,-0.0029882414229223464,-0.0029882414229223464,-0.006789483304637454,-0.006789483304637454,-0.0056457049767551885,-0.0056457049767551885,-0.00501674664250925,-0.00501674664250925,-0.0056457049767551885,-0.0056457049767551885,-0.004045287584749981,-0.004045287584749981
2014-12-17,-0.017520934022661964,-0.017520934022661964,-0.0308721630901295,-0.0308721630901295,-0.02336688033255592,-0.02336688033255592,-0.01730893010103219,-0.01730893010103219,-0.01412108838882462,-0.01412108838882462,-0.019721955881606777,-0.019721955881606777,-0.017993780929025475,-0.017993780929025475,-0.007928126549017176,-0.007928126549017176,-0.026730941564606585,-0.026730941564606585,-0.02814670470135697,-0.02814670470135697,-0.010436104319052767,-0.010436104319052767,-0.02814670470135697,-0.02814670470135697,-0.020435537749493242,-0.020435537749493242
2014-12-18,0.0023384190166378938,0.0023384190166378938,-0.008393860521698378,-0.008393860521698378,-0.0014920682107578851,-0.0014920682107578851,-0.004706686502150864,-0.004706686502150864,0.014698481372371314,0.014698481372371314,0.0024575675438114515,0.0024575675438114515,0.010662224072279793,0.010662224072279793,-0.00014367602395694117,-0.00014367602395694117,0.002207076494459088,0.002207076494459088,0.010461027413336862,0.010461027413336862,0.007815785949390664,0.007815785949390664,0.010461027413336862,0.010461027413336862,0.002780098517776197,0.002780098517776197
2014-12-19,0.01529577491915484,0.01529577491915484,0.02470830575463017,0.02470830575463017,0.014269075604466195,0.014269075604466195,-0.008872506763376357,-0.008872506763376357,0.014649649533846457,0.014649649533846457,0.016922652929086353,0.016922652929086353,0.0065035941154576145,0.0065035941154576145,0.02191227579553895,0.02191227579553895,0.011470708107212648,0.011470708107212648,0.017185366288977447,0.017185366288977447,0.0017796213374563334,0.0017796213374563334,0.017185366288977447,0.017185366288977447,0.013473329805529838,0.013473329805529838
2014-12-22,-0.015083907812034971,-0.015083907812034971,-0.0077161052008246755,-0.0077161052008246755,-0.008036068454984153,-0.008036068454984153,-0.01014750146024932,-0.01014750146024932,-0.019821705758723104,-0.019821705758723104,-0.007210723801066738,-0.007210723801066738,-0.009592995855112346,-0.009592995855112346,-0.016490530001209674,-0.016490530001209674,-0.009183904912089017,-0.009183904912089017,-0.009915855426989719,-0.009915855426989719,0.00510116768734575,0.00510116768734575,-0.009915855426989719,-0.009915855426989719,-0.011356849195372283,-0.011356849195372283
2014-12-23,-0.0015980967376731329,-0.0015980967376731329,-0.00805683532996379,-0.00805683532996379,-0.014876458660681494,-0.014876458660681494,-0.005403601108552663,-0.005403601108552663,0.003240581999082422,0.003240581999082422,-0.014440625082624652,-0.014440625082624652,-0.01183897340290952,-0.01183897340290952,-0.009100620734892876,-0.009100620734892876,-0.013754194101440468,-0.013754194101440468,-0.009057031494951028,-0.009057031494951028,-0.007227164849316205,-0.007227164849316205,-0.009057031494951028,-0.009057031494951028,-0.008471233335904658,-0.008471233335904658
2014-12-24,-0.020457978535247612,-0.020457978535247612,-0.001541230401734241,-0.001541230401734241,-0.010053454324971671,-0.010053454324971671,-0.011095602118608982,-0.011095602118608982,-0.03123633065983718,-0.03123633065983718,-0.011550876522458724,-0.011550876522458724,-0.01190019305834189,-0.01190019305834189,-0.01868517802640645,-0.01868517802640645,-0.01780236423432375,-0.01780236423432375,-0.016199717418217616,-0.016199717418217616,0.004189054492531281,0.004189054492531281,-0.016199717418217616,-0.016199717418217616,-0.015106406398499252,-0.015106406398499252
2014-12-25,-0.007137819794335625,-0.007137819794335625,-0.0029527529323443097,-0.0029527529323443097,-0.01041929121993236,-0.01041929121993236,-0.007932631341055981,-0.007932631341055981,-0.007530312782252138,-0.007530312782252138,-0.007457112407957208,-0.007457112407957208,-0.003950195362460653,-0.003950195362460653,-0.010096316485972789,-0.010096316485972789,-0.0037808168114753828,-0.0037808168114753828,-0.013946130082355802,-0.013946130082355802,-0.00644977760478534,-0.00644977760478534,-0.013946130082355802,-0.013946130082355802,-0.007492607803993032,-0.007492607803993032
2014-12-26,0.004146167878486807,0.004146167878486807,-0.00013822511580264228,-0.00013822511580264228,0.0012287225830887472,0.0012287225830887472,-0.009614090578732212,-0.009614090578732212,0.0011395095373596025,0.0011395095373596025,0.007615706163239594,0.007615706163239594,-0.006401237153109512,-0.006401237153109512,0.01189169328421642,0.01189169328421642,0.007981257778707977,0.007981257778707977,5.221051966827284e-05,5.221051966827284e-05,-0.0038712260522402223,-0.0038712260522402223,5.221051966827284e-05,5.221051966827284e-05,0.0018412410118300807,0.0018412410118300807
2014-12-29,-0.02571410934610833,-0.02571410934610833,-0.018431219575896957,-0.018431219575896957,-0.026002681224438315,-0.026002681224438315,-0.009808434179803682,-0.009808434179803682,-0.008409650029020214,-0.008409650029020214,-0.023822092646495555,-0.023822092646495555,-0.01916739330972203,-0.01916739330972203,-0.004826540097627711,-0.004826540097627711,-0.025794882907147838,-0.025794882907147838,-0.015497467178062531,-0.015497467178062531,0.009890108376878976,0.009890108376878976,-0.015497467178062531,-0.015497467178062531,-0.01775533700039479,-0.01775533700039479
2014-12-30,0.009994004893235004,0.009994004893235004,0.010683148410172287,0.010683148410172287,0.014409169029009612,0.014409169029009612,0.018135286241575142,0.018135286241575142,0.014475200871121592,0.014475200871121592,0.0243765877253301,0.0243765877253301,0.014494597871521747,0.014494597871521747,0.00710672072611076,0.00710672072611076,0.008765883200864464,0.008765883200864464,0.008323931649585257,0.008323931649585257,-0.0015351724781890157,-0.0015351724781890157,0.008323931649585257,0.008323931649585257,0.013014847525083601,0.013014847525083601
2014-12-31,0.010100715232490369,0.010100715232490369,0.009237909584585906,0.009237909584585906,0.015185100779486115,0.015185100779486115,0.014075928998558434,0.014075928998558434,0.009824911204864489,0.009824911204864489,0.027430110501348994,0.027430110501348994,0.011607477995249412,0.011607477995249412,0.011215296265418685,0.011215296265418685,0.01648992420462696,0.01648992420462696,0.01642072582491677,0.01642072582491677,0.005854270489248747,0.005854270489248747,0.01642072582491677,0.01642072582491677,0.01412778641797445,0.01412778641797445
2015-01-01,0.007955075618867324,0.007740864185169557,-0.0020594140227429003,-0.002747814181409698,-0.0016558797321688523,-0.002528744164847686,-3.104870809611526e-05,-0.001053515270899492,-0.0036773079310943313,-0.005028633929073297,-0.002587339229571217,-0.00442067256290455,0.0018243356196405713,0.0007983617564199768,-0.011210867268079183,-0.012232983013164328,-0.00010535825325630466,-0.0012980720527914597,-0.014088148494774022,-0.014501443477144705,-0.022001113979381426,-0.022628109754008804,-0.014088148494774022,-0.014501443477144705,-0.0025707626608326706,-0.0026538645087766637
2015-01-02,-0.021331452373816166,-0.021331452373816166,-0.02529931771164102,-0.02529931771164102,-0.028637440892628672,-0.028637440892628672,-0.020542283125024523,-0.020542283125024523,-0.03243550634341523,-0.03243550634341523,-0.03230882119257483,-0.03230882119257483,-0.027001184534107853,-0.027001184534107853,-0.016871364945971166,-0.016871364945971166,-0.032411974672665884,-0.032411974672665884,-0.03304875882805185,-0.03304875882805185,-0.011328767589561046,-0.011328767589561046,-0.03304875882805185,-0.03304875882805185,-0.026982636129288494,-0.026982636129288494
2015-01-05,-0.0036417051053702896,-0.0036417051053702896,-0.006719611567273314,-0.006719611567273314,-0.00461647360096597,-0.00461647360096597,-0.00672277337401771,-0.00672277337401771,-0.0020901671203013422,-0.0020901671203013422,-0.005938995760372578,-0.005938995760372578,-0.013081317315733396,-0.013081317315733396,-0.010475655820889856,-0.010475655820889856,-0.009626202235821201,-0.009626202235821201,-0.009600052544320996,-0.009600052544320996,-0.005746293464774158,-0.005746293464774158,-0.009600052544320996,-0.009600052544320996,-0.007246765844267002,-0.007246765844267002
2015-01-06,0.01591819545933782,0.01591819545933782,0.013844950456332085,0.013844950456332085,0.025702467554504577,0.025702467554504577,0.006704096629766145,0.006704096629766145,0.01606558143583818,0.01606558143583818,0.0102332500207451,0.0102332500207451,0.00556137444725428,0.00556137444725428,0.0231822035894984,0.0231822035894984,0.00829430615972788,0.00829430615972788,0.01371202713037559,0.01371202713037559,-0.002800065446214122,-0.002800065446214122,0.01371202713037559,0.01371202713037559,0.013927349938929582,0.013927349938929582
2015-01-07,-0.03338234062083461,-0.03338234062083461,-0.022037726248903683,-0.022037726248903683,-0.03549251632051373,-0.03549251632051373,-0.03218522775523451,-0.03218522775523451,-0.020578807581415556,-0.020578807581415556,-0.028400590785578862,-0.028400590785578862,-0.02264410352253469,-0.02264410352253469,-0.017411771063927363,-0.017411771063927363,-0.03441511947473043,-0.03441511947473043,-0.033452589636209645,-0.033452589636209645,0.0013592702999531917,0.0013592702999531917,-0.033452589636209645,-0.033452589636209645,-0.02799837653238546,-0.02799837653238546
2015-01-08,-0.0017961896723313734,-0.0017961896723313734,-0.0036755807183380075,-0.0036755807183380075,-0.007571788752170929,-0.007571788752170929,0.0038713787063444556,0.0038713787063444556,0.010116371231397234,0.010116371231397234,0.01674516832948488,0.01674516832948488,-0.011897849742731883,-0.011897849742731883,-0.002608267257093659,-0.002608267257093659,0.005139369968847108,0.005139369968847108,-0.005740365793903244,-0.005740365793903244,-0.003723457845636837,-0.003723457845636837,-0.005740365793903244,-0.005740365793903244,0.00024710857147231414,0.00024710857147231414
2015-01-09,-0.015587525894035316,-0.015587525894035316,-0.010177555075427403,-0.010177555075427403,-0.014523713252092844,-0.014523713252092844,-0.011580524285347584,-0.011580524285347584,-0.00693995997743818,-0.00693995997743818,-0.0071966928941168224,-0.0071966928941168224,-0.015594502282515285,-0.015594502282515285,-0.01969204233340151,-0.01969204233340151,-0.015549803753615858,-0.015549803753615858,-0.006883311085715769,-0.006883311085715769,0.009070291716645598,0.009070291716645598,-0.006883311085715769,-0.006883311085715769,-0.012380727899980903,-0.012380727899980903
2015-01-12,0.009163931305956708,0.009163931305956708,0.0028847171324232817,0.0028847171324232817,0.009006098151090205,0.009006098151090205,0.006512961188432887,0.006512961188432887,-0.003771383784334441,-0.003771383784334441,0.025960425655068366,0.025960425655068366,0.0021768367418119098,0.0021768367418119098,0.01010506390571483,0.01010506390571483,0.025314834296105808,0.025314834296105808,0.00986308479516548,0.00986308479516548,0.00033225734392985104,0.00033225734392985104,0.00986308479516548,0.00986308479516548,0.009692337216302173,0.009692337216302173
2015-01-13,-0.0022528116889716744,-0.0022528116889716744,-0.009312794330621306,-0.009312794330621306,-0.0033186438371887042,-0.0033186438371887042,-0.005072590349265333,-0.005072590349265333,-0.002231103946170705,-0.002231103946170705,-0.002322878577601605,-0.002322878577601605,-0.005157871258251327,-0.005157871258251327,0.007313371376738639,0.007313371376738639,-0.013487371154489976,-0.013487371154489976,-0.0023386330883370388,-0.0023386330883370388,-1.8423658632424258e-06,-1.8423658632424258e-06,-0.0023386330883370388,-0.0023386330883370388,-0.003800745215244772,-0.003800745215244772
2015-01-14,-0.005579470473314795,-0.005579470473314795,-0.000472199176046662,-0.000472199176046662,0.00628897466378345,0.00628897466378345,0.004212610123399001,0.004212610123399001,0.0009755937011470491,0.0009755937011470491,0.007499300855586866,0.007499300855586866,0.0012824605968613277,0.0012824605968613277,0.00975830092647659,0.00975830092647659,0.006424782050342074,0.006424782050342074,0.007893031402916589,0.007893031402916589,0.013031368783862915,0.013031368783862915,0.007893031402916589,0.007893031402916589,0.0038323563562708256,0.0038323563562708256
2015-01-15,0.015957944443023765,0.015957944443023765,0.0013883391438297833,0.0013883391438297833,0.00961962028265662,0.00961962028265662,-0.0014355696439292461,-0.0014355696439292461,0.0005509667879607929,0.0005509667879607929,0.009891286972210693,0.009891286972210693,0.007036621218981972,0.007036621218981972,0.016360296212396038,0.016360296212396038,-0.004616307877540525,-0.004616307877540525,0.016781687206199252,0.016781687206199252,0.0004258379554745494,0.0004258379554745494,0.016781687206199252,0.016781687206199252,0.007177772330882683,0.007177772330882683
2015-01-16,0.012443921227085547,0.012443921227085547,0.015434790818338583,0.015434790818338583,0.0176283064478098,0.0176283064478098,0.016854870044431144,0.016854870044431144,0.012265463592599796,0.012265463592599796,0.029619495393039166,0.029619495393039166,0.017586078018082762,0.017586078018082762,0.015508422333678464,0.015508422333678464,0.019338416159518552,0.019338416159518552,0.02056583374576791,0.02056583374576791,0.007551703283535438,0.007551703283535438,0.02056583374576791,0.02056583374576791,0.017751554062406045,0.017751554062406045
2015-01-19,0.0004825743820310066,0.0004825743820310066,-0.016417477051443585,-0.016417477051443585,-0.004113109155463481,-0.004113109155463481,-0.00411524902545715,-0.00411524902545715,-0.0070749767730640956,-0.0070749767730640956,-0.0038934031852532677,-0.0038934031852532677,-0.005312578768410891,-0.005312578768410891,-0.003603114057694018,-0.003603114057694018,-0.0015208722846846183,-0.0015208722846846183,0.0010639907103643913,0.0010639907103643913,0.0005604260452523515,0.0005604260452523515,0.0010639907103643913,0.0010639907103643913,-0.004429953406734511,-0.004429953406734511
2015-01-20,-0.010365666770631313,-0.010365666770631313,-0.004589663343677574,-0.004589663343677574,0.009191953354741222,0.009191953354741222,0.005852711384409416,0.005852711384409416,0.009237341964760743,0.009237341964760743,0.006615597769565157,0.006615597769565157,0.005418980978329186,0.005418980978329186,-0.0017272564592766193,-0.0017272564592766193,-0.004032932769708085,-0.004032932769708085,0.018443364377432714,0.018443364377432714,0.02826194792870359,0.02826194792870359,0.018443364377432714,0.018443364377432714,0.003405627818342107,0.003405627818342107
2015-01-21,-0.006779875204707174,-0.006779875204707174,-0.01625878171841236,-0.01625878171841236,-0.013736504186773905,-0.013736504186773905,-0.006520176375140681,-0.006520176375140681,-0.023942192430470105,-0.023942192430470105,-0.01652095491421324,-0.01652095491421324,-0.011441229917476993,-0.011441229917476993,-0.014724796874915043,-0.014724796874915043,-0.0009102021955356243,-0.0009102021955356243,-0.009931224273381124,-0.009931224273381124,-0.0031435920319406053,-0.0031435920319406053,-0.009931224273381124,-0.009931224273381124,-0.012125499861741598,-0.012125499861741598
2015-01-22,0.009750221834892846,0.009750221834892846,0.015388802525981852,0.015388802525981852,0.02328265141535061,0.02328265141535061,0.019965275316316703,0.019965275316316703,-0.012086104234112728,-0.012086104234112728,0.002731905101342072,0.002731905101342072,0.007935491698575024,0.007935491698575024,0.007296812645509729,0.007296812645509729,0.018941805275592048,0.018941805275592048,0.013855035103733785,0.013855035103733785,0.004050507619554654,0.004050507619554654,0.013855035103733785,0.013855035103733785,0.01067363126786324,0.01067363126786324
2015-01-23,-0.008424595916794685,-0.008424595916794685,-0.0035653237311806963,-0.0035653237311806963,-0.013100312222375626,-0.013100312222375626,-0.008458230426265896,-0.008458230426265896,-0.006329185829177466,-0.006329185829177466,-0.008852258139466822,-0.008852258139466822,-0.0100041821086761,-0.0100041821086761,-0.003971263907396688,-0.003971263907396688,0.002638858863425677,0.002638858863425677,-0.01828816840067772,-0.01828816840067772,-0.009691474559669984,-0.009691474559669984,-0.01828816840067772,-0.01828816840067772,-0.007875092990417122,-0.007875092990417122
2015-01-26,-0.010885011762263492,-0.010885011762263492,-0.001949731589044272,-0.001949731589044272,-0.00370845472346335,-0.00370845472346335,-0.004353247031929708,-0.004353247031929708,0.004533871408829754,0.004533871408829754,-0.0006317562287561189,-0.0006317562287561189,0.0037378701837619843,0.0037378701837619843,-0.0025389602484050433,-0.0025389602484050433,-0.0030886468767957276,-0.0030886468767957276,-0.006045552473260403,-0.006045552473260403,0.004591432754115887,0.004591432754115887,-0.006045552473260403,-0.006045552473260403,-0.002537531892739167,-0.002537531892739167
2015-01-27,0.0074895039578699455,0.0074895039578699455,-0.00953637153588038,-0.00953637153588038,0.009130335427046376,0.009130335427046376,0.00961368248638393,0.00961368248638393,0.012482471978510424,0.012482471978510424,0.005107983025845758,0.005107983025845758,0.01946533810536505,0.01946533810536505,0.004543273327556002,0.004543273327556002,-0.001746460204624073,-0.001746460204624073,0.0017872178704372152,0.0017872178704372152,-0.00534746045006796,-0.00534746045006796,0.0017872178704372152,0.0017872178704372152,0.005816499037473516,0.005816499037473516
2015-01-28,-0.013955292515103059,-0.013955292515103059,-0.012630028208299216,-0.012630028208299216,-0.011566686422086334,-0.011566686422086334,-0.009193784705143062,-0.009193784705143062,-0.00677907547855003,-0.00677907547855003,-0.02141198483936597,-0.02141198483936597,-0.010801029705278187,-0.010801029705278187,-0.014179154645162822,-0.014179154645162822,-0.01648541922566552,-0.01648541922566552,-0.013711200831573959,-0.013711200831573959,0.00016749830329067824,0.00016749830329067824,-0.013711200831573959,-0.013711200831573959,-0.013118842211479046,-0.013118842211479046
2015-01-29,0.0013531681880226088,0.0013531681880226088,-0.0012381501629096189,-0.0012381501629096189,-0.004081667549677755,-0.004081667549677755,-0.005650876662317275,-0.005650876662317275,0.004120659935129022,0.004120659935129022,-0.002454897292876504,-0.002454897292876504,0.019486257347625557,0.019486257347625557,0.0022417323243816506,0.0022417323243816506,-0.00014668759331096844,-0.00014668759331096844,-0.0008620532135267427,-0.0008620532135267427,-0.0020857004163357456,-0.0020857004163357456,-0.0008620532135267427,-0.0008620532135267427,0.0012349146536278551,0.0012349146536278551
2015-01-30,0.022860142384684173,0.022860142384684173,0.00748215918878799,0.00748215918878799,0.005470914393781868,0.005470914393781868,0.019040002346661228,0.019040002346661228,0.006308424074026467,0.006308424074026467,-0.00028005841469100194,-0.00028005841469100194,0.009376844987962324,0.009376844987962324,0.011412997082772337,0.011412997082772337,0.013853093782592309,0.013853093782592309,0.01088690389200193,0.01088690389200193,-0.011258142079098147,-0.011258142079098147,0.01088690389200193,0.01088690389200193,0.010619908161020906,0.010619908161020906
2015-02-02,-0.003922514593038384,-0.004331865957748796,-0.0011556685726956673,-0.0018546374762369341,0.001233710498303342,0.00035578728392464507,0.0024307124880049713,0.0015883085953284056,0.01788476691138463,0.016688292186011252,0.0057741170790759355,0.004729300595249672,-0.0025924269697560343,-0.003925760303089367,-0.011897032394334928,-0.012741543185195577,0.007219164481596652,0.006322215018210814,-0.0017547861162295897,-0.002317531920742762,0.0022059988879841175,0.001250059930504698,-0.0017547861162295897,-0.002317531920742762,0.0013183964801493087,0.0012455459895372566
2015-02-03,-0.011295718273430008,-0.011295718273430008,0.0011638509647570409,0.0011638509647570409,-0.014315759812935255,-0.014315759812935255,-0.008174978497102223,-0.008174978497102223,-0.0015804571246390026,-0.0015804571246390026,-0.021538224620811106,-0.021538224620811106,-0.006569131132824712,-0.006569131132824712,-0.008898064631222986,-0.008898064631222986,-0.008352528770352054,-0.008352528770352054,-0.020450028802678447,-0.020450028802678447,-0.009152793629637683,-0.009152793629637683,-0.020450028802678447,-0.020450028802678447,-0.009993760148916129,-0.009993760148916129
2015-02-04,-0.0026748628387118414,-0.0026748628387118414,-0.015400865455260298,-0.015400865455260298,-0.007262032698108534,-0.007262032698108534,-0.006972869810439708,-0.006972869810439708,-0.007232468148134033,-0.007232468148134033,0.0034249027316874386,0.0034249027316874386,0.0016438171588281985,0.0016438171588281985,-0.0001500200224830656,-0.0001500200224830656,-0.0013095001420806995,-0.0013095001420806995,0.0017073351619981613,0.0017073351619981613,0.004322959086649378,0.004322959086649378,0.0017073351619981613,0.0017073351619981613,-0.0034560560043034585,-0.0034560560043034585
2015-02-05,0.002426863986985846,0.002426863986985846,0.01785966479946748,0.01785966479946748,0.007619484590675699,0.007619484590675699,0.006547881138476,0.006547881138476,0.010724743512648368,0.010724743512648368,0.008779363201159502,0.008779363201159502,0.0017314326408346752,0.0017314326408346752,-0.0008103638855554117,-0.0008103638855554117,0.011172805056308093,0.011172805056308093,0.008877201335555843,0.008877201335555843,0.0063248903088111205,0.0063248903088111205,0.008877201335555843,0.008877201335555843,0.007505738433446879,0.007505738433446879
2015-02-06,-0.026325064259349155,-0.026325064259349155,-0.018881805930616804,-0.018881805930616804,-0.01263821243801575,-0.01263821243801575,-0.008164382143796032,-0.008164382143796032,-0.01750181397554814,-0.01750181397554814,-0.011110582756310232,-0.011110582756310232,-0.008415529166346735,-0.008415529166346735,-0.017843007442936258,-0.017843007442936258,-0.002111218228829273,-0.002111218228829273,-0.01638794205867818,-0.01638794205867818,0.009625196915594238,0.009625196915594238,-0.01638794205867818,-0.01638794205867818,-0.013913831489130106,-0.013913831489130106
2015-02-09,-0.011358596354491674,-0.011358596354491674,-0.015042561302650637,-0.015042561302650637,-0.009285438153804972,-0.009285438153804972,-0.00879730143447641,-0.00879730143447641,-0.007944017656505337,-0.007944017656505337,-0.014486463468044247,-0.014486463468044247,-0.016693261572400298,-0.016693261572400298,-0.0058968453308856795,-0.0058968453308856795,-0.010117621299647677,-0.010117621299647677,-0.01696390821892079,-0.01696390821892079,-0.005540531294791552,-0.005540531294791552,-0.01696390821892079,-0.01696390821892079,-0.011657834350331447,-0.011657834350331447
2015-02-10,0.0191202279983358,0.0191202279983358,0.012562069083101195,0.012562069083101195,0.010298984304927126,0.010298984304927126,0.01810827734717696,0.01810827734717696,0.013867964827205823,0.013867964827205823,0.007478425792468386,0.007478425792468386,0.007731507962866967,0.007731507962866967,0.012868521614940896,0.012868521614940896,0.008831662341545338,0.008831662341545338,0.009573623143102984,0.009573623143102984,-0.008857928102443291,-0.008857928102443291,0.009573623143102984,0.009573623143102984,0.01202973927947533,0.01202973927947533
2015-02-11,0.009546630235757523,0.009546630235757523,0.005791959191283237,0.005791959191283237,0.010283476112047822,0.010283476112047822,0.009188428510759067,0.009188428510759067,-0.0009793141082112657,-0.0009793141082112657,0.014159456913127899,0.014159456913127899,-0.0010076628384795006,-0.0010076628384795006,0.007455087295688514,0.007455087295688514,0.003426030762155879,0.003426030762155879,0.01611249860609558,0.01611249860609558,0.006339969465082804,0.006339969465082804,0.01611249860609558,0.01611249860609558,0.007349710666723599,0.007349710666723599
2015-02-12,0.013140809712204228,0.013140809712204228,0.006111143622165302,0.006111143622165302,0.020298963986736987,0.020298963986736987,0.009343375463236657,0.009343375463236657,-0.005205114641772606,-0.005205114641772606,0.0016689540926190204,0.0016689540926190204,0.015748724829085084,0.015748724829085084,-0.006768834762106075,-0.006768834762106075,-0.0016086404796984627,-0.0016086404796984627,0.0008446991615868816,0.0008446991615868816,-0.011884024579818738,-0.011884024579818738,0.0008446991615868816,0.0008446991615868816,0.005317719888516408,0.005317719888516408
2015-02-13,0.014110375369343672,0.014110375369343672,0.024162082043721632,0.024162082043721632,0.013581017084368685,0.013581017084368685,0.0355899894157654,0.0355899894157654,0.014956118836154476,0.014956118836154476,0.028892929193642045,0.028892929193642045,0.03405027824397152,0.03405027824397152,0.011289763255246534,0.011289763255246534,0.0219397620695109,0.0219397620695109,0.023666928106123197,0.023666928106123197,0.009357640086391665,0.009357640086391665,0.023666928106123197,0.023666928106123197,0.022258616661145335,0.022258616661145335
2015-02-16,-0.0010226895118259447,-0.0010226895118259447,0.003486246358681987,0.003486246358681987,-0.0015543925662798283,-0.0015543925662798283,0.010708881540400504,0.010708881540400504,-0.0012071419346635591,-0.0012071419346635591,-0.004994082707477892,-0.004994082707477892,0.007708918983320112,0.007708918983320112,-0.0010267245283137123,-0.0010267245283137123,0.005977888511247767,0.005977888511247767,0.007216842747785693,0.007216842747785693,0.008239079249595896,0.008239079249595896,0.007216842747785693,0.007216842747785693,0.00257066568800037,0.00257066568800037
2015-02-17,0.004716090706455702,0.004716090706455702,0.013010282346890386,0.013010282346890386,0.00950609214611335,0.00950609214611335,0.006047774510509061,0.006047774510509061,0.006833751290944838,0.006833751290944838,0.007540558097308943,0.007540558097308943,0.0068850491809640466,0.0068850491809640466,0.01416627203107879,0.01416627203107879,0.012942281167433655,0.012942281167433655,0.014663416925076922,0.014663416925076922,0.010001018319836078,0.010001018319836078,0.014663416925076922,0.014663416925076922,0.009608209077845375,0.009608209077845375
2015-02-18,0.019871291603154206,0.019871291603154206,0.04235913624275654,0.04235913624275654,0.027237014146801942,0.027237014146801942,0.025635399746465684,0.025635399746465684,0.01972424738211441,0.01972424738211441,0.0350322865503267,0.0350322865503267,0.02522457890821149,0.02522457890821149,0.03500589442497328,0.03500589442497328,0.02787213995207572,0.02787213995207572,0.04185916667229122,0.04185916667229122,0.022520379639101203,0.022520379639101203,0.04185916667229122,0.04185916667229122,0.02997034878156512,0.02997034878156512
2015-02-19,0.008144377163180751,0.008144377163180751,0.001323973786450785,0.001323973786450785,-0.007118721734618095,-0.007118721734618095,-0.007797885178034862,-0.007797885178034862,0.0071075590497803025,0.0071075590497803025,-0.0014792270213275617,-0.0014792270213275617,-0.010401177530156826,-0.010401177530156826,-0.004270564871602541,-0.004270564871602541,-0.004312503470691975,-0.004312503470691975,0.0019417069379265663,0.0019417069379265663,-0.005988995157289409,-0.005988995157289409,0.0019417069379265663,0.0019417069379265663,-0.0017445324736369335,-0.0017445324736369335
2015-02-20,-0.010618506254907841,-0.010618506254907841,0.0048065412834429,0.0048065412834429,-0.0007994807094126324,-0.0007994807094126324,-0.015596858643287888,-0.015596858643287888,-0.005621280908554599,-0.005621280908554599,-0.004284173204055799,-0.004284173204055799,-0.005783311305996873,-0.005783311305996873,-0.0007710700543786463,-0.0007710700543786463,-0.0038114855482310325,-0.0038114855482310325,-0.0007084644517336902,-0.0007084644517336902,0.009815591803732926,0.009815591803732926,-0.0007084644517336902,-0.0007084644517336902,-0.004323295136091398,-0.004323295136091398
2015-02-23,0.01220591987339455,0.01220591987339455,0.016605498034174344,0.016605498034174344,0.016586997341651515,0.016586997341651515,0.006615331640043615,0.006615331640043615,0.0026002301348851302,0.0026002301348851302,0.02105899990111159,0.02105899990111159,0.018624462192776973,0.018624462192776973,0.010510555734160279,0.010510555734160279,-0.0033457267254814946,-0.0033457267254814946,0.0033036464048222364,0.0033036464048222364,-0.008506137251354092,-0.008506137251354092,0.0033036464048222364,0.0033036464048222364,0.010450648265403251,0.010450648265403251
2015-02-24,0.0055380686464696904,0.0055380686464696904,-0.011467365537886829,-0.011467365537886829,0.006407394867936687,0.006407394867936687,0.006482077492568728,0.006482077492568728,-0.004985240065832935,-0.004985240065832935,0.01015407091834825,0.01015407091834825,0.0066847575381026696,0.0066847575381026696,-0.001091641121038987,-0.001091641121038987,-0.007686575514658928,-0.007686575514658928,-0.004215526302112682,-0.004215526302112682,-0.009854773007220863,-0.009854773007220863,-0.004215526302112682,-0.004215526302112682,0.0005544399483766954,0.0005544399483766954
2015-02-25,-0.012445591447881172,-0.012445591447881172,0.00045997973500193617,0.00045997973500193617,-0.007269977353260723,-0.007269977353260723,-0.011800930659162372,-0.011800930659162372,-0.015844528607162886,-0.015844528607162886,-0.014622013385432113,-0.014622013385432113,-0.016266798942520918,-0.016266798942520918,0.00212437429194187,0.00212437429194187,0.003102661890592494,0.003102661890592494,-0.0007843183913064152,-0.0007843183913064152,0.011741361653599793,0.011741361653599793,-0.0007843183913064152,-0.0007843183913064152,-0.007351540689093846,-0.007351540689093846
2015-02-26,-0.019263883597757978,-0.019263883597757978,-0.01364385428395713,-0.01364385428395713,-0.012994656173844082,-0.012994656173844082,-0.020119543452624303,-0.020119543452624303,-0.0056196459940968425,-0.0056196459940968425,-0.008635876245739535,-0.008635876245739535,-0.0014769122254526745,-0.0014769122254526745,-0.01967303995018284,-0.01967303995018284,-0.021413500943716163,-0.021413500943716163,-0.028303866678960496,-0.028303866678960496,-0.01006042792712697,-0.01006042792712697,-0.028303866678960496,-0.028303866678960496,-0.01512897805544808,-0.01512897805544808
2015-02-27,0.015177084345393221,0.015177084345393221,0.018752486694589565,0.018752486694589565,0.025026147877074148,0.025026147877074148,0.019818753942869863,0.019818753942869863,0.006060826256905875,0.006060826256905875,0.01748436509443546,0.01748436509443546,0.020054001797020153,0.020054001797020153,0.01054774597402381,0.01054774597402381,0.02402565797050148,0.02402565797050148,0.025474731339027463,0.025474731339027463,0.010840549712344525,0.010840549712344525,0.025474731339027463,0.025474731339027463,0.018303879122615867,0.018303879122615867
2015-03-02,0.0053871713013855516,0.004983860597334444,0.006396350435133202,0.005481846957160032,0.011999035929088908,0.010930216316703236,0.01347470803825157,0.012110805789580886,0.002267534517512715,0.0010630342933504804,-0.01547148442855728,-0.016487125005944805,0.008589258514025033,0.007218314452531471,0.004262142941206637,0.002915580744286268,0.0034862421195442916,0.002284370808263163,-0.0010081860547668242,-0.001433541750178022,-0.006453161297723553,-0.007280281603475214,-0.0010081860547668242,-0.001433541750178022,0.003947363497879275,0.003866219997844608
2015-03-03,-0.006609633931622296,-0.006609633931622296,-0.002461316400881844,-0.002461316400881844,-0.0031338993206782777,-0.0031338993206782777,-0.020565065919755404,-0.020565065919755404,-0.0014823914858034647,-0.0014823914858034647,-0.0026197931512549513,-0.0026197931512549513,-0.003679756433590822,-0.003679756433590822,-0.0036217623686309658,-0.0036217623686309658,0.007977880710017633,0.007977880710017633,-0.017065018049830204,-0.017065018049830204,-0.0104815999792622,-0.0104815999792622,-0.017065018049830204,-0.017065018049830204,-0.005341573152643684,-0.005341573152643684
2015-03-04,0.011711563892248759,0.011711563892248759,0.007354045658977585,0.007354045658977585,0.012806759198658646,0.012806759198658646,0.014309708052059857,0.014309708052059857,0.006075345749747833,0.006075345749747833,0.020050358112200097,0.020050358112200097,0.013818456138129863,0.013818456138129863,0.01586648050586221,0.01586648050586221,0.01690405761462977,0.01690405761462977,0.0215818921871301,0.0215818921871301,0.009667751717185386,0.009667751717185386,0.0215818921871301,0.0215818921871301,0.014022340857148537,0.014022340857148537
2015-03-05,0.007606323377134328,0.007606323377134328,0.00616596541311943,0.00616596541311943,-0.0011676141397205745,-0.0011676141397205745,-0.00010372726018066615,-0.00010372726018066615,0.014368186373833015,0.014368186373833015,0.00869944913491036,0.00869944913491036,0.001451659243336473,0.001451659243336473,0.004678114865487683,0.004678114865487683,0.006869459643585505,0.006869459643585505,0.001826318712894757,0.001826318712894757,-0.005905778870276668,-0.005905778870276668,0.001826318712894757,0.001826318712894757,0.005029784068128511,0.005029784068128511
2015-03-06,0.0026126165115423175,0.0026126165115423175,-0.002358083450544081,-0.002358083450544081,-0.003266742806644931,-0.003266742806644931,-0.002594725399778883,-0.002594725399778883,-0.006777588419565743,-0.006777588419565743,-0.01242082141111933,-0.01242082141111933,0.0054451837467896355,0.0054451837467896355,0.010177704400340663,0.010177704400340663,0.002544369925176903,0.002544369925176903,0.0071986253090618475,0.0071986253090618475,0.00464085382388868,0.00464085382388868,0.0071986253090618475,0.0071986253090618475,6.786543076815765e-05,6.786543076815765e-05
2015-03-09,0.0019282833183093548,0.0019282833183093548,0.011928751694435755,0.011928751694435755,0.0035067636602037463,0.0035067636602037463,0.009174447091141763,0.009174447091141763,0.006447789367366253,0.006447789367366253,-0.0004657642006450089,-0.0004657642006450089,0.005796950542555856,0.005796950542555856,-0.003604719163637548,-0.003604719163637548,-0.0031018208029056416,-0.0031018208029056416,-0.004433271823554079,-0.004433271823554079,-0.006520348217833982,-0.006520348217833982,-0.004433271823554079,-0.004433271823554079,0.0026972116608628156,0.0026972116608628156
2015-03-10,-0.008569869987310755,-0.008569869987310755,-0.004420892442987661,-0.004420892442987661,-0.012497472470939665,-0.012497472470939665,-0.006245842982352772,-0.006245842982352772,-0.013861606869783822,-0.013861606869783822,-0.0067056333014769275,-0.0067056333014769275,-0.005686181453074297,-0.005686181453074297,-0.009770294090125756,-0.009770294090125756,-0.01718387582781363,-0.01718387582781363,-0.004607505502751499,-0.004607505502751499,0.0041918599144164185,0.0041918599144164185,-0.004607505502751499,-0.004607505502751499,-0.008971444096516483,-0.008971444096516483
2015-03-11,0.007981152866068012,0.007981152866068012,-2.438715592653542e-05,-2.438715592653542e-05,-0.00855293929387506,-0.00855293929387506,0.0006702540566565314,0.0006702540566565314,0.006109630321529104,0.006109630321529104,0.003466654613654364,0.003466654613654364,0.008534489473897199,0.008534489473897199,-0.0019402594730982678,-0.0019402594730982678,0.006657351879117385,0.006657351879117385,-0.0005957522505128984,-0.0005957522505128984,-0.008799151927370814,-0.008799151927370814,-0.0005957522505128984,-0.0005957522505128984,0.002239491749856324,0.002239491749856324
2015-03-12,0.026495190961322527,0.026495190961322527,0.021929418585381406,0.021929418585381406,0.024889267698293395,0.024889267698293395,0.03243918642432092,0.03243918642432092,0.02447739016167116,0.02447739016167116,0.0122130216944368,0.0122130216944368,0.032825871285127387,0.032825871285127387,0.02378812247980564,0.02378812247980564,0.017679480321863353,0.017679480321863353,0.02002297397110571,0.02002297397110571,-0.007162462973337788,-0.007162462973337788,0.02002297397110571,0.02002297397110571,0.02370975707816638,0.02370975707816638
2015-03-13,0.008804955996474417,0.008804955996474417,0.020077929717138277,0.020077929717138277,0.007568394798616712,0.007568394798616712,0.010920210766965553,0.010920210766965553,0.007966788245931474,0.007966788245931474,0.0029998930309640456,0.0029998930309640456,0.0027479927418576217,0.0027479927418576217,0.004143566249918934,0.004143566249918934,-0.0043290763251470545,-0.0043290763251470545,0.002864139238792245,0.002864139238792245,-0.006491940027417385,-0.006491940027417385,0.002864139238792245,0.002864139238792245,0.006390608164646591,0.006390608164646591
2015-03-16,0.006639222470101102,0.006639222470101102,-0.006045116819220136,-0.006045116819220136,-0.0014131469115030554,-0.0014131469115030554,-0.01101207428416743,-0.01101207428416743,-0.0006991083929693791,-0.0006991083929693791,-0.002240091505421628,-0.002240091505421628,0.0037988685182844422,0.0037988685182844422,-0.005194487180967147,-0.005194487180967147,-0.010507108052708655,-0.010507108052708655,-0.019034919307195197,-0.019034919307195197,-0.027488254758030982,-0.027488254758030982,-0.019034919307195197,-0.019034919307195197,-0.004523332513776554,-0.004523332513776554
2015-03-17,0.007222841052306217,0.007222841052306217,-0.004062375158859079,-0.004062375158859079,-0.0038590277379882214,-0.0038590277379882214,0.001572916753004875,0.001572916753004875,-0.013027896337823901,-0.013027896337823901,-0.008519020742682803,-0.008519020742682803,-0.014575960783674357,-0.014575960783674357,-0.0008395734434801707,-0.0008395734434801707,-0.0006218678446184424,-0.0006218678446184424,-0.00160021329392185,-0.00160021329392185,-0.009908560505712588,-0.009908560505712588,-0.00160021329392185,-0.00160021329392185,-0.0038394841375102113,-0.0038394841375102113
2015-03-18,-0.007580987716454669,-0.007580987716454669,-0.005477473398056031,-0.005477473398056031,-0.0036568881435929002,-0.0036568881435929002,-0.007354537325373979,-0.007354537325373979,-0.003103972450174023,-0.003103972450174023,0.003504080529607825,0.003504080529607825,0.005201309902705942,0.005201309902705942,0.0024728799524586496,0.0024728799524586496,0.005113273237465194,0.005113273237465194,-0.002447836281986188,-0.002447836281986188,0.006106183875118782,0.006106183875118782,-0.002447836281986188,-0.002447836281986188,-0.0013701398732196717,-0.0013701398732196717
2015-03-19,0.007666474660156424,0.007666474660156424,-0.010507652862824533,-0.010507652862824533,0.0095998872575945,0.0095998872575945,-0.002202439610242267,-0.002202439610242267,0.0032342718620915092,0.0032342718620915092,-0.016829754334462575,-0.016829754334462575,-0.0011029239672832522,-0.0011029239672832522,-0.010397335158085257,-0.010397335158085257,-0.00871633317483727,-0.00871633317483727,0.0026986109949255336,0.0026986109949255336,-0.00583841665330195,-0.00583841665330195,0.0026986109949255336,0.0026986109949255336,-0.0026240969970917644,-0.0026240969970917644
2015-03-20,0.0025946742288134976,0.0025946742288134976,-0.013237217092816507,-0.013237217092816507,-0.003464163443812152,-0.003464163443812152,0.0006319562494082128,0.0006319562494082128,-0.003813910804566671,-0.003813910804566671,0.005990043664348512,0.005990043664348512,-0.003320907160757931,-0.003320907160757931,-0.0003723908699321604,-0.0003723908699321604,-0.015646428675566385,-0.015646428675566385,-0.0067335630774675165,-0.0067335630774675165,-0.010266496626599366,-0.010266496626599366,-0.0067335630774675165,-0.0067335630774675165,-0.0037413698027459258,-0.0037413698027459258
2015-03-23,0.016665904885545306,0.016665904885545306,-0.00042062331525415195,-0.00042062331525415195,0.014763052931065015,0.014763052931065015,0.011231202814799036,0.011231202814799036,0.009916565917312322,0.009916565917312322,-0.0009232441593743385,-0.0009232441593743385,0.0158229506231964,0.0158229506231964,0.013640015204937631,0.013640015204937631,0.010711893526923404,0.010711893526923404,0.019701458177116257,0.019701458177116257,0.0018723968696722935,0.0018723968696722935,0.019701458177116257,0.019701458177116257,0.011176367042848728,0.011176367042848728
2015-03-24,-0.012191819498464086,-0.012191819498464086,-0.014679153377213022,-0.014679153377213022,-0.022409891129683588,-0.022409891129683588,-0.00786207759279825,-0.00786207759279825,-0.016000858931012548,-0.016000858931012548,-0.021775590911680957,-0.021775590911680957,-0.019841434302863042,-0.019841434302863042,-0.014721745111820292,-0.014721745111820292,-0.011779539131938025,-0.011779539131938025,-0.01035651812993841,-0.01035651812993841,0.003037064639300409,0.003037064639300409,-0.01035651812993841,-0.01035651812993841,-0.015148159845226385,-0.015148159845226385
2015-03-25,0.007238168975567205,0.007238168975567205,0.00411608914200612,0.00411608914200612,0.014195334700981086,0.014195334700981086,0.022038893165129823,0.022038893165129823,0.0211948288076424,0.0211948288076424,0.01484841883541848,0.01484841883541848,0.001292457835020648,0.001292457835020648,-0.0005742248416176379,-0.0005742248416176379,-0.005628056448433786,-0.005628056448433786,0.010992209383484287,0.010992209383484287,0.003508684166564616,0.003508684166564616,0.010992209383484287,0.010992209383484287,0.008942528925032566,0.008942528925032566
2015-03-26,-0.004463495540733787,-0.004463495540733787,0.000420238282952597,0.000420238282952597,0.0011356050653138512,0.0011356050653138512,-0.0015409906094471044,-0.0015409906094471044,0.010245977991816051,0.010245977991816051,-0.004589686882357261,-0.004589686882357261,0.0019108814847802512,0.0019108814847802512,-0.004261379604823789,-0.004261379604823789,0.009529277130002997,0.009529277130002997,0.005098179750655904,0.005098179750655904,0.010824011347436553,0.010824011347436553,0.005098179750655904,0.005098179750655904,0.0013190895597449356,0.0013190895597449356
2015-03-27,-0.004233569087067756,-0.004233569087067756,-0.0034301010484505154,-0.0034301010484505154,-0.0064122312256876205,-0.0064122312256876205,0.00730231615648609,0.00730231615648609,0.010629270899812963,0.010629270899812963,0.010972938576560409,0.010972938576560409,-0.0049281803207729125,-0.0049281803207729125,-0.0006926655071244564,-0.0006926655071244564,0.013973461297003434,0.013973461297003434,0.004500415486597762,0.004500415486597762,0.009795907932440341,0.009795907932440341,0.004500415486597762,0.004500415486597762,0.0026783289590077974,0.0026783289590077974
2015-03-30,-0.008663999790773898,-0.008663999790773898,-0.009129058839401313,-0.009129058839401313,-0.0063543529288885075,-0.0063543529288885075,-0.01887677814403963,-0.01887677814403963,-0.009004691816208252,-0.009004691816208252,-0.006236042986007044,-0.006236042986007044,-0.007004114284714657,-0.007004114284714657,-0.012769870646082317,-0.012769870646082317,-0.016007070070699996,-0.016007070070699996,-0.011834113688360426,-0.011834113688360426,-0.0029693068944643183,-0.0029693068944643183,-0.011834113688360426,-0.011834113688360426,-0.01060809143433953,-0.01060809143433953
2015-03-31,0.01312815326248171,0.01312815326248171,0.025730791382813388,0.025730791382813388,0.018014630217150485,0.018014630217150485,0.021032943040061633,0.021032943040061633,0.013909227946192898,0.013909227946192898,0.011426792297356197,0.011426792297356197,0.02027241742898994,0.02027241742898994,0.014300307757448153,0.014300307757448153,0.01047517783165531,0.01047517783165531,0.011632213874592552,0.011632213874592552,-0.002360058529670514,-0.002360058529670514,0.011632213874592552,0.011632213874592552,0.01600538581162696,0.01600538581162696
2015-04-01,0.01829660231396124,0.017907745693044964,0.025682412805884347,0.024838079507822734,0.02325804029259504,0.022035059823104608,0.022043102957243654,0.02069715339670252,0.025597322215017648,0.024553568597460395,0.01008756485100526,0.008891782547209182,0.015059058457313812,0.014488518749103816,0.005829637381695951,0.004662970715029285,0.021032800297519527,0.019697061327072007,0.0012830241114731855,0.0008965859437842548,-0.016979964511628975,-0.017898721596453396,0.0012830241114731855,0.0008965859437842548,0.016828206378189048,0.01674952629367213
2015-04-02,0.017656182191391263,0.017656182191391263,0.013346151803059586,0.013346151803059586,-0.0012250998331583022,-0.0012250998331583022,0.013744384617116714,0.013744384617116714,0.002407073881686253,0.002407073881686253,-0.001323016374270104,-0.001323016374270104,0.0033616803991193523,0.0033616803991193523,0.006208724284401354,0.006208724284401354,0.0076003156597530125,0.0076003156597530125,0.0057129758080479275,0.0057129758080479275,-0.012481403907361535,-0.012481403907361535,0.0057129758080479275,0.0057129758080479275,0.006762367501043768,0.006762367501043768
2015-04-03,-0.015226170980311479,-0.015226170980311479,-0.019280680018245913,-0.019280680018245913,-0.017831363404747266,-0.017831363404747266,-0.003998582059305405,-0.003998582059305405,-0.02405878213257736,-0.02405878213257736,-0.021050329854517144,-0.021050329854517144,-0.025878716568463602,-0.025878716568463602,-0.009272894681199042,-0.009272894681199042,-0.00941626551805547,-0.00941626551805547,-0.01613410245178152,-0.01613410245178152,-0.0004836705069594556,-0.0004836705069594556,-0.01613410245178152,-0.01613410245178152,-0.016195398820720002,-0.016195398820720002
2015-04-06,0.006409012480795237,0.006409012480795237,0.016919509824020615,0.016919509824020615,0.01404496207473796,0.01404496207473796,0.005599949503052334,0.005599949503052334,0.0186469423520889,0.0186469423520889,0.01601462039183322,0.01601462039183322,0.0007029361942615109,0.0007029361942615109,0.010900265142267971,0.010900265142267971,-0.0077363588455473834,-0.0077363588455473834,0.011629904118968852,0.011629904118968852,0.005139499004834012,0.005139499004834012,0.011629904118968852,0.011629904118968852,0.009280612080618941,0.009280612080618941
2015-04-07,0.008305549546013063,0.008305549546013063,0.006186711465642786,0.006186711465642786,0.009085031452576286,0.009085031452576286,0.01071178456399794,0.01071178456399794,0.012520115402632398,0.012520115402632398,-0.0034843550183958523,-0.0034843550183958523,0.006080408930657208,0.006080408930657208,0.009520510204548393,0.009520510204548393,0.001512125142493126,0.001512125142493126,0.0053552522225633805,0.0053552522225633805,-0.0032455198006796585,-0.0032455198006796585,0.0053552522225633805,0.0053552522225633805,0.006609765554587066,0.006609765554587066
2015-04-08,-0.016483563129653423,-0.016483563129653423,-0.02416829292712163,-0.02416829292712163,-0.020275851431781452,-0.020275851431781452,-0.01689255194105324,-0.01689255194105324,-0.01610358061944169,-0.01610358061944169,-0.016302148660010715,-0.016302148660010715,-0.007437754215916453,-0.007437754215916453,-0.006915029024903622,-0.006915029024903622,-0.01930917849866366,-0.01930917849866366,-0.01966144146417679,-0.01966144146417679,-0.0028237510496643974,-0.0028237510496643974,-0.01966144146417679,-0.01966144146417679,-0.01638986870989368,-0.01638986870989368
2015-04-09,0.0005673530515019152,0.0005673530515019152,0.008017829004613931,0.008017829004613931,0.0006519104907070387,0.0006519104907070387,0.001236116253934376,0.001236116253934376,0.0035723184713533883,0.0035723184713533883,-0.004985945932448624,-0.004985945932448624,-0.0028136552751238074,-0.0028136552751238074,0.0028345735079771386,0.0028345735079771386,-0.0033237549190338507,-0.0033237549190338507,-0.004722066835596689,-0.004722066835596689,-0.005413079734701798,-0.005413079734701798,-0.004722066835596689,-0.004722066835596689,0.00015287352615199153,0.00015287352615199153
2015-04-10,0.006189350695345104,0.006189350695345104,0.001570637949252515,0.001570637949252515,0.0015363288601871888,0.0015363288601871888,0.005072962509405645,0.005072962509405645,0.005357706163740479,0.005357706163740479,-0.0009457677335654611,-0.0009457677335654611,0.010578143250052918,0.010578143250052918,0.007284019781938222,0.007284019781938222,0.015882726861792443,0.015882726861792443,0.001713023781218172,0.001713023781218172,-0.004799468185295442,-0.004799468185295442,0.001713023781218172,0.001713023781218172,0.005416924210213294,0.005416924210213294
2015-04-13,0.01201121578137079,0.01201121578137079,0.011206106932947262,0.011206106932947262,0.010312865912268267,0.010312865912268267,0.00018756559294012733,0.00018756559294012733,0.002726253498544539,0.002726253498544539,0.005227044969151004,0.005227044969151004,0.01127012859403115,0.01127012859403115,0.0018906497616499674,0.0018906497616499674,0.004824597049409042,0.004824597049409042,0.003368064296712074,0.003368064296712074,-0.009387156122318073,-0.009387156122318073,0.003368064296712074,0.003368064296712074,0.006294403562797415,0.006294403562797415
2015-04-14,-0.017659993430261634,-0.017659993430261634,-0.004643342917855092,-0.004643342917855092,0.01306069049005767,0.01306069049005767,0.005813413223741456,0.005813413223741456,0.001883722772646393,0.001883722772646393,0.0002969319261588643,0.0002969319261588643,0.0018351074036420851,0.0018351074036420851,0.00986745034602795,0.00986745034602795,0.004570211615991886,0.004570211615991886,-0.007981335061421568,-0.007981335061421568,0.010992089770786674,0.010992089770786674,-0.007981335061421568,-0.007981335061421568,0.000700937277951942,0.000700937277951942
2015-04-15,0.0032533101825423074,0.0032533101825423074,-0.008099525188928884,-0.008099525188928884,-0.0017478438654285906,-0.0017478438654285906,0.003465339030928236,0.003465339030928236,0.007023025657298868,0.007023025657298868,-0.007574467727562545,-0.007574467727562545,-0.008538443941602173,-0.008538443941602173,0.003383839975942469,0.003383839975942469,-0.005908090414444679,-0.005908090414444679,-0.0018059870731125978,-0.0018059870731125978,-0.005298264638758916,-0.005298264638758916,-0.0018059870731125978,-0.0018059870731125978,-0.0016030923284729081,-0.0016030923284729081
2015-04-16,0.017226358597076406,0.017226358597076406,0.01559544715638505,0.01559544715638505,0.029163706679035888,0.029163706679035888,0.011064098570263775,0.011064098570263775,0.005741170974041149,0.005741170974041149,0.022752076350253357,0.022752076350253357,0.008679365785499911,0.008679365785499911,0.020624563501880966,0.020624563501880966,0.012441996580151202,0.012441996580151202,0.005572023902939439,0.005572023902939439,-0.012737994908567817,-0.012737994908567817,0.005572023902939439,0.005572023902939439,0.014904678006854287,0.014904678006854287
2015-04-17,0.009215824181821985,0.009215824181821985,0.005668565656212921,0.005668565656212921,0.007536065349067177,0.007536065349067177,0.01123506980340758,0.01123506980340758,-0.0036889836728183855,-0.0036889836728183855,0.012606411649265055,0.012606411649265055,0.008555206561757098,0.008555206561757098,0.0007016417102643571,0.0007016417102643571,0.008121935911525477,0.008121935911525477,0.01570905684438104,0.01570905684438104,0.0062263418674876015,0.0062263418674876015,0.01570905684438104,0.01570905684438104,0.007483921290042731,0.007483921290042731
2015-04-20,-0.03918827266083363,-0.03918827266083363,-0.023985436691991456,-0.023985436691991456,-0.025165595723546458,-0.025165595723546458,-0.02319208731940745,-0.02319208731940745,-0.025484866434130615,-0.025484866434130615,-0.028772120685902042,-0.028772120685902042,-0.024117584898544382,-0.024117584898544382,-0.024120813973978392,-0.024120813973978392,-0.021979293026600434,-0.021979293026600434,-0.02093813926038672,-0.02093813926038672,0.02130995442003457,0.02130995442003457,-0.02093813926038672,-0.02093813926038672,-0.02570989761343738,-0.02570989761343738
2015-04-21,0.0028277241592889885,0.0028277241592889885,-0.012841333050961157,-0.012841333050961157,-0.0016410910251299618,-0.0016410910251299618,-0.006551875685543586,-0.006551875685543586,-0.0025642431866983416,-0.0025642431866983416,-0.007041964749616086,-0.007041964749616086,-0.000581916682159414,-0.000581916682159414,-0.013389413681408975,-0.013389413681408975,0.009785112784716655,0.009785112784716655,0.004633453372508372,0.004633453372508372,0.0017354382400656234,0.0017354382400656234,0.004633453372508372,0.004633453372508372,-0.0028077126122532797,-0.0028077126122532797
2015-04-22,0.0070073316590907415,0.0070073316590907415,0.002225004960371035,0.002225004960371035,-0.009362118310854432,-0.009362118310854432,-0.01065126094666895,-0.01065126094666895,-0.0034727757393229067,-0.0034727757393229067,-0.004146100485388742,-0.004146100485388742,-0.004603194542894715,-0.004603194542894715,-0.0032688126502299266,-0.0032688126502299266,0.004385452088209881,0.004385452088209881,0.003933081040692484,0.003933081040692484,-0.0033197726981673984,-0.0033197726981673984,0.003933081040692484,0.003933081040692484,-0.0018416187890848536,-0.0018416187890848536
2015-04-23,-0.021490289522468366,-0.021490289522468366,-0.016432299174814962,-0.016432299174814962,-0.00587000361211777,-0.00587000361211777,-0.017630738913736108,-0.017630738913736108,-0.02689011325458088,-0.02689011325458088,-0.02136449408463005,-0.02136449408463005,-0.02934592700902721,-0.02934592700902721,-0.020015394159335193,-0.020015394159335193,-0.010556758042919275,-0.010556758042919275,-0.027157504186879712,-0.027157504186879712,-0.00507614687696937,-0.00507614687696937,-0.027157504186879712,-0.027157504186879712,-0.019588430247948572,-0.019588430247948572
2015-04-24,-0.0045382084219433,-0.0045382084219433,0.007079195006960516,0.007079195006960516,0.003877315305811639,0.003877315305811639,0.010567830021325154,0.010567830021325154,-0.003953494991897687,-0.003953494991897687,0.00803011979895554,0.00803011979895554,0.0028842541014726508,0.0028842541014726508,0.0011598095162679307,0.0011598095162679307,0.0031957355122273125,0.0031957355122273125,0.011956753957573304,0.011956753957573304,0.01662776126798827,0.01662776126798827,0.011956753957573304,0.011956753957573304,0.004000881181075699,0.004000881181075699
2015-04-27,0.017546190748829852,0.017546190748829852,0.02811029031948533,0.02811029031948533,0.019121232681129398,0.019121232681129398,0.013197854612188236,0.013197854612188236,0.020164619462066637,0.020164619462066637,0.012203772997967976,0.012203772997967976,0.014800259834443975,0.014800259834443975,0.013536572736060295,0.013536572736060295,0.015460775059389323,0.015460775059389323,0.016840600277095833,0.016840600277095833,-0.0010712886335554187,-0.0010712886335554187,0.016840600277095833,0.016840600277095833,0.01711925560506759,0.01711925560506759
2015-04-28,-0.0019179687091945277,-0.0019179687091945277,-0.005390853772680785,-0.005390853772680785,-0.009042971127431385,-0.009042971127431385,0.001012169883165713,0.001012169883165713,-0.009462543556842956,-0.009462543556842956,0.0018495125356059957,0.0018495125356059957,-0.009826562601683776,-0.009826562601683776,-0.01163014104530174,-0.01163014104530174,-0.010880599574258604,-0.010880599574258604,-0.007857258959751602,-0.007857258959751602,-0.005960756606852789,-0.005960756606852789,-0.007857258959751602,-0.007857258959751602,-0.006330970028388433,-0.006330970028388433
2015-04-29,-0.007303984296299798,-0.007303984296299798,0.002368488903251343,0.002368488903251343,0.004503321894132065,0.004503321894132065,0.004165054602650136,0.004165054602650136,-0.005385665823812566,-0.005385665823812566,0.01042631083900155,0.01042631083900155,0.0034300719943636893,0.0034300719943636893,0.008081776811218449,0.008081776811218449,0.008787119755735859,0.008787119755735859,0.007223891176008762,0.007223891176008762,0.014863668576961475,0.014863668576961475,0.007223891176008762,0.007223891176008762,0.003619622250515236,0.003619622250515236
2015-04-30,-0.008684990270168984,-0.008684990270168984,-0.012419838822210042,-0.012419838822210042,-0.01951272063860389,-0.01951272063860389,-0.011339957397333596,-0.011339957397333596,-0.0008957015876542534,-0.0008957015876542534,-0.02142824417605859,-0.02142824417605859,0.0026228586554118134,0.0026228586554118134,-0.006485535017234626,-0.006485535017234626,-0.015219623518199924,-0.015219623518199924,-0.01350551272392152,-0.01350551272392152,-0.0047112230761223095,-0.0047112230761223095,-0.01350551272392152,-0.01350551272392152,-0.010772784005938327,-0.010772784005938327
2015-05-01,-0.00340438450228453,-0.00377767987591886,-0.009791886344243661,-0.010505365901173631,-0.016252723970292315,-0.017138791094704845,-0.0027548241351623703,-0.0036626064768561614,-0.013515590127665567,-0.014556988857724145,0.002452498674292869,0.0011099513804054871,-0.007229225116860638,-0.008426931360968658,0.0052338636009612305,0.004351259474468795,-0.016608974293308987,-0.017662086167874017,-0.0021428414994988376,-0.0026837349440942213,0.0012782847792442986,0.00036539009878071684,-0.0021428414994988376,-0.0026837349440942213,-0.006397877316681955,-0.006484751798177536
2015-05-04,0.004056540738559331,0.004056540738559331,0.020061290969849283,0.020061290969849283,0.004998107295707498,0.004998107295707498,0.016033285999949482,0.016033285999949482,0.012851263941204954,0.012851263941204954,0.015190868733001983,0.015190868733001983,0.00879956101576188,0.00879956101576188,0.01291367620477097,0.01291367620477097,0.01764659390866456,0.01764659390866456,0.016281131598834264,0.016281131598834264,0.012198595053841198,0.012198595053841198,0.016281131598834264,0.016281131598834264,0.012883651923576444,0.012883651923576444
2015-05-05,-0.0001970839788953205,-0.0001970839788953205,-0.002461213353264406,-0.002461213353264406,-0.008716299216637365,-0.008716299216637365,-0.00873540817161188,-0.00873540817161188,-0.00010163484345182636,-0.00010163484345182636,-0.010935393651973182,-0.010935393651973182,-0.015825135820611083,-0.015825135820611083,-2.9698491570896712e-05,-2.9698491570896712e-05,0.0003169631058745157,0.0003169631058745157,0.0024106854262328434,0.0024106854262328434,0.0026094959339287935,0.0026094959339287935,0.0024106854262328434,0.0024106854262328434,-0.004420467772783132,-0.004420467772783132
2015-05-06,0.00613065127360249,0.00613065127360249,0.004497246264472038,0.004497246264472038,0.007101644192191631,0.007101644192191631,0.006210003837558493,0.006210003837558493,0.0004652592819392074,0.0004652592819392074,0.0018930973661133088,0.0018930973661133088,0.004539301795148847,0.004539301795148847,0.01607470464363539,0.01607470464363539,0.006340895260916928,0.006340895260916928,-0.0047336171983533674,-0.0047336171983533674,-0.010785378560293803,-0.010785378560293803,-0.0047336171983533674,-0.0047336171983533674,0.00485063827824164,0.00485063827824164
2015-05-07,-0.018381567937664083,-0.018381567937664083,-0.03504072300606327,-0.03504072300606327,-0.029969409353932143,-0.029969409353932143,-0.0162009478632859,-0.0162009478632859,-0.015920910528731173,-0.015920910528731173,-0.01149393630754823,-0.01149393630754823,-0.024186833564488235,-0.024186833564488235,-0.013794835857851167,-0.013794835857851167,-0.010923949907965887,-0.010923949907965887,-0.03466850982307238,-0.03466850982307238,-0.016495993355211996,-0.016495993355211996,-0.03466850982307238,-0.03466850982307238,-0.021030720809631587,-0.021030720809631587
2015-05-08,0.025521689832799177,0.025521689832799177,0.02992293247606888,0.02992293247606888,0.011334328041222433,0.011334328041222433,0.014264063765005469,0.014264063765005469,0.011181387675354808,0.011181387675354808,0.020589590113472847,0.020589590113472847,0.013991630736309515,0.013991630736309515,0.018171334875561454,0.018171334875561454,0.01667388638448008,0.01667388638448008,0.012215766859907398,0.012215766859907398,-0.013465579969472076,-0.013465579969472076,0.012215766859907398,0.012215766859907398,0.01740979826776207,0.01740979826776207
2015-05-11,-0.002534671835372361,-0.002534671835372361,0.011871460769942324,0.011871460769942324,-0.002153811957867827,-0.002153811957867827,0.010861684280206183,0.010861684280206183,0.007152873503668351,0.007152873503668351,0.004849352137079748,0.004849352137079748,0.004818280933919623,0.004818280933919623,0.0187016177226802,0.0187016177226802,0.00445967862019557,0.00445967862019557,0.013151791438959158,0.013151791438959158,0.015982336243224652,0.015982336243224652,0.013151791438959158,0.013151791438959158,0.007172345491972391,0.007172345491972391
2015-05-12,0.0056824109203126505,0.0056824109203126505,-0.005148854639931343,-0.005148854639931343,-0.00839155758813445,-0.00839155758813445,0.00252398497540957,0.00252398497540957,0.00036606406250315764,0.00036606406250315764,-0.0005638024532641237,-0.0005638024532641237,0.008310236010741903,0.008310236010741903,-0.009817025623719708,-0.009817025623719708,-0.0008881220374342899,-0.0008881220374342899,-0.010293833516612245,-0.010293833516612245,-0.016220828511301577,-0.016220828511301577,-0.010293833516612245,-0.010293833516612245,-0.001849126181605686,-0.001849126181605686
2015-05-13,0.013082283908221932,0.013082283908221932,0.014010118561259506,0.014010118561259506,0.00537315221020225,0.00537315221020225,0.00046996248788920385,0.00046996248788920385,-0.002294454306416039,-0.002294454306416039,0.003670338537398305,0.003670338537398305,0.0064758103682255,0.0064758103682255,0.006254072629805591,0.006254072629805591,0.010353956107998786,0.010353956107998786,0.011478316998127177,0.011478316998127177,-0.001977415128979809,-0.001977415128979809,0.011478316998127177,0.011478316998127177,0.0068901140547883806,0.0068901140547883806
2015-05-14,-0.0013206241795727762,-0.0013206241795727762,-0.01512653278577026,-0.01512653278577026,-0.0023159778119320722,-0.0023159778119320722,-0.013203227411425513,-0.013203227411425513,-0.008939415779963971,-0.008939415779963971,-0.007132736983367031,-0.007132736983367031,-0.016464303261464367,-0.016464303261464367,-0.006606474213621109,-0.006606474213621109,-0.009298235920899324,-0.009298235920899324,-0.00629566882202,-0.00629566882202,-0.0050951828745884956,-0.0050951828745884956,-0.00629566882202,-0.00629566882202,-0.008681039986014641,-0.008681039986014641
2015-05-15,0.010694667185977622,0.010694667185977622,-0.008869319436398418,-0.008869319436398418,0.0027482596026115365,0.0027482596026115365,0.0017662596980407477,0.0017662596980407477,0.02167016952732271,0.02167016952732271,-0.00466012084474455,-0.00466012084474455,0.00557425086479077,0.00557425086479077,0.004702754315609429,0.004702754315609429,0.01801008927154243,0.01801008927154243,0.01638313012842158,0.01638313012842158,0.005501780097397204,0.005501780097397204,0.01638313012842158,0.01638313012842158,0.0067831710562439,0.0067831710562439
2015-05-18,-0.0016982576582124387,-0.0016982576582124387,0.007504586065476894,0.007504586065476894,-0.003054931103318888,-0.003054931103318888,0.00261804397604206,0.00261804397604206,-0.004729769098718015,-0.004729769098718015,0.009532460322989395,0.009532460322989395,0.003514898524976711,0.003514898524976711,0.008539153822849324,0.008539153822849324,-0.00510733575542458,-0.00510733575542458,-0.012512911721537963,-0.012512911721537963,-0.011216875503017976,-0.011216875503017976,-0.012512911721537963,-0.012512911721537963,0.0004740500785127312,0.0004740500785127312
2015-05-19,0.00041538899836686665,0.00041538899836686665,-0.010352168450888821,-0.010352168450888821,-0.010985274437108377,-0.010985274437108377,-0.0008304894900113436,-0.0008304894900113436,0.0029607885723705873,0.0029607885723705873,-0.004073807157903675,-0.004073807157903675,-0.006328273757624242,-0.006328273757624242,-0.014811422033306501,-0.014811422033306501,-0.007558904755094261,-0.007558904755094261,0.00024523165586646124,0.00024523165586646124,-0.00019347183030514253,-0.00019347183030514253,0.00024523165586646124,0.00024523165586646124,-0.005144246285994746,-0.005144246285994746
2015-05-20,-0.002802043556064052,-0.002802043556064052,-0.0010721078764233337,-0.0010721078764233337,-0.006978968354934414,-0.006978968354934414,-0.0025990525609049958,-0.0025990525609049958,-0.013593517309263765,-0.013593517309263765,-0.0017970463805926052,-0.0017970463805926052,-0.006518634059623756,-0.006518634059623756,-0.009495173082245836,-0.009495173082245836,-0.013680996959392174,-0.013680996959392174,-0.008392665354264982,-0.008392665354264982,-0.0057063744396379235,-0.0057063744396379235,-0.008392665354264982,-0.008392665354264982,-0.006699678554769949,-0.006699678554769949
2015-05-21,0.0004143630210309288,0.0004143630210309288,-0.004280460919404188,-0.004280460919404188,-0.002120840683006908,-0.002120840683006908,0.002780100369245707,0.002780100369245707,0.00041901984691534414,0.00041901984691534414,-0.013377313781419908,-0.013377313781419908,-0.013233302869283732,-0.013233302869283732,-0.0022484750423176383,-0.0022484750423176383,-0.007350338145681851,-0.007350338145681851,-0.010468145236593156,-0.010468145236593156,-0.011313582319605196,-0.011313582319605196,-0.010468145236593156,-0.010468145236593156,-0.004923286710718475,-0.004923286710718475
2015-05-22,0.005230157198659197,0.005230157198659197,-0.003997957183102002,-0.003997957183102002,0.0031671583132711323,0.0031671583132711323,0.003115941659655793,0.003115941659655793,0.005912388728958214,0.005912388728958214,-0.003256290939107076,-0.003256290939107076,0.006629559133445472,0.006629559133445472,0.00584342073209811,0.00584342073209811,0.003931665563948021,0.003931665563948021,0.0013247591329231768,0.0013247591329231768,-0.004358984382911348,-0.004358984382911348,0.0013247591329231768,0.0013247591329231768,0.002798266861713964,0.002798266861713964
2015-05-25,-0.0005859669247677019,-0.0005859669247677019,0.01511653170735128,0.01511653170735128,0.011459591757543464,0.011459591757543464,0.014573696500016647,0.014573696500016647,0.008823671230356107,0.008823671230356107,-0.004131518704348809,-0.004131518704348809,-0.0018009559214116038,-0.0018009559214116038,0.008357014892699187,0.008357014892699187,0.006064298063934755,0.006064298063934755,0.0030268550972379783,0.0030268550972379783,0.0038108335655635713,0.0038108335655635713,0.0030268550972379783,0.0030268550972379783,0.0060722524863234175,0.0060722524863234175
2015-05-26,0.008365551959187983,0.008365551959187983,0.009525521792374834,0.009525521792374834,0.004333826967076652,0.004333826967076652,0.007114475272948362,0.007114475272948362,0.005878230127717474,0.005878230127717474,-0.008058521097939916,-0.008058521097939916,-0.005797038062950614,-0.005797038062950614,0.009904402095605658,0.009904402095605658,-0.0063686541070619015,-0.0063686541070619015,0.005540578430693057,0.005540578430693057,-0.003437320432937369,-0.003437320432937369,0.005540578430693057,0.005540578430693057,0.0031269421659420107,0.0031269421659420107
2015-05-27,-0.005321826616061466,-0.005321826616061466,0.00383109319797514,0.00383109319797514,0.003966935093922622,0.003966935093922622,-0.002304099969665527,-0.002304099969665527,0.003098011946894565,0.003098011946894565,-0.0021232124770441995,-0.0021232124770441995,-0.0014308282504666885,-0.0014308282504666885,0.008294408197831973,0.008294408197831973,0.001279558638540908,0.001279558638540908,0.014849262441511227,0.014849262441511227,0.02157579474139381,0.02157579474139381,0.014849262441511227,0.014849262441511227,0.0023975968062850956,0.0023975968062850956
2015-05-28,-0.004261625152410667,-0.004261625152410667,-0.007828996794919189,-0.007828996794919189,0.009347729191800502,0.009347729191800502,0.014054627514491037,0.014054627514491037,0.011550440097568483,0.011550440097568483,-0.01561472076718565,-0.01561472076718565,0.009871562098152457,0.009871562098152457,0.007122225799610026,0.007122225799610026,0.007409163467814698,0.007409163467814698,0.007725983847674457,0.007725983847674457,0.012711863639029725,0.012711863639029725,0.007725983847674457,0.007725983847674457,0.003942402753362235,0.003942402753362235
2015-05-29,0.006856406498225993,0.006856406498225993,0.002489993147642382,0.002489993147642382,-0.0055452825713435605,-0.0055452825713435605,-0.005762259873042314,-0.005762259873042314,-0.0019328704131590059,-0.0019328704131590059,-0.0001187293239465234,-0.0001187293239465234,-0.01449825593467482,-0.01449825593467482,-0.003806271439692616,-0.003806271439692616,-0.010487235546737549,-0.010487235546737549,-0.0028680840168585414,-0.0028680840168585414,-0.010307077123966304,-0.010307077123966304,-0.0028680840168585414,-0.0028680840168585414,-0.00351078751084657,-0.00351078751084657
2015-06-01,0.023270850678521304,0.022897937069586018,0.03394030107507917,0.03305591046430731,0.015227461624355954,0.013863750307694968,0.025706744249742508,0.024700771923430766,0.03425485461903288,0.03291021399597562,0.017400557283001383,0.015888724626306378,0.02693905984678957,0.02572753659396972,0.023177450700848645,0.02216518008595022,0.017246999232640947,0.015909685210831165,0.02203651888523983,0.02132549204003547,-0.0012746384445908587,-0.002431778928548573,0.02203651888523983,0.02132549204003547,0.023921494169444113,0.023845791423356577
2015-06-02,-0.01437462363484645,-0.01437462363484645,-0.00674273256258889,-0.00674273256258889,-0.011304120482467565,-0.011304120482467565,-0.008579020834018385,-0.008579020834018385,-0.007852113392832951,-0.007852113392832951,-0.016884951616918317,-0.016884951616918317,-0.02258861782057257,-0.02258861782057257,-0.01271640659386939,-0.01271640659386939,-0.022278208455488262,-0.022278208455488262,-0.011366427239037146,-0.011366427239037146,0.0030789333434617424,0.0030789333434617424,-0.011366427239037146,-0.011366427239037146,-0.013452743070288351,-0.013452743070288351
2015-06-03,0.003604146378989713,0.003604146378989713,0.025770005522328436,0.025770005522328436,0.002010772689375811,0.002010772689375811,0.016313228484373773,0.016313228484373773,0.015613067487361559,0.015613067487361559,0.026992123452487145,0.026992123452487145,0.003960889890655805,0.003960889890655805,0.0042641116529441945,0.0042641116529441945,0.004966745759030216,0.004966745759030216,0.010525395049692333,0.010525395049692333,0.006988738780712043,0.006988738780712043,0.010525395049692333,0.010525395049692333,0.011439562178504621,0.011439562178504621
2015-06-04,0.015059654478525907,0.015059654478525907,0.01402168648957924,0.01402168648957924,0.011521679706579753,0.011521679706579753,0.018050037804758744,0.018050037804758744,0.014659640261130338,0.014659640261130338,0.008024240435613575,0.008024240435613575,0.014659449079529627,0.014659449079529627,0.03065845752930302,0.03065845752930302,0.019153807202195137,0.019153807202195137,0.018653267648192577,0.018653267648192577,0.0037845055055478576,0.0037845055055478576,0.018653267648192577,0.018653267648192577,0.01642966449433396,0.01642966449433396
2015-06-05,0.010448559941616005,0.010448559941616005,-0.0014024419935338536,-0.0014024419935338536,0.005855536285849262,0.005855536285849262,-0.005003818921445308,-0.005003818921445308,-0.01119797155037407,-0.01119797155037407,-0.002462899200850642,-0.002462899200850642,-0.0046514650484907275,-0.0046514650484907275,-0.008459513175828996,-0.008459513175828996,-0.01130445553779622,-0.01130445553779622,0.007480670717862084,0.007480670717862084,-0.002905119407876168,-0.002905119407876168,0.007480670717862084,0.007480670717862084,-0.002097502629882811,-0.002097502629882811
2015-06-08,0.02979945295382679,0.02979945295382679,0.02168569765209894,0.02168569765209894,0.015215736498056694,0.015215736498056694,0.02966936530008448,0.02966936530008448,0.02575061912610726,0.02575061912610726,0.03708612815941806,0.03708612815941806,0.025032784069955905,0.025032784069955905,0.013631446717003998,0.013631446717003998,0.02881964252619376,0.02881964252619376,0.01450969153148591,0.01450969153148591,-0.01554242528189347,-0.01554242528189347,0.01450969153148591,0.01450969153148591,0.024097354871944594,0.024097354871944594
2015-06-09,0.002556747305444255,0.002556747305444255,0.0221678168241873,0.0221678168241873,0.007369157528427631,0.007369157528427631,0.002472566862031576,0.002472566862031576,0.008299028400781748,0.008299028400781748,0.020619986032466626,0.020619986032466626,0.005887714122758904,0.005887714122758904,0.016433044338923113,0.016433044338923113,0.018258518337363645,0.018258518337363645,0.008596228862767508,0.008596228862767508,0.006444348682250614,0.006444348682250614,0.008596228862767508,0.008596228862767508,0.011276946430618398,0.011276946430618398
2015-06-10,0.0029427787683059315,0.0029427787683059315,0.012394899086436555,0.012394899086436555,0.0024954155462537948,0.0024954155462537948,-0.0006890072088835495,-0.0006890072088835495,0.017429943409743916,0.017429943409743916,0.015729350232397427,0.015729350232397427,0.008637716220835,0.008637716220835,-0.0013545233658209636,-0.0013545233658209636,0.006274015395570773,0.006274015395570773,0.005540711334261358,0.005540711334261358,0.0027879531362036167,0.0027879531362036167,0.005540711334261358,0.005540711334261358,0.00699111880571981,0.00699111880571981
2015-06-11,0.0034351348911216308,0.0034351348911216308,0.003017981416061359,0.003017981416061359,0.004655464028022085,0.004655464028022085,0.0007794137502475438,0.0007794137502475438,0.005920067924666031,0.005920067924666031,-0.007228790797353746,-0.007228790797353746,0.003844108377150753,0.003844108377150753,0.0009760975240066091,0.0009760975240066091,-0.006963761972413476,-0.006963761972413476,0.006756193878286794,0.006756193878286794,0.003582769262649039,0.003582769262649039,0.006756193878286794,0.006756193878286794,0.0015105859692637787,0.0015105859692637787
2015-06-12,0.005388700933291737,0.005388700933291737,0.0017909601108366115,0.0017909601108366115,-0.00233118493435928,-0.00233118493435928,0.0032770602828691227,0.0032770602828691227,-0.0009335441272083798,-0.0009335441272083798,0.004954357959335054,0.004954357959335054,0.00010953268233971378,0.00010953268233971378,0.01124228231124479,0.01124228231124479,-0.010667596033538411,-0.010667596033538411,0.009193263023504327,0.009193263023504327,0.004142734215647756,0.004142734215647756,0.009193263023504327,0.009193263023504327,0.0022362674593184428,0.0022362674593184428
2015-06-15,-0.001793908709383132,-0.001793908709383132,-0.013433161784943231,-0.013433161784943231,0.0018247653747626214,0.0018247653747626214,-0.004962905775418358,-0.004962905775418358,0.009199215211266328,0.009199215211266328,-0.008278409198907067,-0.008278409198907067,0.01184529129325435,0.01184529129325435,-0.00611662246788487,-0.00611662246788487,0.006372950201601763,0.006372950201601763,0.006034231281631336,0.006034231281631336,0.008457586484949424,0.008457586484949424,0.006034231281631336,0.006034231281631336,-3.5820379546407316e-05,-3.5820379546407316e-05
2015-06-16,0.0020585810385827367,0.0020585810385827367,0.0036380995721222494,0.0036380995721222494,0.0015258619479436312,0.0015258619479436312,0.008163570924477372,0.008163570924477372,0.0005397396688795468,0.0005397396688795468,-0.006091991451990507,-0.006091991451990507,0.006122109457481763,0.006122109457481763,0.008892929203511712,0.008892929203511712,-0.003090132545341054,-0.003090132545341054,-0.007772600655286364,-0.007772600655286364,-0.010581368305394488,-0.010581368305394488,-0.007772600655286364,-0.007772600655286364,0.0013776286220265812,0.0013776286220265812
2015-06-17,0.02418788421824709,0.02418788421824709,0.015527283697209413,0.015527283697209413,0.017812753451808532,0.017812753451808532,0.011527581002524604,0.011527581002524604,0.016087858122996186,0.016087858122996186,0.01584846397438704,0.01584846397438704,0.011372506412604367,0.011372506412604367,0.024058975662748904,0.024058975662748904,0.006335403699819964,0.006335403699819964,0.026119916435616248,0.026119916435616248,0.002330080119920865,0.002330080119920865,0.026119916435616248,0.026119916435616248,0.01692186063420755,0.01692186063420755
2015-06-18,0.002078436439543384,0.002078436439543384,0.007812190643651979,0.007812190643651979,0.016656675033483496,0.016656675033483496,-0.00708229752367967,-0.00708229752367967,-0.0007321956734731728,-0.0007321956734731728,0.005548050583013427,0.005548050583013427,-0.0024284748508303427,-0.0024284748508303427,0.002365501099962029,0.002365501099962029,0.017236016077473014,0.017236016077473014,0.004703117405459449,0.004703117405459449,0.0029367565091832134,0.0029367565091832134,0.004703117405459449,0.004703117405459449,0.004530682759840219,0.004530682759840219
2015-06-19,0.0074140465193170526,0.0074140465193170526,-0.019831396638790195,-0.019831396638790195,-0.02242005423080889,-0.02242005423080889,-0.012198979756001758,-0.012198979756001758,-0.024404801182633204,-0.024404801182633204,-0.022380510000658844,-0.022380510000658844,-0.017017563110954318,-0.017017563110954318,-0.014824164535700832,-0.014824164535700832,-0.010820524838326833,-0.010820524838326833,-0.01195045851652703,-0.01195045851652703,-0.021408547215697293,-0.021408547215697293,-0.01195045851652703,-0.01195045851652703,-0.014874735825093535,-0.014874735825093535
2015-06-22,0.003712813408597007,0.003712813408597007,0.0009482371621270594,0.0009482371621270594,0.00042229081697058566,0.00042229081697058566,-0.008552177471840923,-0.008552177471840923,0.0020034703561292444,0.0020034703561292444,0.0034237258653222235,0.0034237258653222235,0.007795009592234941,0.007795009592234941,-0.00036824560134166755,-0.00036824560134166755,0.014719041854906904,0.014719041854906904,0.0016581542628824257,0.0016581542628824257,-0.0023298067272665493,-0.0023298067272665493,0.0016581542628824257,0.0016581542628824257,0.0025446862799193824,0.0025446862799193824
2015-06-23,0.011828117306341791,0.011828117306341791,0.012229396033958374,0.012229396033958374,0.014683787375485834,0.014683787375485834,0.011891854502231278,0.011891854502231278,0.008548336771877926,0.008548336771877926,0.019064856802561706,0.019064856802561706,0.005714539403785706,0.005714539403785706,0.007254370942236308,0.007254370942236308,0.014482663966103848,0.014482663966103848,-0.0015587244888323737,-0.0015587244888323737,-0.01518606462986366,-0.01518606462986366,-0.0015587244888323737,-0.0015587244888323737,0.010380150065157703,0.010380150065157703
2015-06-24,0.006532601089010598,0.006532601089010598,0.009516274404987944,0.009516274404987944,0.003509630362753681,0.003509630362753681,0.0031031677773536697,0.0031031677773536697,0.00226764125642189,0.00226764125642189,0.0007636125403017195,0.0007636125403017195,0.008918721669091412,0.008918721669091412,0.005806366954765029,0.005806366954765029,0.0041621297607298,0.0041621297607298,0.007804662000672652,0.007804662000672652,0.0012928695220220839,0.0012928695220220839,0.007804662000672652,0.007804662000672652,0.0052559029218145255,0.0052559029218145255
2015-06-25,0.006098125035833202,0.006098125035833202,-0.008032141252928629,-0.008032141252928629,0.009733800110280914,0.009733800110280914,0.012360687313967795,0.012360687313967795,0.0027985100552473685,0.0027985100552473685,0.012891730217840926,0.012891730217840926,0.001838871955464535,0.001838871955464535,0.0017974400078188506,0.0017974400078188506,0.004673644163749412,0.004673644163749412,0.0037585100007776254,0.0037585100007776254,-0.0028307064841457735,-0.0028307064841457735,0.0037585100007776254,0.0037585100007776254,0.004723898079875456,0.004723898079875456
2015-06-26,0.004339722829140025,0.004339722829140025,-0.0052652893920087564,-0.0052652893920087564,-0.000489068498311673,-0.000489068498311673,-0.0028226712002795496,-0.0028226712002795496,-0.014295216505770925,-0.014295216505770925,0.008854065043446437,0.008854065043446437,-0.0033096789041139906,-0.0033096789041139906,-0.008426411449662321,-0.008426411449662321,-0.016720954441743208,-0.016720954441743208,-0.009045215986979407,-0.009045215986979407,-0.015601183372796527,-0.015601183372796527,-0.009045215986979407,-0.009045215986979407,-0.004677714758978257,-0.004677714758978257
2015-06-29,-0.009762855817728726,-0.009762855817728726,-0.006158605381786496,-0.006158605381786496,-0.0061348630696538686,-0.0061348630696538686,-0.0027891024377217125,-0.0027891024377217125,-0.005416203917039956,-0.005416203917039956,-0.0019112793097946952,-0.0019112793097946952,-0.012205078280907288,-0.012205078280907288,-0.017389674433531416,-0.017389674433531416,-0.01189704536665094,-0.01189704536665094,0.005491032028178321,0.005491032028178321,0.01818146901620668,0.01818146901620668,0.005491032028178321,0.005491032028178321,-0.006787084888895819,-0.006787084888895819
2015-06-30,-0.010287437594969605,-0.010287437594969605,-0.0014652741905458277,-0.0014652741905458277,-0.004274377943488092,-0.004274377943488092,-0.007257633561523364,-0.007257633561523364,-0.013925005533297882,-0.013925005533297882,-0.00439197314582951,-0.00439197314582951,-0.0131493078057765,-0.0131493078057765,-0.0042693510714019375,-0.0042693510714019375,0.0007543102932692904,0.0007543102932692904,0.00264245602519953,0.00264245602519953,0.015117414438417553,0.015117414438417553,0.00264245602519953,0.00264245602519953,-0.00555710415405895,-0.00555710415405895
2015-07-01,-0.026540567792337377,-0.02696726037716081,-0.02134333637561059,-0.022066123011962754,-0.01719948323999443,-0.01838066718585922,-0.021172292073675325,-0.022564449093554883,-0.023930647696587815,-0.025118775099705906,-0.01415773824044686,-0.015702437393497068,-0.019156901260867998,-0.020503180580150288,-0.010073589554451812,-0.011098695409442581,-0.010750380103007329,-0.01163954801903861,-0.0028464392244478276,-0.0035316185309494158,0.023753124332396514,0.022469437968214327,-0.0028464392244478276,-0.0035316185309494158,-0.016721355004830074,-0.016801706054634498
2015-07-02,0.013682286638900107,0.013682286638900107,0.002695515851055272,0.002695515851055272,-0.003805995587969529,-0.003805995587969529,-0.004424308441397086,-0.004424308441397086,0.003120165567886902,0.003120165567886902,0.01573391079889902,0.01573391079889902,0.012972776782000905,0.012972776782000905,0.004211444079157368,0.004211444079157368,0.010434142253926484,0.010434142253926484,-0.002250658394710237,-0.002250658394710237,-0.015204947549186096,-0.015204947549186096,-0.002250658394710237,-0.002250658394710237,0.005228715710744481,0.005228715710744481
2015-07-03,-0.0011072653054557077,-0.0011072653054557077,0.0037515245612014243,0.0037515245612014243,0.009428677205573662,0.009428677205573662,0.001760152238025445,0.001760152238025445,0.0030499400095233024,0.0030499400095233024,0.00914046304259605,0.00914046304259605,-0.0033957075135323976,-0.0033957075135323976,-0.0058803673738166235,-0.0058803673738166235,-0.008344439700520317,-0.008344439700520317,0.007335188381806666,0.007335188381806666,0.00832138963837742,0.00832138963837742,0.007335188381806666,0.007335188381806666,0.0015600095714966749,0.0015600095714966749
2015-07-06,-0.008663082860134577,-0.008663082860134577,0.007328355876760197,0.007328355876760197,-0.008944704188405341,-0.008944704188405341,0.012024346834352117,0.012024346834352117,-0.00016748049057148124,-0.00016748049057148124,-0.004171416564288639,-0.004171416564288639,0.0038826714140841965,0.0038826714140841965,-0.0015529429863772389,-0.0015529429863772389,-0.014959330061321371,-0.014959330061321371,0.007648869501534967,0.007648869501534967,0.015941285483842417,0.015941285483842417,0.007648869501534967,0.007648869501534967,-0.0007748918026245742,-0.0007748918026245742
2015-07-07,-0.03244963380359698,-0.03244963380359698,-0.02787039716933184,-0.02787039716933184,-0.03419067800782828,-0.03419067800782828,-0.034260348452642884,-0.034260348452642884,-0.021463391089829812,-0.021463391089829812,-0.026328599464155816,-0.026328599464155816,-0.02111553896813389,-0.02111553896813389,-0.03619221696381005,-0.03619221696381005,-0.0441936173261602,-0.0441936173261602,-0.022912461473797694,-0.022912461473797694,0.008308192257829257,0.008308192257829257,-0.022912461473797694,-0.022912461473797694,-0.03005119691091849,-0.03005119691091849
2015-07-08,-0.016222012303902418,-0.016222012303902418,-0.010548539292649258,-0.010548539292649258,-0.019233747917463663,-0.019233747917463663,-0.01930924924638943,-0.01930924924638943,-0.008122926748730283,-0.008122926748730283,-0.015085277570701563,-0.015085277570701563,-0.016667943167175226,-0.016667943167175226,-0.01659152310137965,-0.01659152310137965,-0.018870324390688715,-0.018870324390688715,-0.003964900935250805,-0.003964900935250805,0.01097486361418867,0.01097486361418867,-0.003964900935250805,-0.003964900935250805,-0.014407099226760929,-0.014407099226760929
2015-07-09,0.0217941433085461,0.0217941433085461,0.009909472476634873,0.009909472476634873,0.021210372677471712,0.021210372677471712,0.006004317134846601,0.006004317134846601,0.008753120919263354,0.008753120919263354,0.011629546104659529,0.011629546104659529,0.029166775771304467,0.029166775771304467,0.01602510680443201,0.01602510680443201,0.020672912826710528,0.020672912826710528,0.01431436621986992,0.01431436621986992,-0.005897958900372162,-0.005897958900372162,0.01431436621986992,0.01431436621986992,0.01591179264046877,0.01591179264046877
2015-07-10,-0.0029600496729695774,-0.0029600496729695774,-0.010343942702113605,-0.010343942702113605,-0.003883806625675486,-0.003883806625675486,-0.007618433292763899,-0.007618433292763899,-0.014128063462826468,-0.014128063462826468,-0.016440614028717306,-0.016440614028717306,-0.003970108738656786,-0.003970108738656786,-0.002761100352622836,-0.002761100352622836,-0.010294199769095055,-0.010294199769095055,-0.009501006010767215,-0.009501006010767215,-0.0063598372505176875,-0.0063598372505176875,-0.009501006010767215,-0.009501006010767215,-0.008213415676706365,-0.008213415676706365
2015-07-13,0.006302804198764633,0.006302804198764633,0.0001488129330293046,0.0001488129330293046,0.002938999911878808,0.002938999911878808,-0.00834190842242274,-0.00834190842242274,-0.012236488824373564,-0.012236488824373564,-0.009409357791819374,-0.009409357791819374,0.006538625811941258,0.006538625811941258,0.0043605732771925905,0.0043605732771925905,0.007112974366617696,0.007112974366617696,-0.011153718212102778,-0.011153718212102778,-0.01633311602880078,-0.01633311602880078,-0.011153718212102778,-0.011153718212102778,-0.001408964817941839,-0.001408964817941839
2015-07-14,-0.010902199663561818,-0.010902199663561818,-0.01248290715500562,-0.01248290715500562,-0.00498834293744036,-0.00498834293744036,-0.009055631111587914,-0.009055631111587914,-0.010673572029438251,-0.010673572029438251,-0.01575693130894051,-0.01575693130894051,-0.009913880821661582,-0.009913880821661582,-0.014882732960512915,-0.014882732960512915,-0.004672220425313388,-0.004672220425313388,-0.006190583669465448,-0.006190583669465448,0.004256825015037242,0.004256825015037242,-0.006190583669465448,-0.006190583669465448,-0.009957202647683249,-0.009957202647683249
2015-07-15,0.009494694682682015,0.009494694682682015,0.018624564436801272,0.018624564436801272,0.02134501761277767,0.02134501761277767,0.014622146241277122,0.014622146241277122,0.012840692470774257,0.012840692470774257,0.012894340848549714,0.012894340848549714,0.025732496764840712,0.025732496764840712,0.01151047137039981,0.01151047137039981,0.016344884070348308,0.016344884070348308,0.014132809037169796,0.014132809037169796,0.0046284587632948355,0.0046284587632948355,0.014132809037169796,0.014132809037169796,0.01579702779147201,0.01579702779147201
2015-07-16,-0.006962710010822843,-0.006962710010822843,-1.1523687233835206e-05,-1.1523687233835206e-05,-0.007274823780216099,-0.007274823780216099,0.00903475134637316,0.00903475134637316,-0.0010542151248830955,-0.0010542151248830955,0.0024388916084649138,0.0024388916084649138,-0.003504881709773529,-0.003504881709773529,0.0062559763805476055,0.0062559763805476055,-0.020442887663443814,-0.020442887663443814,-0.0008222809794682711,-0.0008222809794682711,0.005640826222304038,0.005640826222304038,-0.0008222809794682711,-0.0008222809794682711,-0.002254961848527453,-0.002254961848527453
2015-07-17,-0.0031701319645192957,-0.0031701319645192957,-0.007287877201833033,-0.007287877201833033,-0.008024021762843687,-0.008024021762843687,0.0005387036338268467,0.0005387036338268467,0.00441868001559615,0.00441868001559615,0.016194316288791484,0.016194316288791484,-0.0016823981543439355,-0.0016823981543439355,0.003575605601404513,0.003575605601404513,0.010852956582878468,0.010852956582878468,0.0053367802282341704,0.0053367802282341704,0.007943695432057588,0.007943695432057588,0.0053367802282341704,0.0053367802282341704,0.0020297073175919484,0.0020297073175919484
2015-07-20,0.016417136178082666,0.016417136178082666,0.02000707977641807,0.02000707977641807,0.030620368428669983,0.030620368428669983,0.025356244977088212,0.025356244977088212,0.017351008261654838,0.017351008261654838,0.02445832395701266,0.02445832395701266,0.017032746907183982,0.017032746907183982,0.02835868170105851,0.02835868170105851,0.02650528490666659,0.02650528490666659,0.03419887824068722,0.03419887824068722,0.017516500687703065,0.017516500687703065,0.03419887824068722,0.03419887824068722,0.024043727366284247,0.024043727366284247
2015-07-21,0.025809856536397856,0.025809856536397856,0.01790262117109146,0.01790262117109146,0.008568560508204712,0.008568560508204712,0.012125602429970081,0.012125602429970081,0.021801168404195697,0.021801168404195697,0.024053198880818173,0.024053198880818173,0.011161984425803814,0.011161984425803814,0.011653174574412149,0.011653174574412149,0.02401644382221997,0.02401644382221997,0.02822644634767305,0.02822644634767305,0.003872193647736324,0.003872193647736324,0.02822644634767305,0.02822644634767305,0.018529224230270425,0.018529224230270425
2015-07-22,-0.004365342908076235,-0.004365342908076235,-0.009541305009006195,-0.009541305009006195,-0.004749454628546378,-0.004749454628546378,-0.007252922606754613,-0.007252922606754613,0.0016395555962863155,0.0016395555962863155,-0.016061340530050282,-0.016061340530050282,-0.004606656152652275,-0.004606656152652275,-0.008082486100576096,-0.008082486100576096,-0.013107180847239707,-0.013107180847239707,-0.010301994151615331,-0.010301994151615331,-0.006117347233626016,-0.006117347233626016,-0.010301994151615331,-0.010301994151615331,-0.007678826307145956,-0.007678826307145956
2015-07-23,-0.011278504376104719,-0.011278504376104719,-0.008516197006213968,-0.008516197006213968,-0.007392011736886044,-0.007392011736886044,-0.011485102851191052,-0.011485102851191052,-0.0064372887536196365,-0.0064372887536196365,-0.017107382127558073,-0.017107382127558073,-0.015331828078801076,-0.015331828078801076,-6.961480293443505e-05,-6.961480293443505e-05,-0.015094425578058793,-0.015094425578058793,-0.01028417522069984,-0.01028417522069984,0.0003199444188666633,0.0003199444188666633,-0.01028417522069984,-0.01028417522069984,-0.010316669094019364,-0.010316669094019364
2015-07-24,0.000774236007259079,0.000774236007259079,-0.0052440694104253695,-0.0052440694104253695,-0.00507168644196234,-0.00507168644196234,-0.002641552222081049,-0.002641552222081049,-0.004415816291096703,-0.004415816291096703,-0.00348654873953121,-0.00348654873953121,-0.009960310847803727,-0.009960310847803727,0.008167521261020227,0.008167521261020227,-0.0033981555295564767,-0.0033981555295564767,-0.0057398434052624925,-0.0057398434052624925,-0.006267295207412116,-0.006267295207412116,-0.0057398434052624925,-0.0057398434052624925,-0.0031251943057453487,-0.0031251943057453487
2015-07-27,-0.0019022291365438804,-0.0019022291365438804,-0.0028025574161657306,-0.0028025574161657306,0.01796540398055497,0.01796540398055497,0.013417919706417973,0.013417919706417973,0.013776570125005338,0.013776570125005338,0.00395339763196772,0.00395339763196772,0.0020308727237974286,0.0020308727237974286,0.011263266263807008,0.011263266263807008,0.016920424539972913,0.016920424539972913,0.01321704903385496,0.01321704903385496,0.014559430534679962,0.014559430534679962,0.01321704903385496,0.01321704903385496,0.008774478113339465,0.008774478113339465
2015-07-28,0.01017255526116518,0.01017255526116518,-0.013092536149624207,-0.013092536149624207,0.005826576949268912,0.005826576949268912,0.007478605774845063,0.007478605774845063,0.007940670245699045,0.007940670245699045,0.014606180167233716,0.014606180167233716,-0.0056090911392547614,-0.0056090911392547614,-0.0007564349756465083,-0.0007564349756465083,-0.0033256889549876318,-0.0033256889549876318,-0.006317580922638113,-0.006317580922638113,-0.015296175817290108,-0.015296175817290108,-0.006317580922638113,-0.006317580922638113,0.0016425846685447394,0.0016425846685447394
2015-07-29,0.004507762682637617,0.004507762682637617,-0.017749216776055024,-0.017749216776055024,-0.005558168273420775,-0.005558168273420775,-0.004909011831548896,-0.004909011831548896,0.001795646298593964,0.001795646298593964,-0.007312961607610931,-0.007312961607610931,-0.0071545854324305035,-0.0071545854324305035,-0.0018819515399995026,-0.0018819515399995026,0.010799520000986815,0.010799520000986815,-0.000823889450371608,-0.000823889450371608,-0.004977728756219775,-0.004977728756219775,-0.000823889450371608,-0.000823889450371608,-0.002807975366714662,-0.002807975366714662
2015-07-30,0.005987514416505742,0.005987514416505742,0.016814246473670403,0.016814246473670403,0.028700378910777542,0.028700378910777542,0.013173151421589584,0.013173151421589584,0.0030654795275200626,0.0030654795275200626,0.011388249973064788,0.011388249973064788,0.014602237971011357,0.014602237971011357,0.002508203457921654,0.002508203457921654,0.004150767960700441,0.004150767960700441,0.024346456052182587,0.024346456052182587,0.018292992495564174,0.018292992495564174,0.024346456052182587,0.024346456052182587,0.012490549705796753,0.012490549705796753
2015-07-31,0.005688563079293415,0.005688563079293415,0.0010435689175485885,0.0010435689175485885,-0.0042578427218438394,-0.0042578427218438394,0.0052341271240091206,0.0052341271240091206,-0.0064812237650283405,-0.0064812237650283405,-2.35071378334895e-05,-2.35071378334895e-05,0.0032519200008540106,0.0032519200008540106,-0.0015724893458391532,-0.0015724893458391532,0.009689022594518547,0.009689022594518547,-0.009659033938341603,-0.009659033938341603,-0.014785301088380458,-0.014785301088380458,-0.009659033938341603,-0.009659033938341603,0.000191398831398537,0.000191398831398537
2015-08-03,0.038796190398530994,0.038371862241417365,0.01655815112246084,0.015855368991511836,0.029759787271181004,0.02906556053054451,0.02069861690714614,0.019510057880378833,0.018143784799506513,0.01662576497318026,0.01292293318477511,0.011209983743906415,0.037894082475081525,0.036544035335310435,0.02391094312977815,0.02255445528573648,0.016724339526082987,0.01568239945073949,0.019751442180232504,0.019214687768247175,-0.019201556523788854,-0.02013387824564261,0.019751442180232504,0.019214687768247175,0.023531340428200043,0.023451482262947795
2015-08-04,-0.007649034415583254,-0.007649034415583254,0.0013820830298418624,0.0013820830298418624,0.0014947864152398634,0.0014947864152398634,-0.008613420817265495,-0.008613420817265495,-0.002843597135409128,-0.002843597135409128,-0.003935010284052525,-0.003935010284052525,0.013810491498165841,0.013810491498165841,0.0008530517034347168,0.0008530517034347168,0.0021981430011934417,0.0021981430011934417,0.0005958632644622081,0.0005958632644622081,0.00874494180417952,0.00874494180417952,0.0005958632644622081,0.0005958632644622081,-0.000256139200788559,-0.000256139200788559
2015-08-05,0.023260819005889517,0.023260819005889517,0.021043433386596935,0.021043433386596935,0.016281912163429987,0.016281912163429987,0.02169766663767514,0.02169766663767514,0.015048077400670035,0.015048077400670035,0.01771451996767088,0.01771451996767088,0.0261878598551425,0.0261878598551425,0.022616191825581604,0.022616191825581604,0.012237045295503535,0.012237045295503535,0.01829507387819862,0.01829507387819862,-0.005426077837806947,-0.005426077837806947,0.01829507387819862,0.01829507387819862,0.01946529325703546,0.01946529325703546
2015-08-06,0.011792322624769754,0.011792322624769754,0.012194110393803822,0.012194110393803822,0.015881313484397676,0.015881313484397676,0.003572773453778924,0.003572773453778924,0.004488305138245613,0.004488305138245613,-0.0023249471206210626,-0.0023249471206210626,0.0013766948071518143,0.0013766948071518143,0.006782018670335283,0.006782018670335283,0.00722266137332562,0.00722266137332562,0.013566957111634317,0.013566957111634317,0.001657142683561444,0.001657142683561444,0.013566957111634317,0.013566957111634317,0.007460615970474038,0.007460615970474038
2015-08-07,0.014818772705045799,0.014818772705045799,0.0032100628924278357,0.0032100628924278357,-0.0027120113009559974,-0.0027120113009559974,0.0076198290569422285,0.0076198290569422285,0.008298153953415505,0.008298153953415505,0.01207743137338446,0.01207743137338446,0.010818635494606847,0.010818635494606847,0.004695947998443939,0.004695947998443939,0.004403071499359354,0.004403071499359354,-0.0008902219752673938,-0.0008902219752673938,-0.017044715423251332,-0.017044715423251332,-0.0008902219752673938,-0.0008902219752673938,0.006230439910437346,0.006230439910437346
2015-08-10,-0.01838356205051647,-0.01838356205051647,-0.015061168666684136,-0.015061168666684136,-0.0025884452408081056,-0.0025884452408081056,-0.0029387576869599284,-0.0029387576869599284,-0.009957778634338166,-0.009957778634338166,-0.016195432871090668,-0.016195432871090668,-0.01589057658270544,-0.01589057658270544,0.0005310982955859054,0.0005310982955859054,0.004312749597224284,0.004312749597224284,-0.004452400207481607,-0.004452400207481607,0.01577269740958866,0.01577269740958866,-0.004452400207481607,-0.004452400207481607,-0.008115861493669708,-0.008115861493669708
2015-08-11,-0.008820244271618472,-0.008820244271618472,-0.006065486967977362,-0.006065486967977362,-0.014706857044957418,-0.014706857044957418,-0.007668575927431032,-0.007668575927431032,-0.01070386878707295,-0.01070386878707295,-0.007422436998852778,-0.007422436998852778,-0.00799851884990437,-0.00799851884990437,-0.0042245022748006395,-0.0042245022748006395,-0.012953139543605788,-0.012953139543605788,-0.015977764640671056,-0.015977764640671056,-0.007461571951245407,-0.007461571951245407,-0.015977764640671056,-0.015977764640671056,-0.009654351397887406,-0.009654351397887406
2015-08-12,0.0005086617278613819,0.0005086617278613819,0.00471522501753518,0.00471522501753518,0.006389510549868122,0.006389510549868122,0.004005498807372178,0.004005498807372178,0.0019810185392801012,0.0019810185392801012,0.0023445619242839126,0.0023445619242839126,0.0015512646534631335,0.0015512646534631335,0.01922305033432879,0.01922305033432879,0.008379590516444279,0.008379590516444279,0.008336566015345215,0.008336566015345215,0.00825284396146378,0.00825284396146378,0.008336566015345215,0.008336566015345215,0.005758366944392326,0.005758366944392326
2015-08-13,0.0037085912238903384,0.0037085912238903384,0.019891860121804484,0.019891860121804484,0.009469704131650557,0.009469704131650557,0.021487422609432892,0.021487422609432892,0.023123155421317466,0.023123155421317466,0.012438585362387535,0.012438585362387535,0.015333543762227252,0.015333543762227252,0.012274452326443057,0.012274452326443057,0.021561753864221662,0.021561753864221662,0.00909084158347083,0.00909084158347083,0.005618634468927161,0.005618634468927161,0.00909084158347083,0.00909084158347083,0.014804741579298187,0.014804741579298187
2015-08-14,-0.0036803458495101547,-0.0036803458495101547,0.015370408354866538,0.015370408354866538,-0.010780987854007607,-0.010780987854007607,-0.00018523183946873812,-0.00018523183946873812,0.00914657093281579,0.00914657093281579,-0.00669707554955419,-0.00669707554955419,0.006643430372205484,0.006643430372205484,-0.009877399359353965,-0.009877399359353965,0.0016174490729834734,0.0016174490729834734,-0.002604258698650054,-0.002604258698650054,0.0011842836915585794,0.0011842836915585794,-0.002604258698650054,-0.002604258698650054,-0.00010163403838564901,-0.00010163403838564901
2015-08-17,0.002956862744250352,0.002956862744250352,-0.02495332237272231,-0.02495332237272231,-0.01231040972656451,-0.01231040972656451,-0.01863580698297123,-0.01863580698297123,0.00345181160979494,0.00345181160979494,-0.014984431365448771,-0.014984431365448771,-0.008703402361071987,-0.008703402361071987,-0.01876296314336274,-0.01876296314336274,-0.01575961319956166,-0.01575961319956166,-0.02483326535016235,-0.02483326535016235,-0.029369813320609443,-0.029369813320609443,-0.02483326535016235,-0.02483326535016235,-0.013257624314292962,-0.013257624314292962
2015-08-18,-0.01568903594009681,-0.01568903594009681,-0.0013327765203325617,-0.0013327765203325617,1.75232226633632e-05,1.75232226633632e-05,-0.01424491262327967,-0.01424491262327967,-0.00819166245148272,-0.00819166245148272,-0.010497523788859188,-0.010497523788859188,-0.007120145533540038,-0.007120145533540038,-0.018628847673045176,-0.018628847673045176,-0.013864108400004273,-0.013864108400004273,-0.01492378001797292,-0.01492378001797292,0.0014600292251638995,0.0014600292251638995,-0.01492378001797292,-0.01492378001797292,-0.010443133918687902,-0.010443133918687902
2015-08-19,-0.010854100971967725,-0.010854100971967725,-0.02051069951956262,-0.02051069951956262,-0.02223750156263132,-0.02223750156263132,-0.02619240778336272,-0.02619240778336272,-0.014979915767287352,-0.014979915767287352,-0.009929461023963993,-0.009929461023963993,-0.005305169948975831,-0.005305169948975831,-0.009748453931059217,-0.009748453931059217,-0.006236327828364129,-0.006236327828364129,-0.02809024849288377,-0.02809024849288377,-0.01755008941025106,-0.01755008941025106,-0.02809024849288377,-0.02809024849288377,-0.01534329468699172,-0.01534329468699172
2015-08-20,-0.017042224993381982,-0.017042224993381982,-0.023915430504342822,-0.023915430504342822,-0.03115307811116167,-0.03115307811116167,-0.014033957611581313,-0.014033957611581313,-0.016992617661342715,-0.016992617661342715,-0.0167287949727914,-0.0167287949727914,-0.026152414408383635,-0.026152414408383635,-0.008591078532058342,-0.008591078532058342,-0.009992592370758639,-0.009992592370758639,-0.012094863592031902,-0.012094863592031902,0.006101098014211735,0.006101098014211735,-0.012094863592031902,-0.012094863592031902,-0.017724741081434674,-0.017724741081434674
2015-08-21,0.0026253294742741655,0.0026253294742741655,0.001807976954318126,0.001807976954318126,0.003926007463184705,0.003926007463184705,0.0006687511552129599,0.0006687511552129599,0.0019230557667116962,0.0019230557667116962,-0.0035064947172759953,-0.0035064947172759953,0.008054818806041381,0.008054818806041381,0.0029541888682061554,0.0029541888682061554,0.00391437201181783,0.00391437201181783,0.006449550549800858,0.006449550549800858,0.0037391317789239897,0.0037391317789239897,0.006449550549800858,0.006449550549800858,0.0029119825311437904,0.0029119825311437904
2015-08-24,0.020094801045069815,0.020094801045069815,0.007089799549475046,0.007089799549475046,0.0014197865039497957,0.0014197865039497957,0.01390826209886018,0.01390826209886018,0.015515454354576895,0.015515454354576895,0.013722091338052952,0.013722091338052952,0.008887817236637726,0.008887817236637726,0.0055029064787351,0.0055029064787351,0.02288327407117948,0.02288327407117948,0.024943406936561108,0.024943406936561108,0.003961484290113872,0.003961484290113872,0.024943406936561108,0.024943406936561108,0.013371459101609641,0.013371459101609641
2015-08-25,0.013925986046311426,0.013925986046311426,0.013335170522514924,0.013335170522514924,0.0023935716010380615,0.0023935716010380615,-0.0009211728252243416,-0.0009211728252243416,0.015284720582670382,0.015284720582670382,0.0014659079645409057,0.0014659079645409057,0.0024795301239019887,0.0024795301239019887,-0.002360026527547355,-0.002360026527547355,0.008655127356403353,0.008655127356403353,-0.002077940323648277,-0.002077940323648277,-0.01721392878949967,-0.01721392878949967,-0.002077940323648277,-0.002077940323648277,0.005288652748634621,0.005288652748634621
2015-08-26,-0.020089805866381698,-0.020089805866381698,-0.017730181450360268,-0.017730181450360268,-0.02744494296338873,-0.02744494296338873,-0.01921197727701818,-0.01921197727701818,-0.027048936011923028,-0.027048936011923028,-0.011680407711758156,-0.011680407711758156,-0.016552152128695763,-0.016552152128695763,-0.021827716429845448,-0.021827716429845448,-0.00012307764257308814,-0.00012307764257308814,-0.02497142288099695,-0.02497142288099695,-0.003892680021200431,-0.003892680021200431,-0.02497142288099695,-0.02497142288099695,-0.01861004270931294,-0.01861004270931294
2015-08-27,-0.005803304378891585,-0.005803304378891585,-0.007494160123949797,-0.007494160123949797,-0.0020892811963658824,-0.0020892811963658824,-0.011615879582643408,-0.011615879582643408,-0.0009497919334325311,-0.0009497919334325311,-0.014311217914425262,-0.014311217914425262,-0.0013200450735334833,-0.0013200450735334833,-0.002770269301400707,-0.002770269301400707,-0.0005061999975645617,-0.0005061999975645617,0.010974597314102746,0.010974597314102746,0.01768444873681082,0.01768444873681082,0.010974597314102746,0.010974597314102746,-0.003566655992403833,-0.003566655992403833
2015-08-28,-0.008600871767427305,-0.008600871767427305,0.002771114520980803,0.002771114520980803,-0.010123464178198413,-0.010123464178198413,-0.010759245793218606,-0.010759245793218606,-0.0037451341379697097,-0.0037451341379697097,0.00493880544041798,0.00493880544041798,-0.001406000319850764,-0.001406000319850764,0.0034437268516068365,0.0034437268516068365,-0.0022519425277197557,-0.0022519425277197557,0.007880276008229731,0.007880276008229731,0.017292661808836363,0.017292661808836363,0.007880276008229731,0.007880276008229731,-0.0017981004261550645,-0.0017981004261550645
2015-08-31,0.023184548474887764,0.023184548474887764,0.01729822141867209,0.01729822141867209,0.023063037650133685,0.023063037650133685,0.009983398560889385,0.009983398560889385,0.025220505687307236,0.025220505687307236,0.016017714315757083,0.016017714315757083,0.02174556130770376,0.02174556130770376,0.021317927669498568,0.021317927669498568,0.021917225935163535,0.021917225935163535,0.018248789985955742,0.018248789985955742,-0.005704492532892829,-0.005704492532892829,0.018248789985955742,0.018248789985955742,0.019877571402887116,0.019877571402887116
2015-09-01,-0.0215767268576047,-0.02198092299075155,-0.009818464754179468,-0.01039634868220441,-0.008392597161338666,-0.009297784964646089,-0.01293092485935099,-0.013944054063367848,-0.015124603790196867,-0.016502550512874973,-0.00995798559721739,-0.010670134029361882,-0.0204587155950825,-0.021355205238529747,-0.011250308145756116,-0.012291651443410911,-0.027145681729653703,-0.0280072847759915,-0.03255504303461543,-0.0327844613806667,-0.010960264997468827,-0.011623910775387634,-0.03255504303461543,-0.0327844613806667,-0.01690924624451018,-0.01699279805847522
2015-09-02,-0.013854351528862906,-0.013854351528862906,-0.006473192810866486,-0.006473192810866486,-0.009011006954937329,-0.009011006954937329,-0.02263565098271592,-0.02263565098271592,-0.0064577569170372155,-0.0064577569170372155,-0.0011467806379589838,-0.0011467806379589838,-0.004738148298732831,-0.004738148298732831,-0.007164422682595304,-0.007164422682595304,-0.0007334547130775065,-0.0007334547130775065,0.000552800996864055,0.000552800996864055,0.0142490867291768,0.0142490867291768,0.000552800996864055,0.000552800996864055,-0.007188033649030627,-0.007188033649030627
2015-09-03,0.013239622528361115,0.013239622528361115,0.02044474190662251,0.02044474190662251,0.01693557282570255,0.01693557282570255,0.016782736332896203,0.016782736332896203,0.02523251295109586,0.02523251295109586,0.010426123951584149,0.010426123951584149,0.008737396376058835,0.008737396376058835,0.02124668292168416,0.02124668292168416,0.006617662641484013,0.006617662641484013,0.0276433338032326,0.0276433338032326,0.013933134461622691,0.013933134461622691,0.0276433338032326,0.0276433338032326,0.01673226222174292,0.01673226222174292
2015-09-04,0.012126054505387791,0.012126054505387791,0.008893763878933399,0.008893763878933399,0.011354131517520901,0.011354131517520901,0.0045329305194427676,0.0045329305194427676,0.01278455075964273,0.01278455075964273,0.010878654532991283,0.010878654532991283,0.0014695797137879978,0.0014695797137879978,0.010039181502651246,0.010039181502651246,0.021219131895313145,0.021219131895313145,-0.00398553091083074,-0.00398553091083074,-0.015555151991392261,-0.015555151991392261,-0.00398553091083074,-0.00398553091083074,0.008925954601070795,0.008925954601070795
2015-09-07,0.007133376822534728,0.007133376822534728,0.015142643778902625,0.015142643778902625,0.02035877505746922,0.02035877505746922,0.004923602397816144,0.004923602397816144,0.012739823996661327,0.012739823996661327,0.008968235340946464,0.008968235340946464,-0.00420219028034881,-0.00420219028034881,0.011612098532616404,0.011612098532616404,0.01914502324551449,0.01914502324551449,0.011637092407031318,0.011637092407031318,0.00446221698029803,0.00446221698029803,0.011637092407031318,0.011637092407031318,0.01080067311761581,0.01080067311761581
2015-09-08,-4.260842121110763e-05,-4.260842121110763e-05,-0.012944014006792749,-0.012944014006792749,0.009737441585054003,0.009737441585054003,0.0013306852286653782,0.0013306852286653782,0.01068526668336241,0.01068526668336241,0.005801713670972725,0.005801713670972725,-0.0021862131726431678,-0.0021862131726431678,-0.00019155983725339235,-0.00019155983725339235,0.0066200035480436965,0.0066200035480436965,0.011523470605532726,0.011523470605532726,0.011524287685087778,0.011524287685087778,0.011523470605532726,0.011523470605532726,0.0030467923424262696,0.0030467923424262696
2015-09-09,0.005610983853745659,0.005610983853745659,0.0045506427901373745,0.0045506427901373745,0.0022859367864974263,0.0022859367864974263,-0.001364873790119614,-0.001364873790119614,0.0055249859002714,0.0055249859002714,-0.002679797929315792,-0.002679797929315792,0.0045720341175747815,0.0045720341175747815,-0.0047040624706786455,-0.0047040624706786455,0.0009087882699741781,0.0009087882699741781,-0.007412090220369795,-0.007412090220369795,-0.012882654343581258,-0.012882654343581258,-0.007412090220369795,-0.007412090220369795,0.0007215563324000306,0.0007215563324000306
2015-09-10,0.0021958438176988603,0.0021958438176988603,0.007798235300068951,0.007798235300068951,0.0113912897437051,0.0113912897437051,0.004512021337819904,0.004512021337819904,0.008765900525559022,0.008765900525559022,0.00351384738995291,0.00351384738995291,0.009182470769843012,0.009182470769843012,0.009765029040810056,0.009765029040810056,0.0023804809185633286,0.0023804809185633286,0.014618036382173754,0.014618036382173754,0.012454593285312506,0.012454593285312506,0.014618036382173754,0.014618036382173754,0.0074239035063160316,0.0074239035063160316
2015-09-11,-0.011760991430798496,-0.011760991430798496,-0.009998382489263637,-0.009998382489263637,0.005396294642737298,0.005396294642737298,-0.00679986926890304,-0.00679986926890304,0.006041799175126328,0.006041799175126328,0.003962953968930835,0.003962953968930835,-0.010661376084522538,-0.010661376084522538,-0.005302436265391595,-0.005302436265391595,-0.00478654453216094,-0.00478654453216094,-0.013198825168675309,-0.013198825168675309,-0.0016330867550014214,-0.0016330867550014214,-0.013198825168675309,-0.013198825168675309,-0.004608496346016398,-0.004608496346016398
2015-09-14,0.015207635230621125,0.015207635230621125,0.010350326313015445,0.010350326313015445,0.009893074898790325,0.009893074898790325,0.015712451369824687,0.015712451369824687,0.01993875227160409,0.01993875227160409,0.012144072560136238,0.012144072560136238,0.016811995100305146,0.016811995100305146,0.012741255405668603,0.012741255405668603,-0.002901824943567337,-0.002901824943567337,0.015494193811817355,0.015494193811817355,0.0005048248196474368,0.0005048248196474368,0.015494193811817355,0.015494193811817355,0.012515708389166165,0.012515708389166165
2015-09-15,-0.013678371234962575,-0.013678371234962575,-0.008722433788261087,-0.008722433788261087,-0.013473610201705156,-0.013473610201705156,-0.004259035647002038,-0.004259035647002038,-0.0074911546977540575,-0.0074911546977540575,-0.006093939891734472,-0.006093939891734472,-0.01665721077032437,-0.01665721077032437,-0.01466012992157743,-0.01466012992157743,-0.014455834504649311,-0.014455834504649311,-0.006354629308165926,-0.006354629308165926,0.007172175694244088,0.007172175694244088,-0.006354629308165926,-0.006354629308165926,-0.01056896089535371,-0.01056896089535371
2015-09-16,-0.006538717149086718,-0.006538717149086718,0.0057642402760771875,0.0057642402760771875,-0.004244812919912361,-0.004244812919912361,-0.005976473040620417,-0.005976473040620417,0.00914035739521336,0.00914035739521336,0.004507355686754202,0.004507355686754202,0.0055808987582153455,0.0055808987582153455,0.015968325244585812,0.015968325244585812,0.0015707095795744878,0.0015707095795744878,0.00722567254577457,0.00722567254577457,0.013534835913025267,0.013534835913025267,0.00722567254577457,0.00722567254577457,0.003341341379644286,0.003341341379644286
2015-09-17,-0.00479782703945947,-0.00479782703945947,0.008150161321718405,0.008150161321718405,0.0013198550399788013,0.0013198550399788013,0.0021708482884560307,0.0021708482884560307,0.0012904035375824036,0.0012904035375824036,-0.0037638661589606427,-0.0037638661589606427,0.005595897829681458,0.005595897829681458,-0.0031139992424680045,-0.0031139992424680045,0.006440190379636288,0.006440190379636288,-0.0037644068630279144,-0.0037644068630279144,0.0008523518894783034,0.0008523518894783034,-0.0037644068630279144,-0.0037644068630279144,0.0009359540841663027,0.0009359540841663027
2015-09-18,-0.004624911335046629,-0.004624911335046629,-0.014904542111880786,-0.014904542111880786,0.003069651932494171,0.003069651932494171,-0.010716579209720823,-0.010716579209720823,-0.0073326797346702655,-0.0073326797346702655,0.0014632324072974881,0.0014632324072974881,-0.001909886092372492,-0.001909886092372492,-0.0075665606020529665,-0.0075665606020529665,-0.005557119359886821,-0.005557119359886821,-0.009562744095942547,-0.009562744095942547,-0.005020043478345363,-0.005020043478345363,-0.009562744095942547,-0.009562744095942547,-0.005751421901333308,-0.005751421901333308
2015-09-21,-0.0018711707230597296,-0.0018711707230597296,-0.004641398912218051,-0.004641398912218051,-0.005618517804268967,-0.005618517804268967,0.008107961614363793,0.008107961614363793,-0.0030722327677250756,-0.0030722327677250756,0.0020551852895577924,0.0020551852895577924,0.003040305716168621,0.003040305716168621,-0.00047806002707515287,-0.00047806002707515287,-0.002975843862788704,-0.002975843862788704,0.0017515593596257528,0.0017515593596257528,0.0034869594378666435,0.0034869594378666435,0.0017515593596257528,0.0017515593596257528,-0.00043375036876380286,-0.00043375036876380286
2015-09-22,-0.0015293220864936756,-0.0015293220864936756,0.0019867536787851986,0.0019867536787851986,-0.011249013882066382,-0.011249013882066382,-0.0023613001862839186,-0.0023613001862839186,0.0005917387409476332,0.0005917387409476332,-0.0022878732877763307,-0.0022878732877763307,-0.011372048624638526,-0.011372048624638526,-0.0035447421733708884,-0.0035447421733708884,-0.009959597366765709,-0.009959597366765709,-0.001985280176156374,-0.001985280176156374,-0.0004980000118043749,-0.0004980000118043749,-0.001985280176156374,-0.001985280176156374,-0.004158493191667498,-0.004158493191667498
2015-09-23,0.0012291142256711765,0.0012291142256711765,-0.016951949180377818,-0.016951949180377818,-0.006438877837994431,-0.006438877837994431,-0.0014828196251556423,-0.0014828196251556423,-0.016548455387590096,-0.016548455387590096,-0.004409873450995652,-0.004409873450995652,-0.015042233038387871,-0.015042233038387871,-0.00439325934766255,-0.00439325934766255,-0.021832814325570098,-0.021832814325570098,-0.02112248431548296,-0.02112248431548296,-0.021760091523199833,-0.021760091523199833,-0.02112248431548296,-0.02112248431548296,-0.010733563865205405,-0.010733563865205405
2015-09-24,-0.00018732491788678676,-0.00018732491788678676,-0.0018336277051729296,-0.0018336277051729296,-0.011100390391299148,-0.011100390391299148,-0.011562638599260294,-0.011562638599260294,-0.00024023363416718433,-0.00024023363416718433,-0.00420862741179929,-0.00420862741179929,-0.005212878957071289,-0.005212878957071289,-0.013658354444057356,-0.013658354444057356,-0.005627715630872806,-0.005627715630872806,-0.013261898826276554,-0.013261898826276554,-0.012763590976593126,-0.012763590976593126,-0.013261898826276554,-0.013261898826276554,-0.006683623230970508,-0.006683623230970508
2015-09-25,-0.02658934331956404,-0.02658934331956404,-0.023186379968789438,-0.023186379968789438,-0.005266626596664936,-0.005266626596664936,-0.010293727950920812,-0.010293727950920812,-0.010327247877152359,-0.010327247877152359,-0.0046156941780233,-0.0046156941780233,-0.016914001951223105,-0.016914001951223105,-0.015683679151048437,-0.015683679151048437,-0.007158025689077571,-0.007158025689077571,-0.01564143884370967,-0.01564143884370967,0.010689409271157102,0.010689409271157102,-0.01564143884370967,-0.01564143884370967,-0.013483360407726908,-0.013483360407726908
2015-09-28,0.007447342773196548,0.007447342773196548,0.01087980785319265,0.01087980785319265,0.0096551390658706,0.0096551390658706,0.01296265847650739,0.01296265847650739,0.012749956089627656,0.012749956089627656,0.0160674914325006,0.0160674914325006,0.013396827932644025,0.013396827932644025,0.018920622052135815,0.018920622052135815,0.012405306385297951,0.012405306385297951,0.007308869847021145,0.007308869847021145,-5.536366846617489e-05,-5.536366846617489e-05,0.007308869847021145,0.007308869847021145,0.012215085417353378,0.012215085417353378
2015-09-29,-0.011024590758332618,-0.011024590758332618,-0.013087609209474655,-0.013087609209474655,-0.02151637714638212,-0.02151637714638212,-0.012006509110621713,-0.012006509110621713,-0.012522482238715415,-0.012522482238715415,-0.005470900236807157,-0.005470900236807157,-0.019720756122654344,-0.019720756122654344,-0.007082576939424524,-0.007082576939424524,-0.01153202629523023,-0.01153202629523023,0.0028957109736455714,0.0028957109736455714,0.013211282757512797,0.013211282757512797,0.0028957109736455714,0.0028957109736455714,-0.011123445538257405,-0.011123445538257405
2015-09-30,0.013528905815395419,0.013528905815395419,-0.0006794650718171466,-0.0006794650718171466,0.013173471474013838,0.013173471474013838,-0.002673537453405668,-0.002673537453405668,0.0031055748264549677,0.0031055748264549677,0.014208611268891889,0.014208611268891889,0.018339151595380524,0.018339151595380524,0.01110213632012012,0.01110213632012012,0.00175742435742523,0.00175742435742523,0.005702618549264307,0.005702618549264307,-0.007102182059318432,-0.007102182059318432,0.005702618549264307,0.005702618549264307,0.007750756664103123,0.007750756664103123
2015-10-01,-0.0022313152691796345,-0.002941716634495317,-0.00668308242220772,-0.007849749088874387,-0.014860573452054937,-0.016370242009198163,-0.007362859555962276,-0.008718944637161209,-0.011637140822846836,-0.012698184889408819,-0.009682849957820427,-0.0107284114208856,-0.014828563056840771,-0.015843887616273918,-0.0078050309735338,-0.009028179644936943,-0.015265086705324338,-0.016303772001208788,0.00041632433041915995,-0.00047085866586212607,0.002702727244095371,0.0011361947768683334,0.00041632433041915995,-0.00047085866586212607,-0.008996131475323965,-0.009078611278684883
2015-10-02,-0.0034404792199234794,-0.0034404792199234794,-0.004919382123592026,-0.004919382123592026,-0.0045756729866108185,-0.0045756729866108185,-0.01429541611880155,-0.01429541611880155,-0.01042543770326737,-0.01042543770326737,0.0010381670856365829,0.0010381670856365829,-0.005489799211616991,-0.005489799211616991,0.00018039536745898324,0.00018039536745898324,0.007864822116728655,0.007864822116728655,-0.00390879345807159,-0.00390879345807159,-0.000479182526750996,-0.000479182526750996,-0.00390879345807159,-0.00390879345807159,-0.0038006395307858816,-0.0038006395307858816
2015-10-05,-0.010235529109737337,-0.010235529109737337,-0.00043107857302718136,-0.00043107857302718136,-0.01340143915804282,-0.01340143915804282,-0.004994301484711734,-0.004994301484711734,-0.0060845187049972,-0.0060845187049972,0.003422685040508412,0.003422685040508412,-0.0007142711282550618,-0.0007142711282550618,-0.005952516028300075,-0.005952516028300075,-0.010295126975098065,-0.010295126975098065,0.0021127516684834417,0.0021127516684834417,0.012229068682414926,0.012229068682414926,0.0021127516684834417,0.0021127516684834417,-0.004648664441464903,-0.004648664441464903
2015-10-06,0.0070270285691472955,0.0070270285691472955,0.013747189670984487,0.013747189670984487,0.00662516224530046,0.00662516224530046,0.01968766973704691,0.01968766973704691,0.005036942705997136,0.005036942705997136,0.009398512116458795,0.009398512116458795,0.006285731659872176,0.006285731659872176,0.005706949776141166,0.005706949776141166,0.011454651119982555,0.011454651119982555,0.022685583393633833,0.022685583393633833,0.015500080307802457,0.015500080307802457,0.022685583393633833,0.022685583393633833,0.01078796663111799,0.01078796663111799
2015-10-07,0.020850151261328057,0.020850151261328057,0.0028455489154186626,0.0028455489154186626,0.004687326978332632,0.004687326978332632,0.005727875944715029,0.005727875944715029,0.017268147327702765,0.017268147327702765,0.004731450899144165,0.004731450899144165,0.004450391278370941,0.004450391278370941,0.008963283476019667,0.008963283476019667,0.003960728309016565,0.003960728309016565,-0.0014274000424650303,-0.0014274000424650303,-0.021424295570806242,-0.021424295570806242,-0.0014274000424650303,-0.0014274000424650303,0.007159330815273649,0.007159330815273649
2015-10-08,0.008370458121552451,0.008370458121552451,0.005721840618124248,0.005721840618124248,-0.008916284320214882,-0.008916284320214882,-0.007573167940623596,-0.007573167940623596,-0.01015742318881814,-0.01015742318881814,0.003317092698010837,0.003317092698010837,-0.0040916841574805095,-0.0040916841574805095,0.005849991048021828,0.005849991048021828,0.01925014425037985,0.01925014425037985,0.0004900685687712581,0.0004900685687712581,-0.007885605334435844,-0.007885605334435844,0.0004900685687712581,0.0004900685687712581,0.0012709215786693995,0.0012709215786693995
2015-10-09,0.0032551581938283464,0.0032551581938283464,0.007186081939010918,0.007186081939010918,0.005360517276076291,0.005360517276076291,0.00374241662928545,0.00374241662928545,-0.0010988905887324555,-0.0010988905887324555,0.009548529966197403,0.009548529966197403,0.01023487038213399,0.01023487038213399,0.00104595719396311,0.00104595719396311,0.010002609305371146,0.010002609305371146,0.009487202032223948,0.009487202032223948,0.006352703238124521,0.006352703238124521,0.009487202032223948,0.009487202032223948,0.005897495125630049,0.005897495125630049
2015-10-12,-0.018651617376430833,-0.018651617376430833,-0.013071982247093186,-0.013071982247093186,-0.015534272525480217,-0.015534272525480217,-0.029461384190938744,-0.029461384190938744,-0.026478094421585774,-0.026478094421585774,-0.023369301009852565,-0.023369301009852565,-0.012550155749802241,-0.012550155749802241,-0.02443181173274032,-0.02443181173274032,-0.02778387747739318,-0.02778387747739318,-0.010659364473538633,-0.010659364473538633,0.008028756690913368,0.008028756690913368,-0.010659364473538633,-0.010659364473538633,-0.020183233927513484,-0.020183233927513484
2015-10-13,0.00674509502361782,0.00674509502361782,0.004781090742202183,0.004781090742202183,-0.004935212500084819,-0.004935212500084819,-0.0010927167937607352,-0.0010927167937607352,-0.00466820958972064,-0.00466820958972064,-0.010628382288559793,-0.010628382288559793,0.011972590343738237,0.011972590343738237,-0.011551536849105575,-0.011551536849105575,-0.007201174351492214,-0.007201174351492214,-0.015986945579594136,-0.015986945579594136,-0.0226965562038942,-0.0226965562038942,-0.015986945579594136,-0.015986945579594136,-0.003279061851740022,-0.003279061851740022
2015-10-14,0.018852043777683444,0.018852043777683444,0.008485918058658034,0.008485918058658034,0.03450493935326969,0.03450493935326969,0.02759036151069568,0.02759036151069568,0.02172888415113182,0.02172888415113182,0.02482534236970216,0.02482534236970216,0.02353288016326359,0.02353288016326359,0.027891479753735647,0.027891479753735647,0.01551666256775845,0.01551666256775845,0.02238247846321273,0.02238247846321273,0.0034235906595333574,0.0034235906595333574,0.02238247846321273,0.02238247846321273,0.022432247209014187,0.022432247209014187
2015-10-15,-0.0012222324980668327,-0.0012222324980668327,0.007034988613157308,0.007034988613157308,-0.0013314930427088152,-0.0013314930427088152,-0.0002226662894193633,-0.0002226662894193633,-0.000573586521849792,-0.000573586521849792,-0.000550333370865257,-0.000550333370865257,0.009446655868988053,0.009446655868988053,0.0010814144523635253,0.0010814144523635253,0.006683171814216378,0.006683171814216378,0.008095710943766852,0.008095710943766852,0.009592781708052932,0.009592781708052932,0.008095710943766852,0.008095710943766852,0.0028811217199287377,0.0028811217199287377
2015-10-16,-0.0023009306530751977,-0.0023009306530751977,0.0163588302186725,0.0163588302186725,-0.0038043743196047555,-0.0038043743196047555,-0.002612570985244427,-0.002612570985244427,0.008113557606395125,0.008113557606395125,-0.004824216048300778,-0.004824216048300778,0.019082714937945496,0.019082714937945496,0.0003985030550031586,0.0003985030550031586,0.002122147558723997,0.002122147558723997,-0.013906138121246886,-0.013906138121246886,-0.011936155697338361,-0.011936155697338361,-0.013906138121246886,-0.013906138121246886,0.0018703605376475482,0.0018703605376475482
2015-10-19,-0.00045274259761830566,-0.00045274259761830566,0.0017402427044044353,0.0017402427044044353,0.0062006410422089575,0.0062006410422089575,0.0019496538646816828,0.0019496538646816828,0.0023014932956182304,0.0023014932956182304,0.0018190172844447213,0.0018190172844447213,0.007428782556667821,0.007428782556667821,0.00995478691807557,0.00995478691807557,0.003516823467906989,0.003516823467906989,0.017480714823629118,0.017480714823629118,0.018391685973970354,0.018391685973970354,0.017480714823629118,0.017480714823629118,0.005203152301054321,0.005203152301054321
