formation_date,SIM0000,SIM0001,SIM0002,SIM0003,SIM0004,SIM0005,SIM0006,SIM0007,SIM0008,SIM0009,SIM0010,SIM0011,SIM0012,SIM0013,SIM0014,SIM0015,SIM0016,SIM0017,SIM0018,SIM0019,SIM0020,SIM0021,SIM0022,SIM0023,SIM0024,SIM0025,SIM0026,SIM0027,SIM0028,SIM0029,SIM0030,SIM0031,SIM0032,SIM0033,SIM0034,SIM0035,SIM0036,SIM0037,SIM0038,SIM0039,SIM0040,SIM0041,SIM0042,SIM0043,SIM0044,SIM0045,SIM0046,SIM0047,SIM0048,SIM0049,SIM0050,SIM0051,SIM0052,SIM0053,SIM0054,SIM0055,SIM0056,SIM0057,SIM0058,SIM0059,SIM0060,SIM0061,SIM0062,SIM0063,SIM0064,SIM0065,SIM0066,SIM0067,SIM0068,SIM0069,SIM0070,SIM0071,SIM0072,SIM0073,SIM0074,SIM0075,SIM0076,SIM0077,SIM0078,SIM0079,SIM0080,SIM0081,SIM0082,SIM0083,SIM0084,SIM0085,SIM0086,SIM0087,SIM0088,SIM0089,SIM0090,SIM0091,SIM0092,SIM0093,SIM0094,SIM0095,SIM0096,SIM0097,SIM0098,SIM0099,SIM0100,SIM0101,SIM0102,SIM0103,SIM0104,SIM0105,SIM0106,SIM0107,SIM0108,SIM0109,SIM0110,SIM0111,SIM0112,SIM0113,SIM0114,SIM0115,SIM0116,SIM0117,SIM0118,SIM0119
2010-12-31,1.0855891389658943,-0.9442899359954422,-0.258652772098362,0.16240787683448002,-0.38099129396710385,-0.41491739168753117,1.6269023226073343,-0.19783454810931483,0.5642408051903165,0.6399809511749052,-0.9559238372968009,0.22933469065541467,-0.35099177827163924,-0.29238527933111613,-0.7529327313481355,0.5015787251510762,-0.13495620764129213,-1.4720665855031307,0.6608166097439303,-0.1901997899778589,-0.264777007896561,-0.1541515639051218,-0.9782978321556903,0.4999593144647103,1.5804931055570515,-0.1965814262686714,-1.570697810331882,0.02192153623301893,-0.3837931801929012,-0.8411897451977723,-1.9138552562087363,0.08611081811357466,-0.6669679212686425,-0.3728949031412409,-1.1374613532496103,-0.048242364266904925,1.7902131354567636,0.49024259985929297,0.3872876751767007,0.8687631113422678,0.7068367911605892,1.0685226326368986,-0.08076249323177537,-0.2410830481502942,-0.6009544470071336,0.3619311773725933,1.1879564028097247,-0.5509069546742862,-0.6211051177498079,0.08400210431779434,-0.9926871871218301,0.2352219251324012,-0.548639762401842,-0.25719355609639616,-0.3580392072674119,-0.3969837651795765,-0.8243258548260517,0.18546567517933776,0.503639510417098,1.2090196667044724,-0.08814885184045662,-0.9873559703850036,0.999125956756432,-1.1555496225852435,0.1271423269384203,1.4164883529188517,-0.2230637231810324,1.2510298812224472,0.47965899967403786,0.846146114190634,-0.6897412046778011,-0.6030454206296596,0.8582646071532793,-0.7506493494208349,0.5546645724471148,0.34888562048408067,-0.8700801965727982,0.9969195805149094,-0.18982656341587983,-0.46483598082071786,-0.9591959990365805,-0.6201256365852753,-1.4299304347257076,-0.7927316297380552,0.01919253383419567,0.5307973465229835,-0.03218230537081945,-0.1080007340475849,-0.956257950026101,-0.4347751049621282,-0.5142362105025223,-0.3269572616590373,1.4240908994982828,0.49525283599838815,0.7747187370606399,0.34488741502242765,0.8350732208591956,0.5792814127441352,1.1621765827619672,0.12094805885863152,-0.6806608505762626,0.8819963018104945,-0.8667020753027493,-0.0703476487534005,0.3345598416744908,1.5707429723484854,0.7065052105582893,-0.2636895440916123,-0.39428384712985987,0.17008593428500407,-1.129215673693571,-0.9457878399654283,0.4534802218027717,0.4110022602041329,0.313802528655253,0.51933384580936,-0.20524714594119514,-0.29488277472784336,0.8020843600785131,0.32846462443753977
2011-01-31,0.9082800451658567,-1.0974800973045735,0.35894339745247705,-0.20638741383658105,-0.22081584118629105,-0.6292576307256986,1.6194253674575927,-0.09477514897254666,0.6160359925650463,0.7537010727778249,-0.633386602229522,0.28049225097109715,-0.7832278707997845,-0.3473273943933896,-0.7757362447548064,0.429813306360741,-0.10840997643394275,-1.4920231744980583,0.7319117057917699,0.09545364320774652,-0.24956937881282926,-0.2539663675427136,-0.8663188794442315,0.49626267593365536,1.4820307328722215,0.03127091003202251,-1.6514409122413447,0.8677887390233829,-0.34107209687416085,-0.8819240880925991,-1.8272918148880346,-0.22764596701805767,-0.7661039223861149,-0.03870481252907998,-0.9736156984425361,-0.14510265467308936,1.6469448146184138,0.0785207075455017,0.26718674661807473,1.0155649669196678,1.1745932680691533,1.1465422414176398,-0.12079230327248536,-0.43003426754609986,-0.46173631301598644,0.5865850601001424,1.3914402174212266,-0.520498537611538,-0.6457164887883895,0.08696172700677882,-0.8169837384928846,-0.06826215542970981,-0.6706036859315527,0.17448020616931478,-0.3772800509042217,-0.5983064908541006,-0.30182786690674623,0.2029166023431353,0.3566231341990963,1.4592118797121962,-0.3490396114377424,-1.0081687616074386,0.8579758531205185,-1.0571995330611383,0.0330974024600592,0.9602698000446742,-0.4511046962431462,1.2250704031708266,0.31561502660381363,0.8202384601372091,-0.377246396638442,-1.1210002913657457,0.9239015086659212,-0.389498999722138,0.7196558216652327,0.24706234246026532,-0.866626893430008,1.1307787113077359,-0.1336267264950406,-0.549933086151252,-1.3141964986833412,-0.7395801744613868,-1.2513494617602756,-0.7409576083936352,0.2741757980869999,0.613153188179067,0.08064453669390492,0.20307550062544028,-1.1215115613427078,-0.5077391848774834,-0.5172657429828378,-0.3055394433918412,1.273482407455716,0.6211518076336808,0.8924131550790937,0.27679473742234045,0.543966953953294,0.6647358061751729,0.851225654514878,0.09996650643910934,-0.781275479608899,0.6220600448529867,-0.954340160762016,-0.11102023962322258,0.14568230459487125,1.207180272889524,0.6089037362573195,-0.07809534000970667,-0.4865587243439723,0.42439789949358686,-1.036880051568013,-0.4247989220454641,0.5664567334041516,0.5379257537662503,0.02798004167062379,0.17437822958749227,-0.419986779053547,-0.3712341962090756,0.4528869391266035,0.43411570281308254
2011-02-28,0.7727162598089097,-1.0529827260977969,0.18551982860316216,-0.4326937228351805,-0.2005365227854919,-0.4950641369718884,1.6542571686848,-0.34791372955434186,1.1995593872947536,0.6766962931665412,-0.786486126711856,-0.41970953499660546,-0.9194799121856564,-0.4034698358586221,-0.7577350749642625,0.44184778124650026,-0.18979922117019032,-1.3775317426337028,0.9765330534535401,0.17033243404902904,-0.1153073464770864,-0.3160282962724881,-1.1378522464444236,0.456448679197216,1.475096089674182,0.22105250094195128,-1.7815423998843323,0.25636395020904174,-0.18075912694488686,-0.8789560301308889,-1.8188682265275973,-0.005703392428568474,-0.8144663449246692,0.11821168430484938,-0.9721848389658135,0.08518502714862784,1.4045053892016162,0.2313459779731471,0.5914248181662388,0.7914249643007891,0.8903835806772873,0.9913638185752742,-0.11773980969675335,-0.39131048095832044,-0.24212451157559586,0.6381650978485509,1.0777172146479481,-0.38649986672285896,-0.7112467658242555,0.19109703445570314,-0.8301028317458452,-0.08482719570912078,-0.7755864860093089,0.2559892249633197,-0.15226535478253378,-0.6999710801672501,-0.7830862687098739,0.004123760839700397,0.0011134772964767614,1.4056758731018981,-0.3290277916242788,-1.1003514039904276,0.8650291382829465,-1.170464474723223,0.6032260209115393,0.552463863438272,-0.30941717540646435,1.1823184304178316,0.46885024833314093,0.776301059633455,-0.3976535862204039,-0.9115704146813184,0.8908954350222384,-0.3320463869847935,0.6473286599211128,-0.2202646783460928,-0.9036635206232068,1.1729408114977375,-0.03404688643972392,-0.5487810216947399,-1.0246935668861328,-0.7062771664617018,-1.0178774057360962,-0.3075548381133538,0.8623840355009036,0.4985267757503953,-0.012937739435329526,0.49621699498961125,-1.0153844699786014,-0.45657110530159845,-0.43605379598935695,-0.21871986179091465,1.2785096808505716,0.7917716431682345,0.8453401842270843,0.4401030080971687,0.7011251695274161,0.5519336864481246,0.7921597046168951,-0.27382693759145055,-0.5562738730421564,0.9187990549472469,-1.1092260491835484,-0.23942755768485258,-0.04915371202019425,1.1905397280311174,0.7553525799710714,-0.1206965497482389,-0.5833133713522777,0.35992894329113717,-1.0986377927569362,-0.42655370434362005,0.3635643130487213,0.41681085825320785,0.09036927928558713,0.2999857075406075,-0.5315347225458713,-0.39421919464557764,0.9903337495948697,0.4487928085812367
2011-03-31,1.0061076085924539,-1.1531324609516085,-0.20445612122196746,-0.29444681418740887,-0.2814046263534144,-0.5173042708233488,1.4952523418587775,-0.36281015001165845,1.152971453236146,0.5164735144501804,-1.0856345115086694,-0.5739515816919869,-0.48947355628132627,-0.2542273550360821,-0.43554769907609514,0.2809221035721876,-0.3845582770232187,-1.3160961785972645,0.9027191358308008,0.4754148661617801,0.0378278799934553,-0.2808970903885165,-1.2219020009242074,0.5373889488134348,1.6269637637077707,0.2339452752146456,-1.800711394497812,0.2611807085877587,-0.10851635408729995,-1.2409526467460914,-1.7876551455470913,-0.32606764732747384,-0.7704684293097014,0.2453633039544942,-0.93121415084833,0.10425001506944712,1.5439105707851508,0.05570812386861005,0.5813451533871374,0.6040350076063419,0.3237310983830393,0.8820552891500437,0.047718069910379135,-0.3495281875431332,-0.2250678383063472,0.533606271185173,0.9331391699641591,-0.25551572962872326,-0.786797142444617,0.045246984477918625,-1.0298227488662937,0.19158533042524728,-0.867753672408814,0.23096663695711675,-0.20725763370560568,-0.6217353174156691,-0.4370116132378118,-0.37334679777597435,-0.035535895825137,1.0079077911557361,-0.4305027561210193,-0.4959794826034969,0.5737715786080009,-1.1742995390853426,0.9561422393584423,0.40965659894248335,-0.4163777477175512,1.7010804424534811,0.9028648248689308,0.6030822595946945,-0.5902871925089477,-1.1684207630599839,0.7909940316520322,-0.7816503592176562,0.8344506113070633,-0.23950236756363558,-0.855850852766757,1.043596626559938,0.0715173853290611,-0.5538641454105383,-0.8231039283137083,-0.7101764297935111,-1.0433129519571116,-0.3176404066148517,1.0551134523254702,0.5549901070922012,0.07394728971173309,0.4683536593571027,-1.0853978979754264,-0.22516283695357142,-0.5184913066288692,-0.2414835477335781,1.0642684877918356,0.24927410525747823,0.7206196845424239,0.5733201322656218,1.080034015497208,0.42421358125120934,0.7072878029702595,-0.1815030027208624,-0.6803502085670594,1.007431624799481,-1.018319633436622,0.03221962206991753,0.06879467899294955,1.3047386825463574,0.4910837922167418,-0.07492498642134994,-0.49879958403487706,0.6204780631210058,-1.182402118850849,-0.41624717927857735,0.029822216209664187,0.7774085704430738,0.0354092433923231,0.2891617390698987,-0.3311720412517881,-0.07310003071946938,1.2723618802979644,0.4938988907102831
2011-04-29,0.6516338688543922,-1.1837103381277,-0.18439168593004515,-0.0902437667770355,-0.33877598413131527,-0.7582839526176404,1.6721311752174568,-0.6127231769092791,0.676057488092461,0.5727499163989913,-1.1602856709595581,-0.5729826562029985,-0.09182935677728243,-0.27847398233590437,-0.4065871064157693,0.47367748980897045,-0.26643629068905095,-1.0945207531088874,0.6424010651534942,0.8072073773789854,-0.029117490738546886,-0.3836113569113103,-1.1774692878078625,0.24127890177309852,1.8030278440090157,0.5544557908533408,-1.7140339143099013,1.1074730749019905,-0.0210842374030131,-1.4585455696987568,-1.8641605378823405,0.12524741823783397,-0.9010650727643599,0.44217431620666253,-1.3779102689810503,0.13305248468747882,1.3732729943648552,-0.2169924329515988,0.3212871027193748,0.5504045852832509,0.1932304462826907,0.734669236156032,-0.18715900519693462,-0.5221022196078993,0.028692453899233583,0.5240228529746491,0.8006457139867426,-0.4511365485154559,-0.3785850730094461,-0.030347481461805187,-1.0772751227532205,0.5558583332431095,-0.8269751228585208,0.5963536325511454,-0.3701392708576483,-0.5773913525300094,-0.6033618471523292,-0.3784333588016441,0.125591747411328,0.5915348973318044,-0.4292451370848003,-0.7489997605851316,0.24756912161834754,-0.8652826121073525,0.7010951466688566,-0.19457141528162064,-0.3522117933205513,1.9547502878192105,0.8473627415534377,0.1349609331488398,0.11282118834643151,-0.9402731512818655,0.9234014642983931,-0.7533182828606069,0.7146333728278567,-0.4847589036089053,-0.703497788257615,0.9773802084196809,0.14314306425356532,-0.6010381430567256,-0.6870965299256692,-0.7050262730353534,-0.8821287196590556,-0.13108951636359517,0.8857397326084222,0.40402401965513834,0.21640203616030496,0.7143546369619957,-0.3446585824197711,-0.22669017802504593,-0.1900842802334744,-0.13150910672979516,0.8770063724871077,0.21026103700826462,0.3311197380810231,0.8103210842282585,1.2589348732203973,0.16782351477994462,0.5253345715524224,-0.3159176407244513,-0.5545898709251984,0.7948173003463693,-0.9515312968063683,0.038901308417270866,0.023206502464131307,1.2304985631367493,0.5168865244772691,0.06657352170148068,-0.4909669441899369,0.5074717834889214,-1.1988283775035498,-0.45584923775040953,0.05530828067014104,0.8177512591070875,0.26227606057594827,0.3141569435819086,-0.35855214928405066,-0.14676742416357988,1.0491788400361528,0.29702616688088107
2011-05-31,0.5770769575560687,-0.806160300242365,-0.4351211519235157,-0.07000392326558319,-0.1072572073457187,-0.8877775241022232,0.9893189046797041,-0.7230669521208738,0.1095069830677705,0.796848305527423,-0.7999680230005046,-0.3134095507698269,-0.023801078394126818,-0.29997187288382987,-0.560039718655277,0.8884529624732223,-0.5838540749403766,-1.0093715034603017,0.6407799456705549,0.7082630190976069,-0.17350915656175653,-0.2875005861631689,-1.2458350754689311,0.05850731505431905,1.4732757384021216,0.1298317154476828,-1.5723945941019757,0.36008096889635827,0.23785137640107165,-1.4441737397386243,-1.816110739310401,0.16932903567269167,-1.005417292078207,0.4440942148058036,-1.6136128307795135,-0.023903966197317078,1.4192436411914051,0.056936901677946454,0.40417953004290574,1.0627804620382892,0.1506986575403039,0.8150593431005415,-0.1815335201312254,-0.5133607689693671,0.14033157668574978,0.7556558244566222,1.0190174975148816,-0.4554398420620152,-0.2373409247490466,0.040417439470786604,-1.0590495969632368,0.516769266598518,-0.9744935677888005,0.6303988667253669,-0.478513716609763,-0.7658935358857335,-0.3584312481978993,-0.19103307134200737,0.13692326191279314,0.6723359154840363,-0.25605321341460197,-0.853781870169339,0.10028483561060841,-1.2620422122143824,0.5493476995739198,-0.6900459503162047,0.028065280851821695,1.6907490817728097,0.9054280618966553,0.273885252081136,-0.3526768053030761,-1.0705830082241503,1.5461773959050853,-0.7667486368316149,0.3304671227352702,-0.5150148545613151,-0.6995092804288208,1.041061538499782,-0.0468913976743785,-0.4679594670871925,-0.043077556953950435,-0.4922532333991026,-0.981847872567728,0.27687112281879067,0.5964631290519277,0.2774382925819654,0.20781747248080354,1.1413382007137522,-0.21390252664782383,-0.25479064711641913,-0.2971305996344444,-0.1760983502751571,0.8585846730758891,0.3452130606538909,0.34387589204779373,0.7925930534048317,1.5981258658114654,0.3302814911202523,0.28708627831207134,-0.16566796063907233,-0.5671253959347986,1.2251213313735803,-1.0406752716339807,0.5451194895179771,0.31351793260651223,1.1643088433660833,0.38119692606745714,0.11959927746730742,-0.5766321657132258,0.4389652035217301,-1.2732885309855224,-0.13470681667289136,-0.06761804718142761,0.3804848129726564,-0.019646582935727408,0.18344816361524707,-0.34817820638523367,-0.09433706058098029,0.9953421455809139,0.07340962140353595
2011-06-30,0.8535850828884031,-0.8585394736591062,-0.26241423070191994,-0.1306258108546633,-0.04078044686901261,-0.8760754439606664,1.171430629451644,-0.7128320960421005,-0.02880411236017698,0.7740840188479591,-0.7337437493593587,-0.1455723856967342,-0.45688237956786987,-0.3295489389992644,-0.525965133635623,0.717105999155964,-0.674544381609046,-0.8745875324684363,1.0390552232010626,1.1137005105216233,0.13207903039758115,-0.38558222316594026,-1.3003184601303508,0.18367559060082145,1.1135751998504857,0.08132272170220115,-1.4494743852555754,0.19668521176425502,-0.07058464392421882,-1.318823691846465,-1.647798326837139,-0.1799184778759445,-0.9122381286628023,0.8586059103591661,-1.453050804633129,-0.13521383887810173,1.0974968653163697,0.020855117264893353,0.891305906675351,1.3193304965250667,0.012638239241547944,0.4261994043704176,0.010279430973135661,-0.7012743142417697,0.1850478910733083,0.6861207428374698,1.2509988385537176,-0.7139635338378767,-0.4103978523250877,0.3050022962786889,-0.9303951939665878,0.7578788609656518,-0.7814599194659245,0.7302160740491541,-0.4411425606911913,-0.7967535939559289,-0.8156458019557173,-0.40094106890919984,0.12940991003033459,0.47153334264701197,-0.5948293804552824,-1.1802253778778449,0.4943596376231238,-1.1503361688150988,0.9152807362810229,-0.823749191590553,-0.00822486927553251,1.773789184846776,1.00081472119558,0.28251919626544963,-0.429753902585139,-0.8938527204336308,1.2115755596209168,-0.6038524906613745,0.41949131420619196,-0.5752525091323059,-0.5762165034907623,0.8276804004236742,0.23449147103092663,-0.1571856137374183,0.7159844869735211,-0.05364647372628961,-1.1495837017108794,1.0849603513951898,0.5786691287679374,0.2126908502103414,-0.04826007892398984,0.9379476817888125,-0.3359093117590496,-0.23896717623160216,-0.5496680506161497,-0.47101621923721204,0.4646502650778574,0.5494261947112987,-0.3059658983516273,0.8016051580798036,1.6024030315603948,0.24243176569588837,0.3510992807966645,-0.24093182908626407,-0.6292877946251769,0.7398806093646293,-0.8643320617741832,0.3841055885509501,0.3211374588915396,1.2061241704112617,0.36835066330473054,0.09331290085088892,-0.6507153750818534,0.4575558299657947,-1.0797070049649042,-0.4827446378936092,0.10184701903691601,0.0427497081649747,0.14244511153195072,0.35302111208155973,-0.4760916062765043,0.006521275780193077,0.7611163821865949,-0.143057907559477
2011-07-29,0.39161891866615417,-1.0127357190017225,-0.36473301201849617,-0.04626351575046689,0.30773354664610325,-0.802347903793096,0.6901118130387125,-0.6990667403163254,-0.01116909122666268,1.1688023381349029,-0.9737973065347874,-0.4421417479881011,-0.6923903022622074,-0.3468346077176004,-0.5138052579458663,0.4960624089769473,-0.46356746490674666,-0.6827658574011647,0.893043125476085,0.5438889001569225,-0.176834895637294,-0.2796945366857556,-1.2612252391496517,0.2612076383596693,1.421175953553961,0.3284723850848175,-1.2499581919812919,-0.3652871842009768,-0.004532336790859924,-1.5234151947915884,-1.4160498605356824,0.20533333760251168,-1.0553733048223115,0.8672640791812849,-1.4517382465421922,-0.04529087357479111,0.92676168096601,-0.03426413930100773,0.6736837255087664,1.188856384092743,-0.2452532222930826,0.37005487992030767,0.28351756452597365,-0.7205023226732179,0.5692929992860097,0.8282449920397958,0.9138756599525424,-0.7809944938616523,-0.6411372770046775,0.18280016059573415,-0.6155198563452474,1.0509867821269272,-0.4444450677635724,1.135581507940552,-0.11550673269822387,-0.7261746156223542,-0.4836339641269171,-0.5607981264067581,0.3527098640608976,0.36707277811935485,-0.8359482246587402,-1.1017145760268165,0.6519602668300502,-0.830889905764093,0.805819552765381,-0.8328725267292929,0.0761142451944069,1.758465324569133,1.0281924228804553,0.18629443657418157,-0.016766148710631507,-0.901576881773873,1.4549264295744238,-0.9056445225800293,0.12866873806403684,-0.5086180479820438,-0.6008373427275222,0.9290583687191778,-0.027682177220476945,-0.1743105619636653,0.5342236984571729,0.0901136211191712,-1.3148497188707648,1.055221639812077,-0.02271817282767985,0.09877650761428658,0.25489958725987033,1.008496322697794,-0.17020431479521558,-0.26535418856627485,-0.8504807299432364,-0.4555801659573487,0.4879978199534429,0.7149366135258033,0.7259472022076229,0.8838847626763929,1.625205747965121,-0.028301736117403664,0.34809830274303033,-0.17426518190766263,-0.5010290391769497,0.8715412435652733,-0.9875861132386938,0.12335638713731681,0.13750390204438884,1.1740761373850404,0.31863270135100297,0.1449706070846642,-0.8531066323937592,0.13810213810657862,-0.9903803649164233,-0.6435742836191518,0.011578623087623474,-0.022481764202977317,0.1831362724520766,0.41056077724845186,-0.1272939878439202,0.24424499603970073,0.6711395715804441,-0.30098287211227304
2011-08-31,0.5079527353188156,-0.9527927201249128,0.019106896189741242,-0.38083430220094444,1.2379345698819444,-0.7344539518977806,1.142968016609484,-0.7215732812297841,-0.18707337667855062,1.1739720102744826,-1.1159586522099496,-0.44699136616197377,-0.8458320384035382,-0.34743388348233495,-0.5811392247670755,0.5802817269032122,-0.5970265404822029,-0.7076214487366284,0.7737595591473672,0.9253124776959667,-0.14633092916611576,0.12747800300758844,-1.2465401986879066,0.4434187088403839,1.448523836704699,0.20091455763344993,-1.0766684556125734,-0.15647097266100538,-0.22782417892093354,-1.50788415795235,-0.9006616580882298,0.1439440745890886,-1.2511916390178344,0.8838882223444335,-1.315274951999101,0.31846054640529997,0.6726228542168605,0.35044720181680805,0.6551633439384218,1.347177974252744,-0.09178282640330562,0.18471970139349758,0.6265221815480767,-0.8680642594868782,0.4911767796719043,1.0184193248292597,1.0666397308928446,-0.8434865864121328,-0.5098672212362547,0.0454387151334969,-0.5226386949804578,1.0113514934279277,-0.399649818646123,1.1438951329677538,-0.13076698441426335,-0.9265363747077886,0.13252068976889342,-0.563926115631192,0.21482937207050548,0.3299431533198707,-0.3948913054335882,-1.3807995782726699,0.3292775596528461,-0.7203092146051696,0.5996649701780498,-0.7575702448009994,-0.08894615099518516,1.1042411660807567,1.2633366263014052,-0.1490937478231162,-0.3643300992234162,-1.1332688338380201,1.3772947658754837,-1.1364094846517143,-0.22766012649462988,-0.6212741612512448,-0.5360978397735681,1.2469141189898938,0.2085436101167537,-0.21783276373249533,0.0027885420447848475,-0.16935619694843468,-1.3549869160710184,0.8299384483735768,0.420698383707841,0.14837621929731326,0.5812852290645858,0.7137003335871095,0.08170817593864066,-0.18574047489998577,-0.8140085990464051,-0.5611231649468407,0.3248803686417786,1.0411821810330042,0.18666608365452547,0.9723146183277894,0.9114571461144275,-0.411907178483808,0.17074239876969838,0.005910975640707892,-0.7840019214523727,0.6452822893776908,-0.8937027882548203,0.3513988461538735,-0.013312194464652094,1.154157737155985,0.3965010755940115,0.04222877290323521,-1.0697826957851821,0.03456147887779759,-0.8095271965167223,-0.6305363001856963,0.19145727876119145,0.002207920263449459,0.12119344529971604,0.496030915316782,0.2203776553846647,0.1801111378127273,0.5180871625573262,-0.3625352392923753
2011-09-30,0.5807507220144794,-0.983889374718744,0.10382523857434572,-0.5950423004005451,0.5188257754655348,-0.24319409882657883,1.1780807242332054,-0.7157414434073185,-0.36292957453783015,1.3045013287277238,-1.2618619446727437,-0.16617434295023165,-0.982096252291023,-0.2686922933493139,-0.41674959348404605,0.7400936323265009,-0.49708427767267804,-0.8606106847392357,0.4112512213112926,0.38784424699978787,-0.24835278760961016,0.40788498590307554,-1.6271304088768859,0.1336738576615062,1.2647894346220463,0.40582795707118396,-0.8007083573143055,-0.6692662711191322,-0.20289024227026767,-1.2158708713366866,-0.376990254185291,0.4454620306818099,-1.1831429046417477,1.2994151353270982,-1.6028986182607685,0.609257329571222,0.6408663492937992,0.2839180464465194,0.8699760641561456,0.7954328986534491,-0.2297895724547201,0.4451487980774326,0.541772826306175,-0.6567260740228792,0.1736986193278599,1.1958575266794622,0.9928584424231319,-0.9202856514788605,-0.5348422413084726,0.1462372194847426,-0.30903276813279495,1.796982119462273,-0.33739011943694464,0.8548880238262799,-0.40751300387033274,-0.8092689906810226,0.31107372051975013,-1.0367772164889764,0.07056280801834686,0.039860007563847485,-0.41941492315860796,-1.3107866006107631,0.3027024475227065,-0.9317261394686235,0.950456197872266,-0.7336222117577947,-0.12610010641886688,0.7463498483379396,1.3373258537176627,-0.2859383771014098,-0.38497593498089966,-1.3478250767246363,0.9198801625286261,-1.3208392993373883,-0.13589801229153897,-0.48438503227223684,-0.6176041655950426,1.0903634871328491,0.14490878577498595,-0.08334559546622367,-0.36724104291694776,-0.46607328282519916,-1.448811827309123,0.9407154878524563,0.3902097494005876,0.043191133752201516,0.7302302596995965,0.9351422944765054,0.270629127492957,-0.1188402152392776,-0.6888141516202753,-0.07813985945549382,0.6163022608728232,0.9731830698861788,0.07973777102737395,1.3801932304243039,0.5810239915690765,-0.12415779017622186,0.17150472526566213,-0.14127492289955002,-0.46448254573360026,0.8340652468869816,-1.055350956884699,0.6418187120706452,0.0031726455207040094,1.443533985877897,0.11837941401768814,0.048755690001682284,-1.1126862781151858,0.0924779142664573,-0.8985813163966982,-0.5377131181567366,0.08972732173081721,-0.12685750673870555,0.15743677916509416,0.53890221585207,0.31587419756477053,0.7170753352183498,-0.010513557507412789,-0.2109440518107942
2011-10-31,0.2753641338224039,-0.995938411045298,-0.04902103576621103,-0.6519077493004983,0.9521569055155126,-0.5156735518860479,1.3690701610548173,-0.6083294102771016,-0.7055172503029873,1.1614719411968437,-1.1827309562151918,-0.2720393426671153,-1.270520123237149,0.007470153170685778,-0.4141738484416029,0.6403762820556023,-0.5639682913295831,-0.8671761750554275,0.6974239224192054,0.49264662367058215,0.07178405384948272,0.432421383631844,-1.5292906722287813,-0.03536105147515184,1.259254331637465,0.8178266000136856,-0.572269120010326,-0.5372789554541683,-0.08153382919095584,-1.3912926949560618,-0.5486692198169386,-0.28735599790965344,-1.1877205918581248,1.5491329235543336,-1.4534891572295714,0.47508744591246244,0.45688383217336226,-0.09720829317333887,0.6511589291964894,1.3006149278781747,-0.1712554788370567,0.5027879060399272,0.7779261832315578,-0.3731038072496005,-0.1728306726248564,0.9080699786399113,0.6392019539644108,-0.5050270206169689,-0.5817664953594566,0.2189083899011834,-0.11758644767075876,1.791113218832065,-0.4087093935989495,1.1914139220673812,-0.3634187636106191,-0.7972339161899262,0.9093649485765414,-0.8199052335016577,-0.042811953226924215,-0.4226551054389442,-0.40953347999910306,-1.2201477128258835,0.7786432543339961,-0.647049736818982,0.49038563015309367,-0.5937344969043289,-0.046507388697578145,1.0636577528134277,1.1689217373887606,-0.2058962139140867,-0.1845813441721072,-1.492298368065979,0.7475851089946941,-1.3090715271174551,-0.6715061896466965,-0.30468108537140753,-0.39666220681997777,1.034211389830357,0.33042283255988203,0.3474799652161773,0.017176738502419298,-0.9267372303812336,-1.1829851386292258,1.1345364611888717,0.14473202544537594,0.08044203932785332,0.6158053644519905,0.5112469401757951,-0.6320292008197954,0.049643920881070225,-0.5508479122727999,-0.31526834139284055,0.6194455757751128,1.2656393545786748,-0.011520985606029543,1.1922723538837774,0.16074931967202533,-0.13623050689767274,0.04706515894743157,-0.20778529085206562,-0.12442323364918949,1.056648303039137,-0.9733823139181115,0.6297570391634982,-0.1085584777529594,1.52303118662146,0.03352015329864605,-0.20930341165890398,-1.081481663940744,-0.059774674452488796,-0.27087520231161577,-0.7400233864050634,0.12917931401319904,-0.09838597304359475,0.36580925199551667,0.7013354575586409,-0.2989672998086406,0.7221608499955314,-0.19776021395618254,-0.3076553069566268
2011-11-30,0.6240056019960248,-0.7720833362216812,0.24847843493332536,-0.4041392311720702,1.0313011484811345,-0.7914031296522357,0.44378400303976906,-0.6941136249016344,-0.6087289256788545,1.2758965045917185,-1.330179507014241,-0.6714711701837615,-1.1398434492749223,0.4571213163775497,-0.1595028864126347,0.8313685217653051,-0.5121585942217282,-0.3654825103558284,0.3776820908813287,0.805737515994973,-0.20062739326312626,0.4536424740879249,-1.5186585543928726,0.20809764593511926,0.8831065807779853,0.48495551664770026,-0.10650804160265359,-0.8891958857346971,-0.028411030445984364,-0.8403267958341281,-0.377825543970011,-0.040522321751901,-1.150805100514978,1.2966952879329643,-1.5418072424223324,0.7427334138812574,0.6390474681931915,-0.006678843916751845,0.2983915284840235,1.127491370088716,-0.3979831339431743,0.6319913839300237,0.7603206556497923,-0.12074367755487148,0.1704917718436666,1.0142306922085944,0.43191741787232374,-0.30004819658624304,-0.5220010018413987,0.7040887474214402,0.18671703686784333,1.9727349040543651,-0.44029930635763664,1.218746098046498,-0.013526159267232746,-0.7215220735418174,0.17653842613220333,-0.7761607476778429,-0.02926472188960233,0.16979665468751537,-0.6951813732630673,-1.2939505614125004,0.4077437858941045,-0.875239703986818,-0.09912957185916943,-0.7602331522008601,0.07221422161414989,0.9079824759587887,0.598341337465006,-0.3097715178145475,-0.1780163146652225,-1.3319270852405438,1.1710250038074883,-1.2942138218358585,-0.6391618226487651,-0.09650331404398524,-0.6561973429655539,0.7413076224835822,0.25970855002355725,0.388955486819773,-0.15730560668770066,-1.3127602124941942,-1.2681742810462788,0.7547318236114394,-0.02635822466766874,0.08403995511357476,1.128084751179237,0.5109902159922046,-0.5529250038117953,0.5801371462019546,-0.616155146214221,-0.5175587437115456,0.39063354282355073,1.2461858010693554,-0.428621084774631,1.4343461628173566,-0.08085167483588179,-0.1864281047013877,0.032814419765922476,-0.4731243972796703,-0.0647147790034675,1.6781729713737765,-0.9875471945508104,0.02994052812207257,-0.3544717114962133,1.3052581429191212,0.29263215793384945,-0.09799662476542959,-1.049259512070016,-0.012267497247745951,-0.6133631518694045,-0.7051776556597142,-0.0896283273781815,-0.05769621834308325,0.33566418686727534,0.5859820670581428,-0.0487094666684727,1.2450699557446852,-0.035562957103639825,-0.41086722954737076
2011-12-30,1.0233706295806817,-0.7067216702716491,0.034860352963160604,0.11127028324519381,1.1124013192956133,-0.7125253466830246,-0.13535341106571924,-0.2975477089362386,-0.8298334629641873,1.36521887460525,-1.4532330829889881,-0.36341954665382403,-1.1416693798187016,0.4635902233481461,-0.1596139056694281,0.6057028691687559,-0.6183810080353125,-0.29625664646240524,0.5579819382229272,0.7076875560394513,-0.04670121734269772,0.5251297395768684,-1.540755632501668,0.7603954968393704,1.162187517000281,0.04500423145236629,-0.26688011406035006,-0.9509218139680949,-0.031253372175888264,-1.0803342489511243,-0.34361399859895103,0.20094656776334202,-1.0616601821719716,1.454969852217312,-1.5167343828459434,0.5054143872779882,0.8507626231834423,0.15536346029526923,0.27125282741988477,0.8763370501842079,0.03779167895284846,0.6537291516343722,0.5166155399784489,0.13295998361512407,0.01580451842043942,1.3136286036831983,0.4647886849183662,-0.5785145685404665,-0.4927875157680901,0.9357944336783539,0.1335121679928449,1.7943660088418358,-0.3897145613880816,0.6858578315315925,-0.0831653512440888,-0.5386650305704567,0.19559629250936944,-0.5298871218265574,0.16148800094427868,0.2873968815619532,-0.5095244480907682,-1.5181713298511763,0.6230387718656458,-0.8543040751628874,-0.4939807520667444,-0.7661379658072147,0.25608801428133093,0.6023590352707565,0.3751416159646672,-0.24015546167876697,-0.28857148239392033,-1.5080745225793386,0.7310890651836479,-1.447540303915101,-0.5396910445086768,0.4478063678430034,-0.4259883575728871,0.5234402694078284,0.25753597332659345,0.5044124174750284,-0.3393686637350995,-1.1962177681133617,-1.3050680284620184,0.8673029412922767,-0.2749341200790701,0.17825461859618397,0.933242211869203,-0.15341348149209608,0.05917153356954874,0.35529058809149294,-0.49474284859098594,-0.4343799356238544,0.12901674129640373,1.038322195810275,-0.7884571034014973,1.482953799446665,0.17764022515919922,-0.3383302777986678,0.03844867168416344,-0.2928272418558761,-0.3189307206514824,1.9227736989301958,-0.7935538014130337,0.33749086161152664,-0.21333401792903506,1.4008523856266162,0.38458418956069246,-0.35848147092710114,-1.0085453655402445,-0.14817984621420077,-0.5810467671640235,-1.1094647619798697,0.15026562162875556,-0.304046160063078,0.3658401055649274,0.3445304925691861,0.06813063901975941,1.4518958954375418,-0.47067331533162676,-0.443816803828049
2012-01-31,1.4554422589268767,-0.48379897537488215,0.7352618711359543,-0.07279849162139518,1.3662953801587967,-0.8785166407827989,-0.010069136702030135,-0.3389598824449055,-0.8913223256319391,0.911859744522175,-1.291081482877975,0.37288974851673445,-1.0342669910255136,0.2967109321361631,-0.10714404291004176,0.4072644463694741,-0.7076712972023573,-0.7513269650624979,0.2422892836710384,0.2684832669182726,0.35278820035106684,0.7461215077563366,-1.2758374292635732,1.1416476920051533,0.36826441410534727,0.13117691650637775,-0.9850783765227785,-1.025161428327346,-0.16382522269715474,-0.977638297461497,-0.0070512417098302915,0.9866997006312593,-1.110795539159518,1.1219832594959924,-1.249518766861539,0.7118419726655535,0.6811493087123383,0.10369779773395527,0.5436694678118891,1.5377061357773845,-0.27501499447778943,0.5241675278799328,0.7210778017856928,-0.15808247737335912,0.14053990221160356,1.028733666294182,0.5668514029162154,-0.6175152203409096,-0.36786061056315206,1.1532226467355813,0.38802261841467295,1.2698070899268652,-0.5883323439842725,0.6227594938805746,0.05549149351273977,-0.714396222026717,0.1443936512409847,-0.43129996501771234,0.08142377440486276,0.748710104559934,-0.31967440664610436,-1.628061287163212,0.6083583239920629,-0.6062108428291259,-0.6563101464141035,-0.5902031272050405,0.25069498178238103,0.644710969267054,0.3623430659159951,-0.20488181721156024,-0.5482139254960665,-1.3759662144897207,0.6273332392209421,-1.3219224629522854,-0.4923368968660391,0.28508525202680857,-0.38288044808869454,0.608519769723813,0.10020395149863431,0.674175879599139,-0.3615889740824273,-1.218929057071457,-1.4984818703856106,-0.053434145139358104,-0.5886203559686289,0.40827735694693346,0.8783843686058798,-0.32215412672024524,-0.014019244056136082,0.002320296708638453,-0.7640225321305922,-0.4616688083301647,0.36135581690399654,1.1400232988828574,-0.7875063572466721,1.1660331425190693,0.1751723190635085,-0.26856085913234,0.29005985393927014,-0.14514439120855138,-0.22430829879929803,2.060994138923925,-0.8970786375818238,0.4137360339045132,-0.15908441837159815,1.3632515137034453,0.49519725414078086,-0.32703724287614033,-0.8010346702906488,-0.24847552457522276,-0.32815518124808146,-1.2599027678915684,0.31959807670510243,-0.5678837931665373,0.4557224132198446,0.3678347983340644,-0.008465960584752907,1.0882168081178412,-0.8241879806042424,-0.3052762630709702
2012-02-29,1.3701265685932251,-0.5506144240728855,1.0076745465572845,-0.058341991937488374,0.6914786765999674,-0.9139841718437527,0.5112134952928413,-0.3068597412229297,-0.7926985161552406,0.46564481737361324,-1.0494229935912642,0.4702795631936484,-1.017753181133364,0.14905051114095821,-0.5020985113141954,0.4984846653204411,-0.7468895947645687,-0.7068481084334104,0.3179788219607395,0.8879911328016866,0.3652642731404887,0.4863904703398467,-1.3787000913981537,1.4064107200549496,0.6566705571378274,-0.06567618625089444,-0.7671956144033102,-1.037130929731653,-0.07408500295518626,-1.2664701617033711,-0.10816345607072375,1.1705726532794063,-1.0753916804993822,1.2722478281016634,-1.3814668994799448,0.609914491287987,0.5526089934323266,0.07650240453333546,0.6900197352933645,1.332973112527629,-0.3376253920604638,0.48725546184626745,0.7773782440473366,-0.32026681547544666,-0.05230940605709165,0.9037822838867918,0.3550980819838399,-0.6264763013380992,-0.04796785263973483,0.9678195934328455,1.0532237018415407,1.05918560016323,-0.37649379216975093,-0.08362200323832705,-0.12067644516460585,-0.7634243675172064,-0.21043854138976092,-0.0859555927596426,0.20780694898352006,1.3058249874280339,-0.6322374545351385,-1.7311722330894947,1.2290191191849418,-0.5324557784124389,-0.6423010158409347,-0.7276015209056974,0.42020485986745115,0.09150168644193818,0.06625380936116448,-0.19977325329530923,-0.04002019583561714,-1.1682510419396235,0.4011398661108393,-1.3977972033617267,-0.6054774064824407,0.20245075711430682,-0.3683006158769879,0.5483770964463379,0.12522349504639768,0.6692644344633861,-0.578399785550862,-1.1586755895155307,-1.0921530194528668,0.1596310793934584,-0.44942469413060704,0.3829652920722837,0.5919619284491155,-0.34218332233552845,0.5869764390729753,-0.08933788998910573,-0.7498156805174512,-0.3243132238565454,0.3941706759824753,1.246815971143159,-0.7023053381077295,0.8263591260052652,0.23005429169059566,-0.04486061123894941,0.21742277407128885,-0.3626464163990339,-0.3169004046874757,2.0053765842523847,-0.715501053766732,0.20259575464466323,-0.0322740513128312,1.0095192294501267,0.7127257398924705,-0.058081322024362246,-0.8349669295148483,-0.2152065280166796,-0.24881052141016108,-1.3560407445747453,0.1858433318736128,-0.6040904065548397,0.41560819491574935,0.5860454258433003,-0.3873631055046519,1.1276206950110845,-0.8598602558254926,-0.3483542187431063
2012-03-30,1.653457338498532,-0.3510708189192588,1.0336260035248173,-0.4074413895831802,0.8928535237640882,-0.8779350018589924,0.5850254476193187,-0.14858152426870094,-0.5964125535622326,0.3211251700617622,-1.0904814125031137,1.4008368951759262,-0.9480683205873084,-0.1747322003864284,-0.3944493252930099,0.21834964789719397,-0.5185415553947652,-0.9219465429495954,0.4385871894178831,0.6988479937254983,0.13636017414560025,0.4867570126554817,-1.2607841037106735,1.7685181199475943,0.07550935159441013,-0.18065672462332633,-0.8149448103528749,-0.9398254593848514,-0.16828613357612082,-1.454878197295084,-0.4679655663489657,0.9578111974963803,-0.8529713964865946,0.8169008017933912,-1.1890776331086492,0.5515458753153475,0.6827164927145062,0.047199555347650954,0.7910907039869798,1.2820358789127435,-0.32030593136782526,0.8386569900206611,0.8013177952804541,-0.03845533024229819,-0.5554068365569764,0.9417951941169201,0.3960215407320243,-0.6742414116119949,-0.2519730688042515,1.1379832975203357,1.035167126420732,0.8732497718061232,-0.21467589645160412,-0.0015462293608525524,-0.045985096588997826,-0.8246728978893428,0.3454612605945548,-0.346456741720244,0.05839284051643273,1.3482296872763515,-0.6289211427565319,-1.5974170217354589,1.280582799002196,-0.8488082753563727,-0.39196424679641095,-0.6512703983226003,0.060424645755757456,0.09574488623789801,0.2155906800151901,-0.41486316576110616,-0.7533896846245356,-1.243529792986404,0.3234048564798777,-1.751868256067267,-0.5919611675398584,-0.08384700928824085,-0.46358426969102073,0.6860573886065046,0.22870471225899575,0.5060731812563758,-0.7022201572130405,-1.1110398471215497,-0.95889039701638,-0.28747870976660744,-0.016216345758853556,0.48257275212632683,0.2952401614002182,-0.13602733789154325,0.5723245069134902,0.04182514501129077,-1.1371382995397612,-0.0012358513724861318,0.4421619411184404,1.1508405627511422,-0.8680321083200297,0.8435547460712577,0.360182813668857,-0.014145857198568146,0.36157382041961683,-0.26796487998237917,-0.06211226083942421,2.053612397804534,-0.6576437172014049,0.1659970747119014,-0.16317570606058004,0.7289320865147954,0.6504825065450482,0.13312616726030924,-0.808363414120223,-0.15369731335297415,-0.11625854241058683,-1.2659936882986371,0.6080198938984824,-0.5486662012747997,0.2994059261455263,0.6095492958854828,-0.5883982657747674,1.3765638777476743,-0.7488999924435659,-0.12018526881478114
2012-04-30,1.484048054757113,-0.36061712576055754,1.2488551814316684,-0.43199312773212023,0.5095418252962604,-0.664188444825621,0.5625519698079873,-0.2868387964421055,-0.747007681266458,0.25206991214006846,-0.9636727007929311,0.9334239491548563,-0.7512028102500103,0.12942405017602382,-0.18419183871067435,0.2028874947796805,-0.24106828895137097,-1.064528958434969,0.3339531284140501,0.5670059418176839,0.268898639764627,0.659449467650695,-1.2835677813977946,1.6068379532408161,0.08892951866899723,-0.10787745080042643,-1.311323449889929,-0.7891883098672277,-0.20334354376359953,-1.3888126444614373,-0.6814082498816296,0.6611933418894184,-0.8298511161966177,0.6954387025426207,-0.8399092692884903,0.6223660069300172,0.6825233729265249,-0.03121989922282086,0.4370021647647341,1.084695677407797,0.25541565804187827,0.7649956746686978,0.42802076843045317,-0.43042787573665997,-0.7519204004406894,0.6960499084829103,0.4934588214663917,-0.6906341164209306,-0.3866359996695959,1.0661165052166326,1.3648475693864115,0.7629350845553096,-0.19973851577323767,0.06840164576201649,-0.01882564334484016,-0.7884542114469841,0.47544021944886244,-0.7662029722518214,0.07511628222663806,1.5505607951776001,-0.7326415850923748,-1.5128850675882775,1.239833789001761,-0.7754792846392702,-0.37647848034248615,-0.47029404298817445,0.04396927460758687,0.18707530518411175,0.23659004634664707,-0.48070162186902915,-0.778901377682015,-1.3092594890991165,0.14795039532627563,-1.8311731996539296,-0.46914510518407904,-0.06723187609799636,-0.2162385066377376,0.9591869489817634,-0.14409844799985455,-0.11055910834523747,-0.8514360429447201,-1.2200561385754884,-0.5536107078233778,-0.6020919892680769,0.8265087650546787,0.8124279254517042,0.03116350514304575,-0.5008459421021383,0.7771120626613823,0.03926836974491996,-1.2523480453632891,-0.07118845067172885,0.5596572323163558,1.3030011005340845,-0.7507652469814889,0.7841483692786677,0.10499730592474257,0.26937651882461844,0.4267379259876054,-0.5387177946088969,0.27551290887609525,1.8855423005990706,-0.4452292063415182,0.08521016314093181,-0.3177224957743239,1.0783290230372788,0.6263778527967907,0.0675556520644354,-0.6657432128708789,-0.18683544460563328,0.2593593386515049,-1.214581255668746,0.7859709158248535,-0.3888079287183879,0.4466283153632963,0.48658512040027696,-0.5790241218306234,1.6142042906441367,-0.6811213316520777,-0.10287223615156343
2012-05-31,1.5845489409373883,-0.5236540986985727,1.175824120524627,-0.45820791326016586,0.18750140518748729,-0.44300040508191624,0.4849019467085781,-0.25266541999422565,-0.42873784725418135,0.37073382635443947,-1.1158647990005064,1.3618921904063244,-0.7179676466928803,-0.041110283831097605,-0.4164118430807931,0.07502798247942227,-0.23681490872648023,-0.8532766874027982,-0.10246762978554153,0.4002259343785995,0.4359928194535901,0.30642649899389746,-1.4133246570238103,1.4982142768508317,0.008976888012082906,-0.2627285066937055,-1.6320762187353157,-0.7864626074413663,0.024074749205217016,-1.3956218644638119,-0.9902088389987136,0.5699796992520301,-0.8215872508631156,0.6502895128711428,-0.7241099649291107,0.5736280379347825,0.6862509879423813,-0.021477582488014145,0.45069485931222186,1.4546933360690848,0.34335715239187575,0.813814302725075,0.40618966739391715,-0.47537503203690556,-0.8046962521017955,0.6531095954671431,0.48672246020030996,-0.6075823898623086,-0.3730193642543801,0.7237470899440106,0.8898238646986552,1.0316999962747941,-0.278841086565252,0.07858447461207427,-0.20847891828788917,-0.6229197683071725,0.49201898047774106,-1.1669439070831509,0.12199330422477037,1.354806810735899,-0.4609629876615502,-1.4698120514442359,1.3221336488603068,-0.8797703150489011,-0.1733169796718472,-0.7101556741570678,0.08679152604479018,-0.0700734054355624,0.2968038297948565,-0.5881641250819094,-0.6471248614506828,-1.2649992244852966,0.22644710573836518,-1.8506335110720666,-0.40646113587459376,-0.12680192557219383,0.048167989212895,1.0330092124289718,0.2122793725596059,0.24015102492989543,-1.269987275167139,-0.959089962543656,-0.04042083552853437,-0.6517025232684087,0.6605764532751265,0.9891543358588875,-0.062429191361020625,-0.3828520500013851,0.5055214311387961,-0.22926432424453283,-0.5264938848259688,0.16066218664253337,0.5872669898052947,1.309894938550394,-0.9667061451347889,0.8898437933596175,0.0002492577506397198,0.6138241068931111,0.5207742584171757,-0.5525983186533694,-0.04527198510795522,1.7217042927178077,-0.5777103677574253,0.71471792703103,-0.28022272519494545,1.2140065907042519,0.59717900199543,-0.08832568833578999,-0.4804167030217434,-0.1420387813726502,-0.3667086840608471,-1.2006562726274006,0.9342556670022802,-0.2862166981568155,0.40540117905893064,0.7066255573875456,-0.5974306477117073,1.5407715856192197,-0.6303576280205274,-0.07314839280064106
2012-06-29,1.8669092912351657,-0.6138151619361464,1.373590687475397,-0.5322720591071723,0.41402817100174316,-0.5928251896783024,0.6984378117408405,-0.27976079205134124,-0.14773058452246185,0.4790038736400888,-0.860929567238875,1.6032209952989975,-0.6018433911779145,0.19123426669965377,-0.43722589846771265,-0.08963979730458421,-0.29860430075709443,-1.0525295741186182,0.04216949665342917,0.49408278374567177,0.5148946294919058,0.02954281915316615,-1.4166411049449448,1.0113397092063428,-0.011635059256534297,-0.6749955052909724,-1.625279104863801,-0.9042127853725987,0.16245856764702307,-0.9950003312554341,-0.9880136850323038,0.3983856708146869,-0.6297445516337248,0.5764615786470844,-0.78465113202076,0.7223667942672851,0.635499767649663,0.16074296237641691,0.40476646236351044,1.6515910051073992,0.25693453574545866,1.1724316051761532,0.28273911961374887,-0.6097394070252559,-0.9324559716380173,0.6529103769835293,0.7235646927765624,-0.7352128736570592,-0.339289292863052,0.9869354991886808,0.6696611617017908,0.9309928079316311,-0.3894088927948409,-0.25037773318650747,-0.4150186976938523,-0.6003902686529856,0.1952926818169558,-1.1919525370054358,0.11500785323822381,0.8179964018512358,-0.6145066274298768,-1.477344537271884,1.0014552968885,-1.120979563609898,-0.23727039798367033,-0.6385023335345914,0.13716357151567823,0.1805734511125502,0.045641534773479264,-0.40441380370184,-0.5882179955324489,-1.3759812132390308,0.37986761369979394,-1.7974485967576355,-0.194969632142852,0.043338484067230454,-0.13661983504284406,1.0229640966046927,0.25374484681506687,-0.06003539046576839,-1.1209147045593744,-0.9571630484990638,-0.06573132827200734,-0.7613713941472501,0.53746316437825,1.5480564904330398,0.007972964538405625,-0.4694000963508856,0.42554756655997794,-0.048828462732655314,-0.8951934867573168,0.28274919911409113,0.4028125777171452,1.6062863616501515,-0.9716412621215913,0.7792024837158315,-0.02943357064634855,0.9348128907606308,0.6240095477101029,-0.5338757426353462,-0.17682142147360932,1.3872070452552236,-0.34272412791624385,0.6515234525094398,-0.5083388853826001,0.8482485634495376,0.8841835109327939,0.010118769672051428,-0.37235755972374407,0.005684687005009348,0.10090749374186331,-1.2254713179158485,0.5971657164068807,-0.3588548592676106,0.4669169492837443,0.6710707035020999,-0.6473992101769579,1.738553586441811,-0.7461288739363018,0.06869782928090284
2012-07-31,1.6685924974333095,-0.4163032021621392,1.1612353349067293,-0.5923631343303375,0.06959923919086866,-0.7635450944788011,0.12511759238250367,0.014184966910682242,0.047552268161062644,0.40548611044812316,-0.7261196238305432,1.688690970700401,-0.7519328731259887,0.26972484705705424,-0.40032347622133313,-0.11400219024045782,-0.4283694407589597,-0.8796737135920574,-0.23165595952395296,0.6743779961767408,0.7587244133911586,-0.24201940609945422,-1.4850778825901714,1.1705188475373614,0.018438388282507545,-0.6118715902669261,-1.8919318107917464,-0.8675651474645795,0.4079466173319307,-1.0528743497190176,-1.019810910038476,0.9768200655208352,-0.4071403579547931,0.7483300889412483,-0.9058826092127938,0.4127366905627418,0.5700464369566015,-0.07800020310301636,0.9817127511575612,1.377594290394016,0.645971635110616,1.4850347077533463,0.39571189421168446,-0.27502300759889103,-0.8628301058017669,0.4257217500140191,0.8221795930400908,-0.6160823254582657,-0.5436480097837849,0.739648199291619,0.5615836846157836,0.5804933691009129,-0.5161305732297623,-0.3290774561398727,-0.5035786464341601,-0.6138938021446605,0.29844291371368814,-0.9756329647794355,0.007969304352398593,0.43027938112686126,-0.8164554807891704,-1.737033507229944,1.1304896667967057,-0.8819938477730329,-0.39130171189472457,-0.5329982724585804,0.1989057343072872,0.28127109798930106,-0.030045738683503798,-0.38311514042506906,-0.44821941090215456,-1.0137852167566732,0.5267584391577611,-1.7190330348865543,-0.3710866250723649,0.22830019784422462,0.14606335242514806,1.186800509980626,0.18446583477794481,-0.11117797953413633,-0.9789910046431751,-0.8529439874909744,-0.7253240212949772,-0.6317145834729312,0.3017860235502964,1.7269901866546942,0.05629441283371622,-0.5133964204010218,0.289294276332719,0.060479958633320584,-1.0038430264907676,0.19132704150912747,0.5671641996501442,1.586301536666936,-1.0383781658116678,0.7628912637327451,0.021631532598003267,1.0581339772445328,0.7483137437966005,-0.6636802163364097,-0.30870946683506106,1.287688417455186,-0.5637506628541177,0.4847107212312456,-0.5686685059575102,0.9501040295118973,0.8714388624888711,0.18369432617626177,-0.38816052631658915,-0.012709081690816137,0.03856587304104875,-1.2447656888274978,0.9079093924210059,-0.3191531630310107,0.4907079553918904,1.1192995952125298,-0.8990631729065235,1.5835709269806462,-0.7803618711349034,-0.07960053338886292
2012-08-31,1.687785354570618,-0.45335614116406564,1.1818691837021598,-0.4764963806669989,0.3085498678000088,-0.7397750258139988,0.14635288697423454,-0.2711057139983335,0.16488639843245362,0.25369286584534084,-0.5395320013557208,1.5358720909267376,-0.7329244880384885,0.08508713283040892,-0.3302955137637289,-0.08757761881599108,-0.7489125251469754,-0.7507985110473632,-0.0769979822359792,0.5213407978502224,0.4374918607426286,-0.3987334385800311,-1.3187153239939402,1.2589421414218487,0.24154016969233122,-0.7113673087828547,-1.9687639923588276,-0.6094349507284186,0.2786681878425754,-0.8571253929342217,-1.20613067350596,1.1414613486202536,-0.2044928486621316,0.6835846854007268,-0.7414954800082084,0.4539161281789857,0.4946193734129736,-0.09266952287501247,1.2508161978187546,1.4472643795763556,0.9839948119791606,1.043174871613092,0.758616394501738,-0.5762568673194024,-0.8147320645094818,0.30767085839165875,0.8725375044661591,-0.6366321551522497,-0.518760739036475,0.7403049148903148,0.24689255898377394,1.0322420996544945,-0.2772516530194934,-0.28718568243907494,-0.32565494862981803,-0.6987043206014953,-0.09224964584379614,-0.9094560005142684,-0.0319409016427305,0.3017252947580561,-0.5546847718241396,-1.6534260796139133,1.6222244267249866,-1.0163913224265815,-0.7895076660218687,-0.6756121227076204,0.04240258986543044,0.6790739063405313,-0.1026750457614195,-0.2902248949414488,-0.21304777628301153,-0.7543642001553469,0.5302177036704511,-1.5619048328280742,-0.15223550651741624,0.43571748378527897,0.6972804039579992,1.2693602401158381,0.29512622646621267,0.4475297840365432,-1.1248518796629012,-0.7170926234635222,-0.8356570867255404,-0.9049281625676896,0.38465728404110433,1.5296901299438548,-0.06905386633170219,-0.5221643148872251,0.2227045784912538,-0.19570275515034394,-1.091907970928006,-0.33136943408595443,0.2367769917039203,1.3089016821870652,-1.2256386129363883,0.7881191625469686,0.18495760378474857,0.307280245196241,0.6532649930537043,-0.6702231884418115,-0.2565807013738904,0.9738438553102841,-0.34611933730231315,0.38401901228521057,-0.6571301135114892,0.855886423974962,0.8314111186175386,-0.03353837796041739,-0.4355194303301305,0.2689005704546287,0.06949640407347363,-1.2571886133593773,1.4381847120134463,-0.22842139905837644,0.6233070846716122,0.885069950538232,-0.9307777747440207,1.1071703512264088,-0.7859359149493449,-0.06407368991916426
2012-09-28,1.484827347443138,-0.7217344657752433,1.1342966385836244,-0.3816524833603604,0.07199866797498078,-0.7274135012599756,0.3192117353003575,0.1711331466162616,0.21017231854801927,0.18224501414088645,-0.6095211456382212,1.677274492430157,-0.6038014988774254,-0.06612513334827386,-0.4422902924103057,0.023484673730808814,-0.494316471686318,-0.7490014502195266,0.1382086627662168,0.6909958257738256,0.3812366898088094,-0.5197325706729805,-1.3156449278459301,1.234294840417761,0.32230278423777364,-0.6087276279088283,-1.9378919504263963,-0.4318089353970168,0.16761088582424402,-0.5012723506481824,-1.181731409427631,1.3605806224369197,-0.46295458085237684,0.8823561426495992,-0.6439442818622382,0.2783581407259878,0.5137912162776322,0.15442318424358575,0.9850645151370093,1.0209024324784193,1.2098163102631654,1.2905546458951946,1.0253264621178992,-0.7697909271713399,-0.5070240581178945,0.15461495864767005,0.9828975073308592,-0.8526563537281318,-0.6654482539386563,0.6124703579014725,-0.1455541574224839,0.8137167561607022,-0.35174782777858216,-0.298386871644639,-0.3361191407930564,-0.6153751108172417,-0.1567574097089002,-0.8490597348228115,-0.08778808570389762,0.4684809415787626,-0.4803507874183275,-1.5271429680850759,1.6280332740696952,-1.2111901792721729,-0.7957186669514243,-0.7591959194354481,-0.011102350265804528,0.692365545157791,0.1265764776537169,-0.3559133091021195,-0.5070404044248157,-1.0236270192319143,0.20093898444023522,-1.555560517286637,-0.12815759095013174,0.2636968168122286,1.0798851655520185,0.8969355710553824,0.30095457222741906,0.3803671368372926,-1.0806334272567364,-0.3011559098891151,-0.6129041078784159,-0.8621923150898889,0.9152791570351948,1.5659305616186427,-0.11649974614275818,-0.576557386836766,0.22387948577923633,0.12195740665078308,-1.097618996364158,-0.28897981098535686,0.3895786002195306,1.0334579480198511,-1.2741309056791696,0.7727307544371789,0.1100921488779609,0.4788601507095679,0.7318024758592286,-0.4612406791316332,-0.018700679137219456,0.8434177308273214,-0.6941513161883999,0.4220405249949749,-0.6387372960536077,1.054388566541899,0.7558671410929507,0.2908142665755755,-0.6969214312966956,0.03828558139020116,-0.3168123341763649,-1.1616814687787822,1.5938574110678037,-0.1381467233069253,0.628948705002735,0.5316576861366593,-1.0959185495100034,0.6819262579435394,-0.8286366681289398,-0.06528154850866244
2012-10-31,1.3200306637137362,-0.9627617375785391,1.528160550004454,-0.2726378495566113,0.010592554694172612,-0.5192037722013882,0.5089301857192151,0.004646384536296335,0.8816222449085879,0.06605857430514162,-0.5299094542931703,1.667736855370217,-0.535453198185188,-0.25379578186055496,-0.5549972713925178,0.012941069286169227,-0.17092155644837723,-0.9863687057457977,-0.0022977121173592407,0.3409970436220905,0.491389064714594,-0.5203462041368985,-1.2412881432717642,0.6390265821746395,0.3458384598325715,-0.589713088457863,-1.8763302330958913,-0.3223971554403849,0.11527529417022828,-0.7658614952461098,-1.2635510077140397,0.9982925846539711,-0.22045957437080332,0.7569990349717963,-0.7206146205489763,0.2100630342166011,0.4113825488695946,-0.007557992586826601,1.459837360321736,0.8341386249401341,1.2779038177758517,1.1297971930950572,1.6835118446689954,-0.8795242627554477,-0.6091375255367354,0.1702516336027719,0.9373510068794972,-0.7786604746322106,-0.5937268899826066,0.18540616717793632,-0.3524449968068872,0.8145155505171497,-0.45185896095243805,-0.4063280800933049,-0.4887114424082684,-0.683218973355975,0.21120327028114932,-1.1343857039492136,-0.2538557427240743,0.5453383253795236,-0.2649994443595408,-1.415985490421159,1.2797440333508603,-1.1977536300454543,-0.6616265301772964,-0.5698887460291682,-0.13610115666205352,0.8210951506881052,0.409758509635158,-0.17393605164714998,-0.3223982840050795,-0.839933009682166,0.4736008030215479,-1.627568426397544,0.0011288492448473658,0.15046554336305984,1.1577206187074585,1.2022236659580743,0.4885753792312516,-0.10104837331020944,-0.9876482106560235,-0.31314961145531506,-0.8281200999362698,-0.7927140490190107,0.8361154753783498,1.4850140335132318,-0.2306207000101593,-0.3638540470089401,0.005930809367029499,-0.002628371150531522,-1.0929809273675386,-0.31413180795944906,0.4395318232227257,0.7565791247840691,-1.350566181766722,0.555042683517544,0.18498411502370826,0.5944343468852498,0.8912305117367556,-0.47204067761454405,-0.03761583925335503,0.7872537226567567,-0.7077150295886725,0.6585508985489333,-0.529638163057877,1.1521996728094726,0.7339760280482535,0.33828673054808045,-0.6828508394631921,0.027070422742051903,-0.01998817764186367,-1.2171632352142925,1.5637991516716472,-0.21313688785502194,0.4428312363033386,0.7851674899324733,-1.1311904437468097,0.36203495241070005,-0.7237745376795119,0.12750328092355392
2012-11-30,1.0703556452142238,-0.9271684340153759,1.633963377616672,-0.054883901125383716,-0.14476459336012076,-0.49988167524456384,0.5485055118909009,-0.0023751274956401135,0.6849631082985419,0.09036193372259915,-0.2064339194561423,1.430123669352795,-0.585146541157502,-0.270403439498956,-0.608252256455931,0.008271893326953272,-0.1686680969848009,-1.0389586017209134,0.15564601553810356,0.15112599459673431,0.3058823454510446,-0.2404442238889148,-1.3709523637625283,0.8532174248033142,0.10076446019498181,-0.515384726210128,-1.8439950580927844,-0.04583998339855505,0.16752113542749017,-0.7718756202072198,-1.0634263443876788,0.7938002245014818,-0.27514851299504717,0.5577532495116977,-1.1523747073298434,0.27629835190257823,0.3015279721454248,-0.26778771927116385,1.2820849287067233,1.1837636447110857,1.164384019827076,1.3732371760054434,1.580601072874975,-0.9311138021418273,-0.454050568199636,0.25679328930764483,0.7449904071854792,-0.7583209812009698,-0.6131685567680816,-0.03070043120066518,-0.18852383816270968,0.9391777817067279,-0.04685906163162473,-0.2162512871198105,-0.35586120313537367,-0.7098051690178224,0.7446646102173259,-1.1036329507065115,-0.2420313606247561,0.08557167503915514,-0.506208897856835,-1.4024070087282314,1.244254835582518,-1.3447862618591064,-0.62997168037645,-0.6899405846249114,-0.12007000294123688,1.0341789496455571,0.5799063141019334,-0.023768073417610183,-0.5548940427998698,-0.5403031553161417,0.5071986949103929,-1.6862103236004817,-0.09779213752471978,-0.16696046605618797,1.0725703051313493,1.3826082673424689,0.4496870245807989,-0.07228305905987376,-0.9140118437495071,-0.5876594220239255,-1.0013622822182773,-0.7621414870708849,1.190980281523278,1.3269046730143785,-0.2007898168129815,-0.34902188544596646,0.4229376909458521,-0.06706118312582345,-1.141621854054164,-0.44517697156959823,0.43382854513566604,1.031550080349875,-1.205452910542453,0.5093447759851737,-0.17333336468035493,0.6094768653987046,0.9490825009443249,-0.26327739620264734,0.12720104349443723,0.736083376370538,-0.5345418903600021,0.693194032327064,-0.6659739123237017,0.87134456740215,0.56159049967773,0.40168833312135266,-0.7601016506345697,0.14193164949013382,-0.2696268346805853,-1.2641020524965643,1.3707267114037984,-0.20345380862127693,0.7261108363785596,0.8019769983268795,-0.9613418919492984,0.13415440406578558,-0.6462260723578148,0.16049610532316386
2012-12-31,0.8925204923497547,-1.1006415554455626,1.6022803366771143,-0.48746761219597123,-0.17680320595812443,-0.4580496794531023,0.2677557347866248,0.13111737193393497,0.5710585013974209,0.33688060927869,-0.5486056310844176,1.6970413199959824,-0.6563127398952417,-0.15085080314354252,-0.4622449888309263,0.1445212670925468,0.1421096616316545,-0.9049111566836016,0.1689959650527251,-0.05644135196595884,0.19576499929355087,-0.18968511580551603,-1.3937089035922,0.848848649870147,0.2166632215543384,-0.6072045529601402,-1.7357899905710394,-0.14302557905452584,0.053393381720244604,-0.5626074342702876,-0.7848748169828679,1.1858671944261039,-0.24910339833790915,0.46920218801853925,-0.9040361003629753,0.049417027246276495,0.2388653492253425,-0.2359891197859638,0.8055766389778085,0.5751785108895626,0.9325103167253934,1.5974855412585656,1.3437440635272555,-0.8639781321889236,-0.4565786316616851,0.5094148795350033,0.5841251047844365,-0.6546233650859842,-0.639424075606935,-0.044554096010232414,-0.2085385570490636,1.143800100945464,0.11143383688362271,-0.09319658207226866,-0.27311760162111265,-0.4837060873993645,1.0995303960771783,-1.1095614951565862,-0.29223733310527916,0.1141122534052165,-0.6000659906199352,-1.482677944893767,0.8079896375266783,-1.3193192434236407,-0.6713034099887046,-0.41904879017224067,-0.03232166352917626,1.4939827384724687,0.6200195030203427,0.03022855620048044,-0.7961805706193261,-0.6247487022545906,0.4339239370705947,-1.648818273123222,-0.19043207864102932,-0.2172558432513785,0.8195123820922013,1.5142012484482634,0.7633963613490384,-0.1411097139321706,-0.42552119435442304,-0.39398575821706217,-0.8468036646477155,-0.7691675275493675,1.1513291274932338,1.1365158689982346,-0.10852273508581081,-0.46098213098185153,-0.06216195032840044,0.08490356445238272,-1.1947324796151324,-0.5855022573139559,0.05081245485770314,1.008075858367449,-1.1822033550199018,0.8183536592848539,-0.03673465893510036,0.42034867549637184,0.9113586532122131,-0.3082405467570547,0.017951268538217935,0.6412880123719853,-0.7467114592637969,0.4571465349476137,-0.7497348401806977,0.7180388781925175,0.7768766108299858,0.41528099223245546,-0.6885493445207894,0.02389640527551437,-0.21772888994123388,-1.2311095792456697,1.2689174463397574,-0.11506090113613765,0.8277476641289747,1.0083380997313502,-1.0055254297664442,0.21472669092385333,-0.30625238763845625,0.042007263870264405
2013-01-31,0.788231789054009,-1.0119904247062954,1.4608117375444254,0.06673893990810953,-0.23891167268576674,-0.3936791103729881,0.23186914401122133,0.11253012077596836,0.5839346893307801,0.32820967000668866,-0.6295679774370824,1.7183355639247728,-0.7983356385548231,0.09093083960615311,-0.3631751969921951,0.09695837606902608,0.31968305108789846,-0.8177900203610673,0.13711928118661804,-0.31534044118319743,0.1733910912587444,0.013073199876840413,-1.5372908514764714,0.9581972642194919,0.10869096574510578,-0.7645737177358369,-1.5132429317265381,0.2961969849340628,-0.061592517282676604,-0.1766342427882246,-0.6588636627586045,0.8992577422444248,-0.19783993141805406,0.5789438723763445,-0.8283593569887696,-0.2025332406475942,0.08262447658498939,-0.2718576710429063,0.5763047988910627,0.492135545063093,0.6765120420483126,1.4825180262126678,1.2155902140564587,-0.9053717577344571,-0.15426686879827442,0.6265718204125601,0.8461726972591642,-0.6958828214424428,-0.4782102934644236,-0.041140100358174114,-0.27472800839774514,0.7045910295609827,0.010839053627718045,0.2918736092941411,-0.2704369184948088,-0.4696928310434829,0.6994196194915033,-0.8641803819745764,-0.35766888014428927,-0.1559225349266512,-0.7170993076769276,-1.5591366511655176,0.5511181729768105,-1.612436592410961,-0.6903387005006072,-0.2261451433132164,-0.026062475656437933,1.952490738984569,0.7706473811645148,0.07072038522736804,-0.736572550077,-0.770202126795759,0.21839250851222614,-1.6101428379925227,-0.14454236042913055,-0.051899531175791574,1.093219672012853,1.503848984544048,0.6938197186633329,-0.06769883352184147,-0.28210373215415674,-0.5877743738512364,-0.815945985595532,-0.7262504316438069,1.1416258592800945,1.3583433114662287,-0.20456164723858897,-0.5885555676832424,-0.016332221965053795,0.3298627369603248,-1.0499487226047066,-0.8047597414786968,-0.035700862216916485,0.7597427437327408,-1.2317272647857287,0.6724250949714555,0.2776066334141161,0.5287465381438047,1.0871965646293733,-0.452094995729848,-0.08154450691205192,0.4319658962054284,-0.6731312220684613,0.3722155852313057,-0.6456141846861542,0.9790827598658949,0.7071163771421296,0.060420038429857756,-0.543060941400678,-0.11016246808421137,-0.032312026983466136,-1.299599713444021,1.0359523622673947,0.03430142430298885,0.790474075397936,0.942591191141555,-0.822848838265042,0.11445368726935393,-0.5092244619456238,0.02797332679030273
2013-02-28,0.3896376853800628,-0.9551540006818935,1.399143346583571,-0.008146962959871648,-0.39116040912771627,-0.4371204807773852,-0.14739888248757418,0.08096159449207604,0.771606135343327,0.27992306957008906,-0.6251003416646412,1.7023601505076984,-0.9503598554595816,-0.03946694451823936,-0.3845080817312051,0.3428484514833491,0.4732694016954733,-0.8406180869597635,0.3262127299222632,-0.41299974158285213,0.3947393238063037,-0.13668062006817813,-1.612137867703595,0.7575477888960311,0.5437900750684264,-0.7180033815910959,-0.871214022554058,-0.31260620112640825,-0.16954743168615016,0.4076415873618233,-0.6585726075269642,1.2818139275856153,-0.13295575759860817,0.7313342044310223,-0.7709683736402151,-0.2528759492461748,-0.009941974253168007,-0.1909099496898739,0.6597907475341203,0.3386990585895037,0.4248716266747261,1.2110931937692406,0.9750575491814133,-0.9898723939262482,-0.08595195432774705,0.7030675498177305,0.9690375595660868,-0.7253012262039289,-0.32034623830929504,-0.19076850014682395,-0.4072433164676675,0.9285281789550717,-0.00634353839230517,0.3339153668957954,-0.19765754472321445,-0.44781395404705343,0.6672485041017872,-0.9700208739816015,-0.2260769546001949,-0.151359368308984,-0.7203284958007155,-1.6857936769530908,0.4652195420798344,-1.5537437732324437,-0.7010068067836023,0.2553199360504134,-0.09505389721037977,1.4591717897436187,0.45316826795198517,0.11543939619382737,-0.3728469100645214,-0.8842856709002913,0.10721207907765962,-1.2805879740089103,-0.04805129567041293,0.248344652813882,0.9305436241494486,1.1534583039414645,0.9714845933652466,0.29122650930686966,-0.4326663532441799,-0.5454861151201499,-1.1019278421781815,-0.775215392920704,0.545899062789871,1.2857261986700328,0.09996904973056953,-0.629101074850011,-0.45421841788125794,0.267291540406887,-0.9349582725136365,-0.8917567346613027,0.013693097814401395,1.2796193406416025,-1.2191836900840651,0.8238067158690034,0.4454955663693443,0.07047603000325742,0.955730590065053,-0.41026011459382283,-0.16166164178554826,0.782333873329377,-0.7058822856899083,0.2834805719006939,-0.42311518344921106,0.8870032280218911,0.8239333694453997,0.2659588202137581,-0.6185852514759713,0.07680691632319767,-0.10455747299439405,-1.4009072194848171,0.6988148374367927,0.046407671009022655,0.800417728861151,1.4268990808732034,-0.914178091609514,0.12406574373706128,-0.509669181254315,-0.2263239109127823
2013-03-29,0.5731995067587021,-0.8060153552560987,1.4056960542792525,0.5748611765795405,-0.4714707215951892,-0.677976819152422,-0.13287150916737467,0.03174543133870345,0.9244283342513305,0.10910741334917085,-0.7391490290563286,1.704373443543434,-0.8920366122746846,-0.09070977084801465,-0.4403751338098769,0.23164983086904048,0.6486882618966123,-0.8901339004583828,0.4610762435132962,-0.1974022366546493,0.38311923931501013,-0.06647884087274733,-1.5485320488001477,0.8978424622799065,0.6659991897602118,-0.7399695381203185,-0.5274397529179766,-0.6440265082383227,-0.22497598468390495,0.27384451655595776,-0.6583127348444502,1.1339538993604996,-0.0982287008196912,0.7871748032652162,-0.5902108412259475,-0.29003360603345446,0.06022092955846764,-0.20845217130791815,0.521308654180983,0.17380356066017222,0.4178415195065377,0.9865975573950697,1.2327567136034034,-0.6521991814996614,0.26367164007083516,0.6877553497638417,0.8636265003573194,-0.6125507284269502,-0.26725636688804877,-0.31296466227229824,-0.894639704857213,0.994359045479604,0.16057490469195093,0.03638969185850194,-0.19274790013051402,-0.29610927510927043,0.6622494152617637,-0.7980624558394296,-0.30585138505902915,-0.3832857332834374,-0.5791339583981325,-1.7444782034062263,0.5978680652740893,-1.2381586805566076,-0.8379227396986723,0.1202881009171761,-0.17457880023188693,1.3136530753729545,0.4133014465989431,0.031610458451183904,-0.16332814530033707,-0.8600416321242208,0.23488091771627878,-1.2569755226136583,-0.10330977416175344,0.42916841472563716,0.5989779316182502,1.050651319610794,1.1120768788156208,0.40672168471231096,-0.4870085981541257,-0.6759107660301639,-0.6553712945286417,-0.7818978814399647,0.11629008515794312,1.2181977218732882,-0.21157099183223382,-0.5400688839607398,-0.7549606431317002,0.43317740712443387,-1.0617881444711421,-0.9869410420144338,0.02522002825184559,0.9878978006343074,-1.2004226989840239,0.7201205890763076,0.24095290824783738,-0.0689797044350891,0.9583115295727312,-0.3420536181410521,-0.39369855568686324,1.0045748098238347,-0.6055398564541692,0.07613673962052653,-0.25091625167253756,0.6020228934661972,1.174694606834624,0.10142126917307596,-0.7274460530042189,0.06698412264686196,0.21681111920688184,-1.3654136525527247,0.762024907476301,0.023092045459113975,0.7939165524623408,1.6501158457503984,-0.8153992685641043,-0.06403206524393963,-0.5365170680222209,-0.21474286065706819
2013-04-30,0.40166704199045344,-0.798590925001482,0.662001308518445,1.0282965858045927,-0.49394614968467354,-0.7976918656848371,-0.1852727419156272,0.1815830020990505,0.9482890697419905,0.042758235190897165,-0.9854777306476022,1.7487781723582851,-0.683347918368532,0.08553799497500877,-0.17114442180490325,0.45643581558989715,0.6532723627595585,-0.8322185781513318,0.41380617451312973,-0.4566069178743882,0.05884831097709689,-0.21286434807635984,-1.5403071481580763,1.072140707711927,0.40395689842362825,-0.6933377333444628,-0.35929341805121295,-0.6528819190680397,-0.19446063894403362,0.1936936512427747,-0.3406531821694735,1.08087145196792,-0.18175506372797673,1.1927719442430882,-0.8314094749876734,-0.2482021589318953,0.2231922108359103,-0.5242064492845614,0.2233049524750903,-0.3725406044925272,0.43203433843942496,1.044141547747685,1.2791770825769495,-0.853005487386792,0.21181696640353445,0.8038671389753954,1.1653747942479826,-0.2605662765799116,-0.025137718739609863,-0.1282612801098138,-0.8243897817115795,0.46766706275983455,0.046982759909410025,0.28267092282667083,-0.10433931363292387,-0.09772136537739018,0.657946225379202,-0.5533253555453546,-0.4191113527949583,-0.03725799640027033,-0.7002835907772799,-1.8504079726359284,0.6068412753307851,-1.0749177873801705,-0.8051455565512642,0.3639849849780901,-0.08887503481063891,1.7487411871405647,0.28429381152919453,0.02032586749518933,-0.44041693357015393,-0.903404857988811,0.292628722117667,-1.446548183702887,-0.23434041653416385,0.2516014166756786,0.11958375828923298,1.2982397303163047,0.6531646867643264,0.6014827821511479,-0.4753218167137645,-0.7404928372415664,-0.8799231718720506,-0.7542637239474869,-0.045494874984928824,1.1678036634751703,-0.31307949572930216,-0.2760767043663783,-0.5953002643711272,0.4812300400751493,-1.19592967985754,-0.9808381325814457,-0.03410790115511067,0.4989596756084569,-1.1446409970222295,0.7206785552418588,0.474863931926769,-0.06634336852755823,0.9676066308723071,-0.4904055263883645,-0.1359771069199616,0.6163281679385443,-0.4942487850484403,-0.18839062778060717,-0.3178076835534135,0.5302965207735261,1.1705540423791885,0.28284732034900895,-0.2395976349683477,0.03923048413721601,0.2894034025290733,-1.137139884169223,0.4814329565307058,0.18408637519098156,1.2724084197054046,1.5181735768570621,-0.6189948911018186,-0.10313795535659996,-0.40183460858062214,-0.3666633942259579
2013-05-31,0.23887749430576583,-0.3865517037705702,0.3618704633297835,1.3810007357028447,-0.6504314085174816,-0.6728415328599764,-0.49424567330038,-0.05946156449166033,0.694582474736051,-0.05742705819786298,-1.0762592685198942,1.4191674592130443,-0.5679272150891577,-0.09771458931931071,-0.24505134260517106,0.4975961709335762,0.8947146934264077,-0.9727531087701604,1.0191866279226418,-0.17379076773698943,-0.13806345274637932,-0.2826435051918224,-1.6908345694571238,1.140996035554038,0.532729268258266,-0.45331377564842035,-0.8098067704367595,-0.7819866951778296,-0.22455918958639448,-0.003171153587101072,-0.5624576484247193,1.117595849166097,-0.014209620829151559,1.0670103150269905,-0.2888812202259261,-0.3896450430656689,-0.032416698398016974,-0.6867971094754317,0.023320487960150793,-0.32591487434952127,0.552895910597117,0.7225098505990873,1.4374294764656617,-0.8859454758432879,0.3130640903864278,0.7954299835995493,0.7926450229740125,-0.44175578143009375,0.2745546532145493,-0.10419957611740033,-0.4859629846970275,0.94845276430028,0.24990211795099168,0.24418740415638948,-0.10057623687829935,-0.05837814758100757,0.7122865751283689,-0.38436199919333547,-0.31855917862911554,0.26292684172243386,-0.5518165804087176,-1.8297914890173743,0.8716492165969265,-1.0002651463385035,-0.867016893980418,0.5156336050356906,0.016801640791534123,1.1850811226202138,0.5238192358957019,0.1088057834213138,-0.426031659731284,-1.2655769334317402,0.23176704864062286,-1.2667739066107828,-0.3018641028116658,0.2853702643002055,0.3207803776476251,1.5393935168729314,0.5772642818348198,0.3978815418381767,-0.13785565490640683,-0.7595572272730906,-1.1950414803333627,-0.6470754846992749,0.4948689075376276,0.7579658955475568,-0.3641227351732271,0.0012906449121000974,-0.42250112623576813,0.4190325382115087,-1.0989882913610514,-0.9930143504089379,0.1308462238979245,0.628055072425292,-1.2980894000038987,0.6965817646630983,0.7256867721900624,-0.12397569200835373,0.9319236989732499,-0.4045214083329414,-0.22956181977233092,0.446509974574678,-0.22895822740276048,-0.14990724030259814,-0.17839685084341794,0.2797576302932031,0.7877826316351382,0.3933873855785568,-0.3823244627392606,0.04352200579535101,-0.053639535489495016,-1.060498102344119,0.6902066809095624,0.13795956155404665,1.1068589274589868,1.1191283934412237,-0.8054270251499801,-0.38892301439898647,-0.3292200849172446,-0.38091324515002284
2013-06-28,0.041801613296432005,-0.42306711844874373,0.3965803386099069,1.316042791597234,-0.6779850484300106,-0.6431473444766461,-0.28205930527859413,-0.5274743129902274,1.0110699060788184,-0.10402697128218641,-0.974305733757815,1.3061348523306224,-0.4222706489271171,-0.13076689708349723,-0.2912909830387828,0.3525566116708396,0.8977843017942699,-0.788342322353902,0.9293183476668019,-0.1262941360431038,-0.2998950975228064,-0.17042658374309572,-1.7182664274669817,1.2351085467223162,0.4232397915785604,-0.18210847455171392,-0.8756043469372158,-0.8774751976112762,-0.12862536312691786,-0.35886593697471836,-0.3308883917357862,1.0564351847417106,0.3098373118685034,0.9823969265357613,0.006548911637353827,-0.4605366468293178,-0.1500009490385695,-0.7486684890603902,-0.13386896368193485,-0.024946949675315466,0.10770878862793215,0.44350521013108574,1.2395020703922348,-0.8648244056674996,0.32893661564271715,1.070157833936092,0.5318944825003027,-0.6982533997261752,0.31581458293126163,0.11375883871957948,-0.7012595048244501,0.8365917882939583,0.32339932708690144,-0.09224290265165233,0.03526804832781155,-0.2604707116281152,0.8842022389622508,-0.12487253421515299,-0.07205359249185736,0.25791773826914666,-0.6060373778805934,-1.7766319438104703,1.0297992486561849,-0.613901109958934,-0.7267933502255717,0.42061421123487636,0.2262604144770009,1.4822651316130306,0.7782050353183707,0.3383434626431854,-0.5750485091996673,-1.4955266703503156,0.20592407238712024,-1.211130001705633,-0.32037285813402044,-0.06374874087816992,0.2598533460950768,1.145461321988738,0.2600545194862045,-0.13025363824575065,-0.6244662092978781,-0.8014556655317905,-0.8312302591832451,-0.7096520230424525,1.0703268297610746,0.8065192204542407,-0.42369609187998397,0.06596347657118809,-0.181797993391819,0.09513531765191512,-0.694192399894961,-0.9481851968952854,-0.0816018199319033,0.4212085542053151,-1.2504656650353534,0.71970769157039,1.1370354628194275,-0.0779205937545725,0.8268906575223479,-0.5904553212006808,0.31521980782492776,0.8889245730460872,-0.031487887482805926,-0.41263461404345,-0.1558324168431961,0.06168772913691778,0.8714214835541032,0.2993739876819529,-0.3441682222804112,0.1491700658532491,-0.5479441618105734,-0.8330601132289772,0.816902414593656,0.2650810629259375,0.7489367119980049,0.842963798676007,-0.5514508699574469,-0.35933350614541454,-0.28133001787002054,-0.3857716693340251
2013-07-31,0.2620267743329447,-0.07770418742631469,-0.11231178713478794,1.2132254388684818,-0.542541285844583,-0.6152774437076737,-0.38852472272944816,-0.708063005948016,0.5959917875521417,-0.16311541312670264,-0.8566864237421725,1.8623622353370561,-0.38382731161220485,0.07547405862619443,-0.3129414965844868,0.2787510604627108,0.6296412949616906,-0.7293855702085215,1.1300445984026313,-0.33727991987443295,-0.2849320703384076,-0.1808385066273969,-1.7578156377708924,0.9276688022730177,0.3778519471614292,0.2591045240577856,-0.7733128108651561,-1.1963459480751595,-0.09416678989072284,-0.7799551577443042,-0.1864875401165622,0.6387201122362788,0.03447196508485316,0.6360700113116232,-0.19842849052721845,0.018189299934846664,-0.06551427432072521,-0.775998343536588,-0.12881877679196904,-0.05511485797528598,-0.3294648877611873,0.23511553165560017,1.0764388516714065,-0.8376674833924025,0.11583498697997298,1.2615200106798623,0.9949211259359904,-0.5313574362005131,0.4566922438533169,0.004159769386793688,-0.2941825265683594,0.6702620684082015,0.26401229089453315,-0.1945262527704042,0.01579161350327382,-0.08153792206593413,0.9768193671086225,-0.12819389204951126,0.007978356567456796,0.08367521140277745,-0.8593719836262336,-1.783419710298627,0.9223333881523655,-0.6593566505426562,-0.032087941907162076,0.495201888720906,0.28273852411154254,0.4017043438598834,0.960829383385557,0.35286055809072053,-0.4149502212622826,-1.5693741399475587,0.15538937908089623,-1.3250169707773896,-0.39782875608472845,-0.1741912309617981,-0.18939063314124205,1.5459215117479357,0.12090574600599668,-0.7782822993919867,-0.09154866100457959,-0.857151878360004,-0.7310683678506346,-0.7554059933784059,1.2065664418096178,0.7321981677457126,-0.3267584378370605,0.020433946672293313,-0.5756704616214099,0.4716646364107179,-0.15290989566187407,-0.9592092800893655,-0.3076895627376589,0.5886659247136983,-0.9822738838019685,0.267789919519302,1.5025550783326194,0.027889679279307744,0.8266991898377662,-0.6489024173201624,0.467761543905571,0.6257267227747105,0.4184394033475937,-0.5962443243721707,-0.01535337187715402,-0.11950400446400067,0.7058129809535986,0.36107960561736263,0.09797624212648394,0.10726246634206699,-0.3454060825214212,-0.7877984073252471,0.5169271988759535,0.25365503587600147,0.5682925176840632,1.3022018697794808,-0.30115740317078277,0.05167397985200825,-0.265480050832569,-0.35685141776704377
2013-08-30,0.03477561166433718,-0.11251655931425764,-0.12759944273977503,0.5680015476269936,-0.4272190577643217,-0.689445497437079,-0.6787909268324441,-0.8578497091057458,0.7976892899641386,-0.1194880418136699,-0.8425613024625689,1.7880038935633014,-0.2512157212517476,-0.17037225164192268,-0.5641699422271589,0.014433671404336212,0.19127498768311468,-0.5212311215051222,0.684762636703784,-0.2374801141679227,-0.30419320020624313,-0.09148559936759434,-1.609077625151199,0.8552218633811977,0.6769699706130027,0.21158567588706978,-1.1329762206034897,-1.0138217113836752,-0.20247275738509685,-0.9759259679135638,-0.3113278673952147,0.5386925402101161,-0.11060945397294358,0.568386010769263,-0.0905895810433549,0.056485784988827885,-0.17969233523157613,-0.5832269835319877,-0.2759211310124242,-0.16507954292795718,-0.38904966632139754,0.0756774868711293,0.705490110262838,-0.3501524281334378,-0.2233143819577274,1.389854441505245,0.8876921072943246,-0.636476589341827,0.9116523095995461,0.11017775699991775,-0.3649656736609479,0.42758398187305624,-0.08367789969948171,-0.2984331645223964,0.14787783381123076,-0.1344582387776504,0.9292912107597817,0.3158524461074338,0.13346306023904023,-0.20280233997794012,-0.9652525757015501,-1.5545596995376478,1.187316863586692,-0.7839840655447559,0.16099802722350556,0.9782441893084485,0.40726454860081784,0.22290373867605273,0.4469729972569095,0.22398522768038884,-0.11380967580067354,-1.4877516982184464,0.4267406808724225,-0.9600800838055423,-0.3992973950960073,-0.36137472057532904,-0.3396588785822615,1.863714470087674,0.4387636859480532,-0.4035938833370989,0.1348319864846137,-1.0875324784021996,-0.12903518589749224,-0.720998999588458,1.0744542831900508,0.9951732754099201,-0.3130295580360795,0.08291430763101014,-0.949164056722028,0.6115206584931694,-0.07538421612391721,-0.847300565666556,-0.3715339801333733,0.7382124639234138,-0.6478459196531758,0.47319892684388204,1.4799814430777292,-0.0037736899978239036,0.5176755035891455,-0.5679764532324318,0.21614514592460396,0.5615578728683621,0.6753516996549676,-0.6276556684207091,0.06156577292346155,-0.014345958379165191,0.7306071056728914,-0.0025807394836929246,0.07145693465516323,0.050009917066472065,0.08768294484273925,-0.7237090409344872,0.5003066161533112,0.2156177645847387,0.586123070674016,1.2786468713724313,0.05543401524335201,-0.005873322278843074,-0.3787724008398866,-0.41072428153094015
2013-09-30,-0.17595921835685152,0.07489167359559379,-0.4845412467543656,0.6328099499842669,-0.5951289365979198,-0.5856418766180481,-0.6184012004786659,-0.9634736305322124,0.755524636452022,-0.11963343602441212,-1.066184022319978,1.8060195667183248,0.28295451972669183,-0.1743248863877673,-0.6337731315588653,0.09270774350534611,0.03917262346962275,-0.6700810591915518,0.7250954524459774,-0.2093487191350697,-0.22583022312483444,-0.1556842713895995,-1.6464536946933794,1.063704804987919,0.46102641920416365,0.5282272926655791,-0.9472336472998928,-1.010506547989089,-0.17604904849826386,-0.7056871364378435,-0.679932364189305,0.8717731609920552,-0.11602652448851195,0.44141906964653,-0.2969347339346637,0.0572995038053712,-0.16606980914383374,-0.3632646885950439,-0.24614130470974338,-0.11654050295051477,-0.5140947153409221,0.18539196290356375,0.4951070739114217,-0.3945238883402023,0.021472471844182106,1.0681645532712594,1.0342218746397307,-0.4950576349203698,1.2335522864252069,0.2691119305398925,-0.12138579246126335,0.35648101798877446,-0.17516009191254017,-0.03529107958489144,0.19939129875089165,-0.14087508093764461,0.5313610372998433,0.5946002862834215,0.05279210667367745,-0.19985948665712355,-1.000309837324541,-1.6612095375922908,1.1874590901256283,-0.5422759230004478,0.2034306089422055,0.9205157632887762,0.15277785699964397,-0.0601792903039825,0.2589038603529103,0.2054893334437391,-0.045142953202965116,-1.505620105609276,0.3236188457663058,-0.7855875295590204,-0.531436673708692,-0.34508767425485365,-0.1387801354846421,1.6854531637080754,0.5090110901468718,-0.29433555015369234,0.05751703988137247,-0.6414681952192325,-0.30109974678967827,-0.44154561103016143,0.1675369534762052,0.8807142022893963,-0.14379842435184337,-0.022928397327633035,-0.640185406744253,0.21173525740114738,0.2879918792476601,-0.7564832367823776,-0.2581242724553121,1.026535132210839,-0.46256806809032347,0.632500977638102,1.5777817364718227,-0.05256874412547119,0.4240039006541483,-0.5979734043902913,0.535535367178489,0.5164668585157993,0.4112307108812694,-0.6960797432149859,0.1273870553872679,-0.0184576449536773,0.5711276271696558,-0.10977696309982371,-0.23371693169198826,-0.10499378040853097,-0.3012965987347649,-0.20674721223733034,0.5107057903734663,0.1320862058164254,0.5807650670823311,1.0318106864533207,0.14374670803232026,0.0239165754289912,-0.46686317695086543,-0.5802952617473797
2013-10-31,-0.2622033153711517,0.3486374366489083,-0.6041112955959367,0.11354117889551969,-0.22130893572972582,-0.8373174609327103,-0.180519477638653,-1.055522184229606,0.5978866158488514,-0.20674148612205778,-0.8440751678686145,1.2265458649161962,0.5689309128389433,-0.03734334104814343,-0.7464085141991426,0.04357786198770558,-0.2828038921428825,-0.787687563315776,0.5809939346436015,-0.10192383023508028,0.03506186828256154,-0.2827193455735296,-1.4715436547354457,0.5099720386403253,0.4451300636502801,0.7818196851025296,-1.030522591079987,-1.081348325140561,-0.029158148875835455,-0.7119321636015338,-0.8574892983756727,0.9599000954622177,-0.19509619572103076,0.43053065660746537,-0.1925478120191233,-0.08249963823865747,0.11766430308081233,-0.4421350870352487,0.049690836817764435,-0.16341169193655275,-0.4402378916302907,0.23947969141322378,0.6552239660316834,-0.06536029449867777,-0.2931369442162832,0.9453542436545317,1.5202734338301123,-0.5531617458827037,1.2947859688720689,0.26644409162816535,-0.41530970780128973,0.4967957489506035,-0.4410289112885201,-0.28998923254585124,0.14912736108327218,-0.29423192963459593,0.32301032597325474,0.6111985682287148,-0.017730556890924093,-0.2801448905125471,-0.91585500609048,-1.5838146476983659,1.0652507724589475,-0.29097082559283804,0.8377337634337045,0.36558963561057334,0.22852417945032963,0.031199542837497152,0.3740041272957818,-0.050056205678203486,0.08828885437191725,-1.5805572949422408,0.6657626503021945,-1.0320955471513593,-0.3518380645882546,-0.04863411109383589,0.13602763459088513,1.0880498666221472,0.26564162893654053,-0.7367613747375208,-0.4527869674738222,-0.6599489509892623,-0.3545309935549216,-0.6199138697229186,0.6847906612831269,0.9560330073108344,-0.12026979328604298,-0.2052527752335879,-0.5733819512688841,0.21875046512079765,0.6798465866616473,-0.9631171155929382,-0.013266891002124748,1.2864023435500183,-0.358619410521426,0.600405936039831,1.058296375590231,-0.11098872802398074,0.3123150791200279,-0.5400155819763555,0.1865042901247915,0.392183206554401,0.4064557106779948,-0.6801242239239136,0.6348961672338891,0.22229556066482958,0.6385070756416426,0.015069121103357341,-0.31924598942265503,-0.29027587472253824,-0.4008722169380999,0.18108977722438052,0.7486695047180107,0.3742359310687364,0.6976725570423966,0.9446764618864211,0.03542442917781086,0.16455622042931634,-0.29013125819460783,-0.5546976861388042
2013-11-29,-0.054831295094074584,0.09467366295438606,-0.5470053174878694,0.7530316995372298,-0.07296909045918148,-0.8659959849302119,-0.36918018055093504,-1.107882708908026,0.05137136537766401,-0.026107251185785496,-0.8991964424457971,0.8713162316652985,0.3441194704727597,0.03154859806376522,-0.8260889513408054,-0.003799188272972265,-0.47680070639864913,-0.858315050227156,0.7364335799822366,0.40809599961106857,-0.17056997971405605,-0.31755015393628017,-1.4343678828389694,0.2581688475687711,0.364941620736093,0.53498443386027,-1.5109232791360303,-1.049431702912862,-0.08051542483456804,-0.5492709733391506,-1.1046302645560182,0.841300616273865,0.06329885465624918,0.46351798065111316,-0.5005746073979921,-0.039083740469429744,0.107899735211757,-0.37319127953780074,0.06204610284097767,-0.23640326344015417,-0.1813508010274233,0.40838404868814615,0.8850100452325074,0.05003863582957543,-0.17813182743440892,0.8529908159566826,1.62898108359239,-0.9187501393329387,0.9766558106003872,0.2057458994429185,-0.6576857785979855,0.840101015632259,-0.3098769430965469,-0.1591424083972831,0.10742849809308375,-0.3334052346175965,0.5159024051032481,0.44081157142708316,-0.1657227810108051,-0.46012758677192206,-0.6951415786400641,-1.6018108780409424,1.1343837661769283,-0.24043973944405495,0.5427874481483486,0.2652663769519426,0.37317307169177283,-0.28270669987718977,0.14486874828251217,0.027682181508680986,0.08731137882205509,-1.7380079746860444,0.9575320230231968,-0.657887544797042,-0.2456591847527265,0.37064871516892295,0.099975015111638,1.0599510170772042,0.543778557678531,-0.7186817034211012,-0.5908445786660261,-0.5774444332271392,-0.6535351592156226,-0.6694306853796875,0.5772048098581759,0.7855984736627962,-0.04031443216149705,-0.17627121988650007,-1.009840248473092,0.08070821986347203,0.5337301351188738,-0.5674799051388196,0.38086795274308505,1.1707541204203917,-0.31516008260366346,0.8360003115571685,1.4858176347396825,0.23304780964760896,0.30417264667419686,-0.6019481445785028,-0.033594809176154594,0.3021221970122355,0.27809151806383714,-0.6671525983101628,0.8236019140873547,0.680186099328504,0.2713099040192885,0.015169224788951857,-0.3618862977752834,-0.36347241837327476,-0.49871703822444446,0.7109858862190783,0.9276564399595846,0.5658263074855904,0.5111232734716682,0.8580991571049499,0.24312678838012725,-0.07380732108467813,-0.4004730731932652,-0.4607717840814928
2013-12-31,0.020857652802416138,-0.3269049152365019,-0.4087411332724131,0.47301644760831524,0.2280018491036168,-0.6635556540322034,-0.06385735940546952,-1.0055399279963337,-0.13136355650963466,0.1219064237936085,-1.1632989344480829,0.6436689666448652,0.19010430746747342,-0.041808526599498186,-0.8205210184010734,0.12781662479474293,-0.4021311161443706,-0.9406296656241847,0.9480355243337968,1.1634572542464592,0.0020935211413306253,-0.722987347099113,-1.378361578999991,0.32988981250905725,0.4441771453572951,0.5130018168276961,-1.903313660879662,-0.9704199111214412,0.14710286317337418,-1.1148053587819293,-1.0746867689622137,0.6900939731592117,-0.15281716588082983,0.38705450628303406,-0.3342292821866841,0.13625454967860912,-0.011476310081724006,-0.5032566514400603,0.0021854046022635465,-0.20401369136142822,-0.27469062570544395,0.6789871564763958,0.8702485571210332,0.4993817317051069,-0.21926120153499973,0.7159086891718109,1.4330678755396438,-0.790135574612179,0.16326954523361553,0.3049107286809238,-0.7828516298020421,1.0416803997835162,-0.19567695283605308,-0.48968142207694193,-0.2017238131984963,-0.2771769156767058,0.27174396202690254,0.5902009467594503,-0.10407936197072468,-0.5640512956002928,-0.6129009421251188,-1.4147780340460407,1.1859306685929272,0.0010604346439646584,0.5606487651371619,-0.11881489096112008,0.30631040247399427,-0.3850882151670281,0.11288814950400206,0.07423212191937509,0.3686561830436338,-1.6136445114065499,0.9944547777827552,-0.8287188042704601,-0.30302309632468033,1.143970486760903,0.2178281562592988,1.403444946791748,0.09285355444806515,-0.7554428855831823,-0.20835568499339396,-0.15770069353951255,-0.6886208039962728,-0.5673046680649915,1.1031300947228793,0.7049633806761361,-0.034946759593652066,-0.16524443995674665,-1.0196464295383219,0.03952653753382855,0.775915864736586,-0.3609772349321564,0.18645252005072405,0.7460525035947891,-0.6024015089831525,0.8875144814655621,0.7767088704423403,0.38167043980745363,0.3748814309854241,-0.4902404058808975,-0.06202259464367481,0.16058373580438212,-0.06329913655392692,-0.6673736790199247,0.4231212205688782,0.8054557909567343,0.1591019216551307,-0.15041101724591957,-0.2805419034718956,-0.340852967431166,-0.6217696199370931,0.9280633360905626,1.4849662560064698,0.583194134527899,0.3870835719350715,0.7127620322506079,0.25158125381045654,-0.12457284880591707,-0.1887503916379349,-0.407633765415863
2014-01-31,0.07298287392331917,-0.5534060680202766,-0.6208101007625179,0.37608602983598366,0.4926405748888075,-0.6694734850818748,-0.16019182647012337,-0.9925801147218362,0.1343956606461711,0.32456248138584803,-0.9067396266865524,0.7672792440280395,-0.04043803557762449,0.10969365090887935,-0.8300982086533615,0.1878287374319501,-0.41253011769845294,-0.8657417015054218,0.5089643061658676,1.641152881923135,-0.09583245320769979,-0.7153694088771887,-1.37166846164349,0.09994907611569515,0.19662993012416535,0.42068351943469917,-1.9018709092690718,-1.0278361501758204,0.21832854845536215,-1.0762193031077685,-0.9713529040159008,0.8308836989318864,-0.24831059199328223,0.4485966473461297,-1.1305771426160565,-0.028605799683375607,-0.01515129250935432,-0.36701548569564435,0.4537879751514418,0.0464061878872884,-0.08550327170239023,0.4302109135542963,1.147531988344716,0.5062803926281441,0.19826558664512747,0.6436526540442878,1.5790127575658446,-0.8747857081770767,0.3135338376055665,0.7076242766402687,-0.5243216787030824,0.7616201692201774,-0.39778138044499023,-0.49412424729433513,-0.042882436261599266,-0.3823938759325056,0.39834651777237645,0.5856468946093872,-0.22285041739434,-0.6535189988898255,-0.6511255379421695,-1.4685299290972194,0.954387292075214,-0.7913106170924591,0.3902070970639783,-0.1020084512628962,0.4581348174066301,-0.3199698536442806,0.29187139350496116,0.15442562147387226,-0.1797650700945851,-1.5920716382688807,0.8723853021735852,-0.9178937142649155,-0.24911966210571285,0.9531045722478638,0.3707016305061553,2.134253711015127,0.36404908003034797,-0.6728209111363066,0.11562046199540899,-0.16021663693960403,-0.8654955378565751,-0.5388887546256474,0.844403685605756,0.8616259300001811,0.02597455985460856,-0.17006132784712766,-1.0192802687766407,0.2592668805644399,0.6955586218439522,-0.4743835008296055,-0.1502043628861292,0.4800215040366706,-0.2196204890083806,0.7628552308176985,1.1845281175698235,0.9168505734012157,0.3679093001063022,-0.6485627827918317,0.19067164644508833,0.10846166847043959,-0.25976040897606956,-0.647031262356995,0.4748118770664276,0.9370765817631292,-0.03310668062227207,-0.1687505532726568,-0.06717550417043722,-0.43781706929383063,-0.7574859459334133,0.8491384149410108,1.3225419383201025,0.41952973683720807,0.4638072695560232,0.5820542459413982,0.06495262915782368,-0.28481780868251405,-0.3424924270721002,-0.6040114953831806
2014-02-28,-0.14736718253702244,-0.658290872788525,-0.701484845724537,0.4440237475590719,0.627450703379934,-0.7957321283903094,-0.06286737370133584,-0.9274299313336524,-0.34240272171767294,0.3854539257453252,-0.8260415345031045,0.8335209994733754,-0.43032461687847995,0.20156006755705486,-0.9978882338246889,0.2904455270573083,-0.5086529087126335,-0.6019568671047567,0.5976372490841042,1.5054176485646957,0.04157417947852294,-0.6856791709816356,-1.2580407858215534,-0.09342549840257552,0.15682376505196935,0.5709877423125995,-1.7891378079193387,-0.7592797027865484,0.3546783397115934,-1.2080421261358685,-1.119890912733189,0.58293304030771,-0.3037043525926329,0.38895517176518457,-1.2601268418044471,-0.11871116926707877,0.05375865966106738,-0.4353263489113862,0.7297101602723255,0.16901866796084908,-0.37657583219057916,0.43933297786209297,0.9935916988341967,0.6461476815044325,0.7107099295256177,0.4641173309172787,2.1149158911840606,-1.0387375974584225,-0.18233949245796063,0.8178465739595862,-0.5935424084717587,0.6877509671386682,-0.6500909505185527,-0.36778587328434403,-0.16945898637329915,-0.27143563550037353,0.5350765030483535,0.5959407576862833,-0.29600146650366854,-0.77374207006774,-0.7856094775212493,-1.1816268567708512,1.0452970655190446,-1.1586097944197487,0.309145648565727,0.3750628423143202,0.5644861945110743,-0.36824633911849763,0.4549353116506479,0.3328305536100109,-0.11837789955523853,-1.4515770452976382,0.4954107672648641,-0.6417390543448621,-0.38820929109699753,1.0467619946506648,0.8888696579580295,2.0939540776565253,0.7292859520212682,-0.532032572756256,-0.22971809639674468,-0.5527779485581923,-0.9220698290853155,-0.38866809959080895,0.34344067054940275,0.8309596089808334,0.09558047727255664,-0.362688329236811,-0.7790619648141303,0.512867277245835,0.6484452536141707,-0.3202631585050056,-0.27660995713078157,0.366742143999971,0.016274767565894577,0.6413132600789014,1.2039377147732293,0.8279048302592278,0.4896510974900746,-0.5771801343487135,-0.02933013230477574,0.18233170264233733,-0.2663532565378577,-0.5999346739366169,0.28741035808471344,1.071306409458963,-0.20844738701913745,-0.0690546759157415,-0.29380800316768285,-0.4297350957606738,-0.6266371061269158,0.864537844735159,0.6740632333389585,0.6158245916557386,0.47110289302723674,0.7408486766372335,0.1892796364518709,-0.5132539261431084,-0.04479184034156573,-0.48131622698616994
2014-03-31,0.22575549796598623,-0.8245129767257148,-0.4734161068989654,0.5663079177919634,0.5768580244796123,-0.8702851096888483,0.16374651454457667,-0.7895883393925988,-0.27813481132034934,0.46282876892338204,-0.7042882896588113,0.8154655323967248,-0.3705177608554927,-0.014938450348297095,-0.9411281917809882,0.0791439829305281,-0.5590840353820966,-0.6268056908653072,0.6501526120667822,1.8949689758064494,0.48914342958227264,-0.6163310480852305,-1.2953714176971967,0.09508738325935456,0.7211907037478024,0.3015499845567577,-1.6472338949983154,-0.8682231587994347,0.2684474083893311,-1.1284009307808387,-1.187367417593082,0.0013277085961166946,-0.19669498695463905,0.3393954702561828,-1.334971214836926,0.1223248248956322,0.053135284285281414,-0.36267132243159117,0.7400619970712452,0.5357483199356141,-0.27225317665414844,0.5111481738926567,0.33151230854588937,0.449223746095728,1.0431050206641137,0.22294456688542208,1.3093356263869573,-0.879511587608286,-0.2414317048134938,0.4740411136615577,-0.6489798583898791,0.6939833320660194,-0.6432680876256422,-0.5555921910260578,-0.19111757717440386,-0.47050873930127796,0.5769783562804411,1.1670956961593937,-0.16231305848553002,-0.47219447790009744,-0.7691190997703261,-1.0612039010456449,0.8333909071402568,-1.3270044618867511,0.0978316869217645,-0.23386753334272073,0.4254648349366095,-0.3264484636180856,0.6936299961171206,0.3315301494175179,-0.3026975728770228,-1.214259643067155,0.4896681928075188,-0.7000494270481918,-0.38062982217148983,0.9328507906767729,0.4481490723876212,1.7237858068044032,0.6871913523760154,-1.004660741425414,-0.34514338090560515,-0.4562107794894838,-0.47613514806356066,-0.5743601529827906,0.30713579273339126,0.917485588045683,-0.07190811424405846,-0.38939361787108107,-0.9526549720333733,0.9146455195144015,1.2530358230566438,-0.3837373600933197,-0.17137145815542365,0.7100522029460139,0.02888871375250096,0.4729014820927809,1.0519344443637044,0.6541023882624771,0.3018520188956739,-0.32081692663995853,-0.03446761859733688,0.5318891938901094,-0.21402680212157446,-0.5637247416628443,0.245274212381643,0.9611747955648797,-0.1629901015005305,-0.026349716135458535,-0.41758283951016795,-0.41639653558800704,-0.6196357521043805,1.510740198993075,0.8963438392952021,0.4096271259509974,0.3637081628734531,0.7240252389163797,-0.2670575250320103,-0.5668629362029154,-0.05517100316512523,-0.3672440508090469
2014-04-30,0.1700484256126117,-0.5430409321227766,-0.41749472545106325,0.46355154544094823,0.25675810596691245,-0.9947317486480078,0.14814865282297007,-0.7923084446311538,-0.10238104028182489,0.6829619394111378,-0.8243170134516483,1.1428265364779944,-0.3877989859513572,0.002267037662558164,-0.9286803909665904,0.28971553437255376,-0.48397615310998204,-0.5160391944984897,0.5764134142607531,1.4294933758332684,1.1516832181375458,-0.3100232732933401,-1.2397595802760528,-0.12962052879493335,0.5499194018610789,0.5224399525204677,-1.6886069331859477,-0.8717902255254041,0.13710310256501235,-1.2408165628025074,-1.1884935419609692,0.16664074121787417,-0.41076458258794757,0.37809391816839266,-1.551282052078335,0.1875002476630444,0.18214327856015822,-0.4347303569505955,1.186559969147008,0.20691456677292744,-0.40023954698930764,0.5284158556874299,0.24406585593823396,0.2933687026765239,0.7700382924164415,0.1769683087101817,1.8138471618759602,-0.9154327823320576,-0.16928563380309516,0.7359664135060151,-0.8609170569361183,0.4350386889024823,-0.7442629673443277,-0.2611011951130623,-0.2784250216024129,-0.4785985047222494,0.9988726037142881,0.7778097505646108,-0.3067156398434675,-0.18293478986168937,-0.8697891841862087,-0.914344736255289,0.6254129868214198,-1.6407477518681701,-0.029242372356899693,-0.4932713096617847,0.3253253304750402,-0.18140246602348364,0.7895296896249961,-0.03961348557502828,-0.20014895127182547,-0.5132462274645149,0.7946803421032478,-1.0553013304938672,-0.2830692102957153,0.7005311860199732,0.1630669418183005,1.4383884891603522,1.1010476438711463,-0.9884573558710588,0.011303269335078636,-0.5574488608091116,0.2937591905900843,-0.6357336742424085,0.24262292962736468,0.6958332361900967,-0.07859198981436588,-0.579650793373503,-1.1921232493988545,0.8531703729694151,0.6818400429216342,-0.29293405724941124,0.14753753979270695,0.3884354641312328,0.3882017119579372,0.3740446038738375,0.9230870075820359,1.093999120750813,0.3299518616273034,0.037108790852564244,-0.18244498921063565,0.5221623838433748,-0.38111306766045094,-0.5701268422365569,0.453981333552159,0.8915546502958469,-0.3196376155484732,-0.10575344136351736,-0.5139721292044357,-0.5314443283820519,-0.8336294902034327,1.0560057582237294,0.3433293051045502,0.7414331555599601,0.4563348275679916,0.8960414888870613,-0.24078295378983805,-0.5562828846679209,0.31763482899640194,-0.24805592899951312
2014-05-30,0.19711912020073372,-0.7392581937776139,-0.3548647051664996,0.7586609659423904,-0.07003953011122283,-0.9169490583221848,-0.13442336225890827,-0.48443047389898664,0.07586321629689652,0.8178337523669207,-0.8814746962869321,0.7319481334324489,-0.42590904163199034,-0.15317453755945348,-0.8358713276569787,0.2804038197987793,-0.15295380843785467,-0.5119477502357698,0.3006894977542653,2.1821171656487564,0.910240389345433,-0.32509449038699256,-1.2344203549948791,-0.06799916473469947,0.46085820644317,0.17588378075352512,-1.5189005984994306,-0.6814161206303857,0.07130817624038921,-1.2740443316511432,-1.2507218371033328,0.49576721801464907,-0.5526709946258415,0.41011650130215593,-1.2513696355399506,0.10162678041886072,0.2580368736576172,-0.2057101175990443,1.1471135585053054,0.38919162834738535,-0.5202811161293494,0.7306122578669101,0.2516863476159211,0.06611005279628653,0.4331229018480556,0.08899750146015184,1.7024664237964,-0.47593765065155674,-0.4023795961567483,0.40095103327381015,-0.6642612515069793,0.28639513198457944,-0.6850513398298222,0.1191790761142835,-0.4274295884860409,-0.5482546369083144,1.4275773499784252,1.1626492377838038,-0.48705145035739095,-0.19536565464228658,-0.6771946724719811,-0.7048352649611811,0.29558840376341533,-1.5900229955414886,-0.07154961086556991,-0.06722280321472363,0.4051969415216261,-0.15478663314167085,0.6798283271929768,0.07265769406325467,-0.10023882091409345,-0.4920647846820356,0.7632092111848684,-1.1104367413280625,-0.22292908936351163,0.4697341790842587,0.08582727897887549,1.1895147795344816,0.9878449005439102,-0.8097301573822945,0.043973881748820554,-0.6616931753231077,-0.5620299948407892,-0.3024063615095148,-0.3235613143514192,0.7671281035899578,-0.1651183438809387,-0.6559748198077884,-1.010698135060055,0.8766686482125916,-0.3972411539502419,-0.6184078359418056,0.08395781766936358,0.4632512601506785,0.7928105889122556,0.34173342539412593,0.5163474403047545,1.492153496389486,0.1877404511462396,0.07875300738334429,-0.24472284468426525,0.7070676724601631,-0.2619094856883052,-0.38271032651352827,0.15626918995442363,1.2622270378174845,-0.18475500378312398,-0.11167016622519851,-0.2672545284403762,-0.4583207482482763,-0.7196835978619687,1.398597094207706,0.09808821930767775,0.5581096589663724,0.5981939804431979,0.7783030448790973,-0.4442921695889162,-0.3526064459813293,0.30921226066474755,-0.3387896531322975
2014-06-30,0.2187286789968249,-0.9882654717551355,-0.27766155185300584,0.5897059347791264,-0.16306779248398154,-0.9227357550621464,0.13267272537830427,-0.32228285940559503,0.1755066051068733,0.6850263494095946,-0.8648642164142506,0.5363969454586675,-0.43339342512739815,-0.264248980380947,-0.8675901290735399,0.15917772675007125,-0.24325736443680204,-0.4930254558939025,-0.015722612392642,2.1336645636364557,0.9286753682326698,-0.3665405290027736,-1.2556901278683157,-0.118224351701818,0.5885354446499453,0.14464501833062765,-1.6481360782935575,-0.5065715002149368,0.1106605200740676,-0.9904755499148394,-1.4193554054202089,0.8713998321151467,-0.3914436243988769,0.21891179371439873,-1.079454268717206,-0.03994608893843993,0.39474466223637666,-0.21665224144058987,0.882035149331011,0.41819139971891106,-0.3147152254000043,0.851923898049822,0.5261126680695216,-0.02094614432714509,0.4111575982032586,0.10608787100169559,2.0447383826224135,-0.2844157713513754,-0.1914947122346116,0.47974453585217813,-0.75083132108238,0.21551420982511282,-0.652101723101753,-0.16209483205394087,-0.5039509203476593,-0.6494908681298504,1.1411571114549404,1.1638577271940558,-0.6115454504595721,-0.3461396943570912,-0.6428896755148011,-0.5209595850842973,0.3735907085911746,-1.5070091073867307,-0.011006973849029794,0.01714267014891624,0.526712155571928,0.08943636737076827,0.6989287557914708,-0.014422948796531769,-0.04171973384066341,-0.3764600623665413,1.051255081037944,-1.0659365141176231,-0.11145563218782292,0.5643206774885607,0.209718572476373,1.0374722541557115,0.6792970313524032,-0.92041069678595,-0.32298003225942495,-0.5457009003788288,-0.45781466724971964,-0.7026647318492127,-0.2475269679018272,0.8576890319501378,-0.20560047614362809,-0.6736969148662522,-1.0426264722109635,0.4443600520143999,-0.6723854104317085,-0.6663039120185341,0.1712939071802449,0.4608184657922603,1.216070166640947,0.29539899190658064,0.42855201233169826,1.3802470205951543,0.26195673783337314,0.11501876095183505,-0.1481410862533988,1.168024900173656,-0.14551969128483963,-0.24992348341235626,-0.21965202555511384,1.2327732674003409,-0.19187067152383636,-0.2264036209504398,-0.5042423370531138,-0.4709965781906703,-0.7309413871065835,1.2724944068741237,0.06875455912447026,0.911023951176072,0.5404477914039229,0.8743938236953235,-0.5861976538470907,-0.5010419784288331,0.34653880713881524,-0.3218696764780301
2014-07-31,0.4243585728207857,-1.086476339856194,-0.32705980515324584,0.5548330277756357,0.27055701467167775,-0.9314964898574468,0.43523780355053493,0.43755673970991915,0.5249974902143015,0.4519105328042998,-0.6910654194615717,0.297877232444163,-0.5133376849696001,-0.29249557123250025,-0.7667273677086165,0.43752583264935213,0.0067823922715464224,-0.25258330281707575,-0.00012704711640537658,1.954363414368379,0.962417579721949,-0.2593955110224767,-1.5306639531741657,-0.20358118216578014,0.9747904425282241,0.046851491103200193,-1.600951734077828,-0.13487369625747495,0.1317913507188187,-1.0338999453332707,-1.231074390748097,0.5421030354927853,-0.3523040547657355,0.30515587829117385,-1.1842332028473266,-0.11664819155104042,0.6551922500604686,-0.31132621614206046,1.3360488897170735,0.4742798668358058,-0.00523138199498846,0.7662520718004474,0.5150533723956614,-0.02425113040043822,0.1441222897677743,-0.06118478078878903,2.035587324576795,-0.44657265067763363,-0.4607231310731671,0.49510907911457797,-0.8608909566627909,0.37404520184854234,-0.7163754426631678,-0.4968706548030575,-0.5575808772111515,-0.40879907821774375,1.1025098823592374,0.3803065993283039,-0.40998043894461506,-0.6242479350442679,-0.7969411194299044,-0.5527641359632873,0.26897353290585607,-1.6232792509550538,-0.06880406300970329,-0.13152846607537794,0.24461370985223013,-0.0370369717678638,0.6630750415777582,-0.007041804970360707,-0.31494785863972974,-0.5308962079785479,1.1865151709554187,-1.3683317379499247,-0.034434119563290816,1.587317854790042,0.15671600849178646,1.2601270263694873,0.5478553950472596,-0.8220188788446591,-0.8361190962494134,-0.4893893378949162,-0.5170319208156116,-0.4555121569049665,-0.23749465305721348,0.740786489740276,-0.31687212023321754,-0.7075386741322275,-1.033188220356771,0.35131604671977135,-0.9370675471797388,-0.7610704276801751,0.6424732888344774,0.4339493570243774,0.4569686392075127,0.32966460692451455,0.6151579382871478,1.0563203376934454,0.10358608899385607,0.06665825749937233,-0.009043258704892101,1.2518786759311815,-0.08638536591527105,-0.19863889983837585,-0.26370554128750673,1.2653278079044668,-0.2740970587330236,-0.31766360101153174,-0.05102805712486952,-0.26211763662315124,-0.7880526996611422,1.1269791512385685,0.05292489638026521,0.9328555384647581,0.5658210399771881,1.0283055401980579,-0.7660247715619543,-0.5196444435034057,0.3099051472891039,-0.27494957888280624
2014-08-29,0.3631260790478128,-1.1772205219063712,-0.31757276219213426,0.6816417032821548,0.3025328393165854,-1.1035987318832026,0.12271521759144446,0.7309445926610411,0.4010053741380524,0.7660523645813303,-0.9647288889201507,0.5021959746507966,-0.8024366397663836,-0.21503463167747894,-0.6493277916076974,0.45836131036296823,0.46398309123719766,-0.35535363941913456,-0.2029742686067289,1.6143271818921527,0.7746867891246634,-0.2411253186980699,-1.4752438368417362,-0.20057299969236342,1.2369305414754646,0.07345907907058608,-1.5703915856758948,0.16408137964740116,-0.08837305380315866,-1.4125147464073562,-1.040634283795755,0.7980529524812942,-0.27728278018707453,0.8749092095217159,-0.9963529546033321,0.2780172464583206,0.8904201040089978,-0.34365058580163665,1.0703293528584543,0.49371420568030105,-0.0806339693811238,0.7313505058032371,0.4759800292874108,-0.06673560685318988,0.07767980693827337,-0.17247730152631802,2.252092017803161,-0.4450909745325071,-0.4560812017081064,0.5818283121846444,-0.613543780771468,0.1143563847900263,-0.7495576981865509,-0.5882131682131836,-0.6112293707174553,-0.2896147250611668,0.8973106008649121,-0.27279848496739934,-0.5460816941553623,-0.8694888538895277,-0.834897115829326,-0.6162462923130785,0.38864671316853505,-1.8606634172396443,-0.025076583611682246,-0.3634360268878025,0.57120870629967,-0.07138594059146319,0.5001978908220157,-0.05490079151885616,-0.5095789704662479,-0.32221188007486373,1.175293896676332,-1.3584910155827414,-0.0822147698807924,1.3178063565881624,0.013331120587517037,1.4844780441858014,0.8462707438689769,-0.9423545649567249,-0.767017969313339,-0.781024045367279,-0.36862728884132473,-0.8744984547880303,0.07885079755659671,1.0323597573136327,-0.3440808518389334,-0.8281915459094682,-1.3023863342464246,0.45188504874731467,-1.0432364053172165,-0.85501371453455,0.7166185599193954,0.11982679007261796,0.826507848282187,0.282106473228003,0.5207539833151321,1.1786895862849753,0.06444434309337754,0.3018775706080321,-0.037862748903256596,1.2416362204630653,-0.03190012954472721,-0.3540958804357069,0.06741256349890556,0.9958272235724113,-0.3808458997828192,-0.3606349315153239,0.9457856639793416,-0.18979538971244284,-0.5150944506803034,0.029400068809894875,0.10860121164706071,0.6993433025100639,0.7590453223810911,1.2355871812588277,-0.8682196508566277,-0.20503502198578957,0.5353800596759386,-0.3363023611994968
2014-09-30,0.4589509092349617,-1.0902959807852368,-0.4684789061338602,0.8444473872719318,0.2306918292153843,-0.7407519865775113,0.13594625403141372,1.0101346266942999,0.8535975026200887,0.8346059158131496,-0.9668694516295215,0.631231801741011,-0.8056191191492934,-0.2576832635705291,-0.6665930098627058,0.7347558564255023,0.3112906106117366,-0.20071710239873275,0.08000379544382871,1.5401544092735335,0.8330138255105416,-0.36927816426940324,-1.496224491581811,-0.1850930500565876,0.9621772807480193,-0.15595217795469535,-1.5919298437805285,0.40165722451348607,-0.2694648747044222,-1.7892802498532687,-0.952374148555792,0.4450718836530226,-0.7480463764188579,0.68252190830365,-0.9607459092418421,0.3530578134380358,0.24461750722694486,-0.1551125262471097,0.6796554224033193,0.9008294029022677,0.16080691978826872,0.6029223594815499,0.6136687198246242,0.058583130775791914,0.052466463056280915,-0.19098498057922075,1.4524203071356414,-0.30823344147404047,-0.7837967522940623,0.9137131909161698,-0.8576228205308316,-0.18780111012563494,-0.8326559486465911,-0.4189657490278672,-0.606629578527761,-0.354814232136848,0.5388655513036953,-0.11526959180802354,-0.23256680936343999,-0.7150236094113422,-0.7584014836990907,0.31586340316651484,0.564870761639787,-1.802140253401247,0.02751037754678473,-0.1120985244160754,0.37416378104581105,0.021613836314825385,0.3663930960578553,-0.22476449336557092,-0.2708318703647201,-0.39771981113153326,1.0221973238352584,-1.2313720365319887,-0.06158990677531653,1.2304040083294125,0.04272585675398333,1.6451833086334058,0.659418749055311,-0.6146040986175714,-1.1724044773268096,-0.9649499307410826,-0.12495815134596489,-0.8458702537669681,-0.08579863143609481,0.9151672337288295,-0.4817549704265997,-0.6939791132664375,-1.4119586042835783,0.3602253132156122,-1.3207686410677284,-0.9813600407513245,0.47313368209410667,0.048547567565091404,0.7291489748246164,0.16307216016210013,0.4225509466851637,1.202249007755058,0.15718265662144731,0.550847032478196,0.19940266457458464,1.3996354341936312,0.019675457455093553,-0.21665006075685858,0.10460530790446487,1.0355350380025192,-0.1797330307090464,-0.5373047219432852,0.4220565911622991,0.08307033226406371,-0.29556048915882205,-0.25277802960474355,0.2279189433947304,0.9011274672138299,0.8291240834258307,1.4014644715933815,-1.0181398431347128,-0.08292726087745247,0.4222975708501873,-0.2849482633039244
2014-10-31,0.3291651371229978,-1.1143537245237014,-0.522735367704203,0.9309546870121677,0.6543700379159814,-0.7051538318113191,-0.08360756822060178,0.7074378352883239,1.1599883663781532,0.7641411904813886,-0.7770405682766341,0.17185902304084266,-0.8926721036523009,-0.34288469452986425,-0.8015145668195536,0.6884847814258703,0.1933229563697752,-0.07594271707512273,-0.15939550494160673,1.3324377591848662,0.2695183282215921,-0.20571743758303673,-1.3588070883930614,0.07418151528287054,1.3627807721601832,0.09034870507517956,-1.1301375195547998,0.7281174183809555,-0.17998170550102313,-1.9446009316155761,-0.8502256026042142,-0.11473429656711068,-0.8477752475443432,0.78261170094242,-0.8937527890651746,0.2728590941328423,0.31886776974481756,0.024202831710218864,0.6560201042160589,0.6594056275321829,-0.04908168273890731,0.4287960929005977,0.7817072069472243,-0.11267920495779249,0.24383036094495786,-0.30814285966441757,1.3329938414283085,-0.4325291144704189,-0.8436935017643019,0.9008171258777213,-0.6054031316434374,-0.03019803366319962,-0.8729199260539543,-0.6434507442544591,-0.5490355651147434,-0.4242487721452093,0.5198085896349259,-0.5919865141789266,-0.23991156105508127,-0.22231854162099823,-0.8000396248324801,0.038258775742978535,0.7313705106260845,-1.8471728944526475,0.17484785193332103,-0.3272827530659306,0.11909834567860995,-0.14765549106144382,0.5788896156285211,-0.37272205459859176,-0.36995031666545763,-0.4956272673433059,1.1050398803429675,-1.422739333355665,0.2018085384772667,0.8167007170533287,0.008989195100424396,1.6108038386896495,0.7525951700215956,-0.6705329355257265,-1.3942719788215898,-0.9239456967552706,-0.06734294822321413,-0.7705880128729518,-0.03549957077856469,1.178938577017165,-0.21054014728864695,-0.41700250234794256,-1.6419213042597578,-0.1287719958174007,-1.4474539089775582,-1.0950928583717658,0.8830756167276342,0.6001905675004272,0.6539628405551087,0.17147305283717673,0.35127595309694687,0.4757030095419288,0.16577137163333286,0.9273147545360129,0.6091477732414025,1.423731275572771,0.5105663483149812,-0.07720135683399049,-0.0056738183079799165,0.7306238655015498,-0.04477366528264737,-0.6050801224562068,0.4084195002639983,0.2935976187772831,0.060297926855907735,-0.3076245175004092,0.05060686334124276,0.765746007053578,0.8945717903816421,1.7182907756458925,-1.1727903623558218,0.011620734271489658,0.5301761266970259,-0.20660379055059613
2014-11-28,0.2798872377152264,-0.8736184039737683,-0.6449351412359248,0.6280645870791496,0.5804080935154049,-0.6805896067008295,-0.058884353856118066,1.1012856496287236,1.323434440242662,0.5771711747944828,-1.0755737954030837,0.43589474170845255,-0.6940704155278627,-0.3021470238326211,-0.8904576769203842,0.5799442378362508,-0.22267003739613256,-0.04568003958196287,-0.06272861931872317,1.4992663739145191,0.6213814066125876,-0.2731314652007239,-1.1522211521809649,0.16681999338369152,1.0933467726529162,-0.08904312657085584,-1.0826601168608891,0.12181961009925427,-0.18631217565736682,-1.7882105008171783,-0.9881965168437222,-0.2178395914737545,-0.7057245350562986,1.0324811748217761,-1.0315031444358898,0.4117250184782315,0.44985768224807776,-0.21040426845066298,0.501552158606202,0.2921465248491505,-0.17707427732994407,0.423811294540977,0.5279056283178954,0.16546590419220633,0.000425401544663917,-0.12935489911507914,0.8963521205467149,-0.36373558148139395,-0.8410960278186704,0.6622687182584435,-0.5350145701086774,0.08637999487919712,-0.7635066944645238,-0.48332230078228533,-0.41644180440342166,-0.33405706133722146,0.3431930824077275,0.24846917926661838,-0.299278528164545,-0.20070233182148692,-0.623541643479658,0.31904211586138753,0.9300498197582299,-1.815383225601558,0.06876772497388411,-0.03609441722406648,-0.06699844345032277,-0.039747352542036096,0.591556089337096,-0.3254672160655483,-0.36579056832634194,-0.5798100548903431,1.150363904152575,-1.5133183663028884,0.34443244405606455,0.2989245377903065,-0.023132343245615097,1.4099301926074084,0.814138487780605,-0.2272679216876163,-1.2740684246995182,-0.8509773543195945,-0.46163945861270245,-0.7056159433844946,-0.13408914392261861,1.3521679907390276,-0.2145419158382038,-0.1496746822461014,-1.4625007259828307,-0.5114960771931878,-1.3109244027382565,-1.0481349321846407,1.243445851446445,0.6877623356017369,0.9124216570415232,0.18232757738998606,0.3730559195112384,0.26982316530229933,-0.1443785198537434,0.9236007424769714,0.9596624877731108,1.5748166710901428,0.33727522101299934,0.03189241135838655,-0.13530641434164994,0.4374773399516383,-0.13202508084407677,-0.30449922699610626,0.3528976111485513,0.41010190306071004,-0.102679236353453,-0.6339767449911962,0.02661628749129996,0.6815752523636831,0.8541515043529939,1.6720527765539317,-1.1329883943301475,0.1293655725647089,0.02987260032540666,-0.27407238124407457
2014-12-31,0.3343524044346674,-0.8893286083841867,-0.5082828372942813,0.34306593161927545,0.18639519662199014,-0.3525326438896345,-0.13053658114559363,1.3700534723839646,1.4919903134473143,0.58108528110193,-1.1666760538591316,0.7409655230492005,-0.6310319155423034,-0.3354541994778873,-0.8210830009350079,0.5588889461948109,-0.4008767584388342,-0.11109415365628084,0.12572191222808246,1.7879639675042833,0.34697241570092624,-0.29584171262746906,-1.2091554163106923,0.28222273952175253,1.448142023607716,-0.031173330607939476,-0.9438575797212712,-0.18362198029609064,-0.2418395882188038,-1.5599047600863798,-1.1779978081746538,-0.2803029307269147,-0.5545814481187771,0.9388581453353657,-1.0104532026564308,0.8699112244278782,0.4141588761527104,-0.34320485850156834,0.49965070472324125,0.2901968767074789,-0.11284942564949904,0.5007360240320311,0.4359404993994165,-0.24811732764661948,-0.5516164670821416,-0.055275912474532285,0.6942438273427087,-0.1974963857914841,-0.8336795101780856,0.4739161119853398,-0.414502076583218,0.38557507014290926,-0.4855394093427958,-0.43670600091250084,-0.5461844806876378,-0.397689786814036,0.272371184853183,-0.4737899398164387,-0.08338551274859583,0.06291707161351894,-0.6229196292885828,0.0709074363971346,0.943146634722235,-1.672415684679466,0.09940098755495802,-0.0688483430336846,0.2165461485620794,-0.24123367313150812,0.5040008278833433,-0.2573042831494608,-0.07072581361453062,-0.6656994126896589,1.5450706136484724,-1.4758160899470476,0.17719442559130685,0.10034819144927307,-0.21204755777792736,1.1474480761485601,0.7560301740688572,0.012164725963256073,-1.4565620999593794,-0.8184950846958783,-0.5073149483383546,-0.574420975562411,0.6599974448745092,1.385574842546536,-0.19442574155754827,-0.10525466076158287,-1.5203773772898876,-0.42358511365360163,-1.2437860546098474,-0.9131724474633813,1.3675640703964949,0.7940176052528267,0.5551187824740773,0.38894636850479175,0.09377438706358582,0.00766498830796325,-0.039713136779970015,1.1767125505049376,0.8647957181114023,1.0694991139050563,0.20098062108734133,0.17926017636516894,-0.33588493636217587,0.48340395026525673,-0.05491636536094041,-0.5141503563483545,-0.1454323694687891,0.4220317143813883,0.15255927158643062,-0.7314060133376087,0.42117694044469794,0.31963360434611504,0.6400035035218028,2.0190128857843366,-1.1865794040520534,0.22078685829307962,-0.15769278195645162,-0.2052254248711468
2015-01-30,0.1674867241047324,-0.7451313791486599,-0.4546157426314389,0.41427108184667805,-0.0724200636156595,-0.4381690769079664,0.037316693617290675,1.1288111351164165,1.4792089602090215,0.847402858278117,-1.1762698272110912,0.7913747763232191,-0.7806244238104523,-0.40826405573681573,-0.6716694391114522,0.6303913429155249,-0.44999117993587257,-0.2834815306190045,0.19538913969260863,1.7200985404278157,0.4980948926409356,-0.37276374151644076,-1.0718762514986804,0.47089057645234805,1.34855909484469,0.13881735938293535,-0.745407720696504,-0.2851301084314198,-0.28137214016178946,-1.5826748956942065,-1.1981446950662005,0.016840624080964983,-0.47568288294055305,1.0890448472306786,-0.7918518700299595,0.6484173982352456,0.3301408898849186,-0.24054715506444607,0.6326954015049863,0.4507986773084486,-0.08825453778730713,0.5847227501075825,0.4851417879692098,-0.3951247802333227,-0.7713022468731424,0.03440438841556159,1.0823875950235842,-0.21798610725462164,-0.6062606705725072,0.5239304105725939,-0.2008863158526682,0.37196496472615204,-0.4099624924969523,-0.40908367531645257,-0.5498445352641638,-0.47091503367528054,-0.2649051497238576,-0.9573543531960418,0.035604566046401026,-0.44645787070569626,-0.5664722656323561,-0.1550222532195027,0.7163452476652211,-1.5922269355481529,0.30629596826531286,-0.13365217373694604,0.2525243818784869,-0.08524699869950414,0.4312224025536462,-0.3590641531013406,-0.17645725318959207,-0.5566469910590154,1.7202457251856598,-1.5168943254238403,0.454523698826921,0.06760408318799284,-0.05617803917150032,1.1518535143735433,0.33871944820773897,0.3430022512925157,-1.5025248340921045,-0.7169467674436292,-0.35918472936259715,-0.6384216886311935,0.7543410909243293,1.1704064041844233,-0.21596083962118884,-0.15372723274422384,-1.600896051017631,-0.6093871727079235,-1.341724934982687,-0.9696237258997255,1.3506736988451853,0.8428361041964718,0.6010755081600329,0.4097540245836321,0.1268479705084319,0.02029955670239908,0.04407020074556067,0.7702535964770357,0.969155431548634,0.7549050973479954,0.14333902482590138,0.006297432414092807,-0.3550995058711806,0.5107882536752726,0.021693005630988527,-0.7293836518507275,0.06369964336494827,0.6181368407875649,0.14335175388842125,-0.6173726619025436,0.5545571747460639,0.027207274089287747,0.6661955320392732,2.165085824760959,-1.2111008222345465,0.3386962459293784,-0.33087260377907235,-0.14569632906864394
2015-02-27,0.21900319869924992,-0.6814826724075442,-0.48776113116670194,-0.14157477794520845,-0.015764733380359386,-0.39643880628515266,0.015672809028088763,1.0152414016615352,1.5067635574191596,0.5624288617904852,-1.140335164718791,0.29066525319578645,-0.9846931281655001,-0.3264444833251938,-0.7804432310049704,0.7370075606055237,-0.5518862117711392,-0.18575259357069057,0.42223434086350886,1.751748174247769,0.14360155830730942,-0.5852454093513397,-1.2743382096078733,0.5897900728197094,1.2423047746905729,0.31995236274533934,-0.9042180579216154,0.33941110374021505,-0.2858843499876854,-1.4009969070739463,-1.207370902827427,0.24367190600396427,-0.37658597530867627,1.1105680941078648,-0.7796909876929574,1.1596158226342346,0.5192702385341106,-0.19020288279013037,0.020162217187606857,0.5910654521845469,-0.23807639309890005,0.5455994198122915,0.8453765486002552,-0.3417793512927613,-0.7892072050459996,0.1475175603996306,0.9981271582519584,-0.42340380949103607,-0.7100994990053406,0.4145042647444024,-0.22719705981902133,0.588523804715879,-0.16365930982857632,-0.2970811965245481,-0.5099474720253776,-0.4169410363439375,-0.22299925374988155,-0.7144698340379642,-0.047922914274983436,-0.4826170726362902,-0.5210135991161127,-0.43396695155429743,1.0895949030952123,-1.5001743506439973,0.10746215073671102,0.1635333927032182,0.3538073180894339,0.034331557925437295,0.47505875147412036,-0.25712198888673027,-0.2535715980568727,-0.8179698266573989,1.7433399622481418,-1.6204492325204978,0.5981760426519371,-0.1660731032518628,-0.1320178059028082,1.2043464870769625,0.5272409397568363,0.5121063430793656,-1.63544416486988,-0.9345744380777016,-0.7627725734041619,-0.35536546883277575,0.7273902854994851,1.126829202787729,-0.15592589727439787,-0.11687247671832639,-1.5914237266306754,-0.5632532368897252,-1.2520653126020553,-0.9181427823462953,0.9617631542635943,0.47115481943976995,-0.063917885475898,0.5397787183075339,0.25936875036305995,0.2690604488178885,-0.0805808131584298,0.6757006732336535,1.1487144960758113,0.7371010171633268,0.31751107019103303,-0.1648280390413936,-0.4099335800199305,0.8431995002817176,0.1053937029821076,-0.7511532958028158,0.08835115945220792,0.780364263475043,0.15790191528162356,-0.5287643124115172,0.5809998160862694,-0.038277052778634246,0.3820512528253305,2.326414114412247,-0.9835913786298324,0.2867818903375213,-0.48039844448665353,-0.1625002575861325
2015-03-31,0.1975216368801427,-0.893649403468861,-0.7365653623050397,-0.1895257154238083,0.17213392356816992,-0.5259289137522153,0.39659972275932165,0.9861900750095692,1.4385351475442156,0.5595851837335125,-0.8957508233806641,0.3313011122626245,-1.1138994569391456,-0.2926085360435712,-0.7171380296402929,1.0306555570733191,-0.5582533898742521,-0.1865878286153454,0.6647592521551247,1.3205603997632904,-0.2974326785250644,-0.7626376917562235,-1.1964868902004304,0.7251374033935191,1.8980492081958051,0.32744371602504085,-1.0486898662148634,0.36583317262520454,-0.23148972942689774,-1.271383186521194,-1.471090208602187,0.11738173896006424,-0.21271503587924992,1.1681810242634572,-1.2602303534795762,0.7566442779929123,0.7783263181663698,-0.4164120800906955,-0.11822708077301064,0.5035237378276898,-0.2934935336350915,0.44570655572673135,0.44000758279540264,0.09523241154403009,-0.8222732362170284,0.07776832560973629,0.8868467789863107,-0.4090836459229787,-0.6233385113164625,0.3768167677468592,-0.1730369650499314,0.9677077481995053,0.16568129692660635,-0.5304396886519531,-0.5236855963521037,-0.31238932059467006,-0.8273133066652549,-0.5082501141928173,0.05693801070794355,-0.37812022633292375,-0.5324113177709057,-0.556617895664721,1.2508996498465876,-1.368152817308305,-0.020524257336619223,0.04953387301167817,0.3324467730936986,0.13169661795857274,0.48135914325331014,-0.06622702808938373,-0.05830280884094824,-0.8985649884739756,1.3221737607850963,-1.6024832298584526,0.6491985489743873,-0.07047045072598601,-0.18251547187780345,1.113249114431634,0.8653407033796032,0.09970513335711961,-1.772988171659539,-0.9786347457897108,-0.7209813816037273,-0.15503154248126108,0.8622721227588258,1.4726110065199776,-0.21190303749733225,-0.21680762302918655,-1.6261624294143038,-0.40648013039227215,-1.3931115802358045,-0.9357360519050084,1.0289245607205422,0.7709974473530936,-0.4941517701248752,0.511933858529568,0.09513019890594013,0.31012199680725727,0.011791831341952719,0.5108928437635039,1.249732466423123,0.9749033071827308,0.1714979436902883,-0.1293874846616315,-0.3733227338788741,0.48982817764841563,0.1076156547783958,-0.5248231403480521,0.27181215367831574,0.6512383319011363,0.7840898403817504,-0.6709741358575111,0.6321142882143361,-0.24053946940168813,0.34502369444621356,2.2800179402853655,-0.9875577520591492,0.3615519554302322,-0.07610649141204516,-0.3716766817522268
2015-04-30,0.5433680103229352,-0.9606931611221485,-0.9276731712074401,0.05469309051030702,0.18912589618220316,-0.5721132779041478,-0.037636370403966224,1.240436739014996,1.3544327947483579,0.5119259413346323,-1.135554188448194,0.06066545982799562,-0.8389937490805506,-0.17103141316325893,-0.7574272062163621,1.052889509580119,-0.5845696477446389,-0.11448558315790197,0.2827196654173317,0.6795348491127202,-0.33855643035301425,-0.5758551196590148,-1.1339870787384165,0.7453259382630546,0.9455825016316584,0.4878681403745502,-1.0445390426373733,0.1151102831694118,-0.48799544427543706,-1.4607247093296347,-1.3754558023378036,-0.16193285618455247,-0.07221762188384229,1.3184868473363434,-1.4805178517678788,0.11253393318491614,0.7050845247646046,-0.31119459139200045,-0.10729938586546306,0.1433583389514845,-0.18350362239352808,0.48231214726599286,0.8317195786820902,0.196605391945399,-0.7776372733942145,0.20132458522606628,0.7745370381449734,-0.3694635276327597,-0.5542418994276657,0.31862243170155774,0.10255429761722146,1.088037486284206,0.0691487352239875,-0.4773517185412448,-0.37184430754833747,-0.03982488990688826,-0.9811819481992357,-1.2955451401812383,0.3047406282900478,-0.3206683148579571,-0.7770461066621366,-1.0381435700113446,1.0985470781040385,-1.2926644431887613,-0.011133818964306597,-0.028074429863739453,0.39898594905872575,0.14953166577543886,0.5160035650659025,-0.15717413559205656,-0.622303127290234,-0.9732986440608936,1.4410920987048064,-1.6329000650246577,0.6018943225177882,-0.044043235968756214,0.14885371343839926,1.0953193156726821,1.0508845379442773,0.16054356969662104,-1.6581335011513803,-0.9767820674254222,-0.5782824410593832,0.6956630543791078,0.8471641055942076,1.8850914388980824,-0.0795165006359761,-0.06889940061360128,-1.5311573624686128,-0.5356088680411356,-1.3842474765150472,-0.9495564579363212,0.8230097801728996,0.4283030516933351,-0.7144229097001984,0.5272580039417196,0.21885262059390168,0.46624663032088737,0.13984416093827837,0.07901343514534968,1.4375913589954465,0.5662940112931514,0.7375951509374407,-0.19908111168760384,-0.26138920917197395,0.5648337550819746,0.13911092903560257,-0.2857349923792389,0.5007292210777452,0.48399269564871616,0.9915248092090683,-0.2054877786143986,1.3225246920008116,-0.2745272394772573,0.45734642045133855,2.3659969204033304,-1.0998618868447254,0.36790005006897836,0.11860587796726503,-0.33770564863122754
2015-05-29,0.6024982108728252,-0.8849269446149941,-0.8524612654217484,-0.16814021702726412,-0.23788727388532355,-0.3749364167675931,0.2075672597791663,0.48920719979555144,1.2978297843923898,0.6157997467558186,-1.2094746015719098,0.7184154420266371,-0.5971171767035472,0.17889453013954726,-0.8009543451170643,1.2906437930475403,-0.9402047311744257,-0.572266926713379,0.8505895424227247,0.578243005680334,-0.4416548424527246,-0.7646220652597817,-1.197904809631102,1.3987764276839483,0.3615167591057905,0.07434377023800315,-1.2252467064172474,-0.04064705899006538,-0.4641954626442194,-1.575703221980816,-1.1772687991716508,-0.5056541388808415,-0.18567406927287342,1.3645383657030645,-1.7501724396912663,-0.041242844344004256,0.23376249382926356,-0.4352312102393285,-0.2039790499819812,0.4797026392924251,-0.5702041517517362,0.5449831443043106,0.4927212021786541,0.1738224454551393,-0.7634376702207517,0.4409764641911913,0.7055836067955301,-0.7004330994524238,-0.7678327405214012,0.4619852537174257,-0.5000555903804674,1.2001949078839624,0.4654319202682992,-0.021230465288082912,-0.12720618651827315,0.29757722320354757,-0.9168151601976884,-1.2356314003033644,0.36083704208272716,0.475536529501114,-0.6940766733955569,-1.0419741855610007,0.9204355639779981,-0.8782026086092201,-0.14129030522916353,-0.307342136168845,0.24243399748880437,-0.09531601802987488,0.42479214531721776,-0.1271074748016708,-0.9509953223810845,-0.8982879735555406,0.7299766507058068,-1.575635574465771,0.5031082010311378,0.032413456715746455,0.14771198163300878,1.3808027430951808,1.0541845401853505,0.1264814310530138,-1.5071953699926692,-1.0809057645864255,-0.28985648640222744,1.2556589787346346,1.3523480748041583,1.9236763633088811,0.10267353501120235,0.29657365558562476,-1.3783091920009936,-0.3616840353240301,-1.2257265577321426,-0.8105706400318928,0.6534032673395563,0.6569139970645195,-0.4825243008993967,0.578781979706916,0.336223688806855,0.6454338156317603,0.08360547174702287,-0.09527548937280217,1.3896233886982767,0.4264805841646774,0.6675669025975843,-0.21985894718367693,-0.16672335363219096,0.8571174428277334,0.27407245609371417,-0.23087744690772405,-0.09357268120712905,0.49873481436130646,0.7221094351877628,-0.6833257547296445,1.0515272202552248,-0.2936868424536731,0.41805666176513573,2.356445750132602,-0.8507199098674014,0.6122640173240775,0.0015046838642414073,-0.3536614794525885
2015-06-30,0.5995854905348726,-0.8637755669215338,-0.9448786364883952,0.21694436642744733,-0.538590220467462,-0.5663348711237066,0.3354412280433995,0.3069064480014125,0.5728148835453023,0.9168170782747429,-1.1472645185239188,0.8737402983054551,-0.4564335425087243,0.2961586713053001,-0.8566302252712434,1.2190065519639917,-1.0789010070581966,-0.24702856877164314,0.8557330017634555,0.11007674946540552,-0.04904942507732217,-0.6812687403687261,-1.128653307145903,0.874038908431421,0.11110019341177996,0.40371193441282593,-1.5705021434838082,-0.9772303371160858,-0.6855107795969395,-1.585132609412844,-1.0896296277343942,-0.4731335679296081,-0.17097802789383354,0.9233713932074747,-1.5526698048834775,-0.008137688350937453,0.04189364657743061,-0.320439472006017,-0.4573358494711071,0.884619130467829,-0.9800753163868796,0.4881094275008807,0.533029120290694,-0.0361986405821499,-0.2826439026214408,0.7998579187041313,0.8478217396321611,-0.24017455641404842,-0.9401844552191823,0.7598886646495271,-0.3533058892623864,0.8396793457623634,0.10058355837800481,0.04349623567276663,-0.36647119541750084,0.41214876087058283,-1.0018007572602852,-0.699442127506186,0.17506497187932357,1.1885538392213535,-0.8182838334913591,-1.0170967950023302,0.8781589774398078,-0.8963309683212561,-0.2790955885136518,0.04823028623231247,0.37930325557804073,0.03850674578869806,0.719207889922986,-0.045066196598213065,-1.1949668771774151,-0.7664194696994584,1.0146943738046867,-1.5969383519506692,0.4148828870482166,-0.041799941504250857,0.02521487471988859,1.1753174126052153,1.1115908584210188,-0.43691660227894685,-1.282951036840747,-1.0751920638659749,-0.41516058884537715,1.2177649967331388,1.0880561540938436,1.6904325578713937,0.27495860639271735,0.45659853029477093,-1.4886530132153082,-0.13778150984860432,-1.2886033433300104,-0.7794044117981831,0.42787522815277645,0.5126459358686187,0.06448795208788019,0.5504490731693374,-0.2826477183558623,1.1785002486315823,0.07639572136261447,-0.05391963406269437,1.1871655473554033,0.39725155748736785,0.8978954737430895,-0.2741254810120408,-0.08700149162532206,0.9124808582062933,0.48659447833407804,-0.034031482229357375,-0.26960636743339367,0.753128226979789,0.8517733924125661,-0.6894496132555261,1.229714501412436,-0.19364668097015547,0.35115880038443154,2.1553490469591314,-0.5554543036959851,0.6679989374968622,-0.20565485903547015,-0.4079733414588862
2015-07-31,0.5756721753816431,-1.0084578178014787,-0.7758948633857065,-0.21964375715635986,-0.4513940376673701,-0.42950202980400953,0.12652164871011345,0.3023471652512659,0.9339737313027159,0.5742033211910503,-1.1527729334988575,1.111435212315644,-0.7543631871791322,0.21928634783131684,-0.9564607262049841,1.1092111626070307,-1.1224295377798614,-0.12313095950231151,0.21640591710709567,-0.12853986006507145,0.13349366842195173,-0.6329867636878613,-1.1626598599991838,0.8517157146463971,0.2997661269148938,0.6849080437849651,-1.1452896160264063,-0.9007151971782673,-0.41581176079510385,-1.4971073444612428,-1.0551359658847652,-0.4237719162269543,-0.06920107798061423,0.7334423461624812,-1.6552307375951913,-0.06587264856424205,0.038391419843434194,-0.20330401426411046,-0.3201744823301803,0.6933998548616056,-0.9511327480776024,0.4699865372768865,0.6674589550940138,0.7600724218154398,-0.2895582349691176,1.0370457518085623,0.8223863441272214,-0.38586570730868636,-0.6975304397032249,0.4037773084774613,-0.7908889210141101,0.8710409064734255,-0.1043433487017327,-0.1410359160385257,-0.4409035056019291,0.7092848574806747,-0.7476931323452884,-0.7121125707985272,0.30924673318116,1.3216595837599663,-0.6178199076871136,-1.2186051223182883,0.6523803447838112,-0.7638384473148536,-0.2910295618222446,0.2722652500137665,0.429738701891481,0.5062666953182929,0.5756749462161236,-0.14672764069394506,-0.9273225501719612,-0.4953883958056426,0.5077866962623607,-1.8086767890801951,0.23226921069855128,0.14236526045219863,-0.1483233777139229,0.9270289486684898,1.7178562316089372,-0.42808965337619587,-1.13062868304103,-0.9004700960528066,-1.0737660621837373,1.7312838100978616,0.641516114229249,1.336476500674959,0.5109542524245593,0.14031292306286008,-1.211641064806511,-0.02355416184262145,-0.8607104781849333,-0.7123708041892078,-0.03553219811330473,0.4748308469385458,-0.30522218210522684,0.6014974229752291,-0.3569875974356175,1.3594427937992688,0.16348686303746912,-0.31973099421398243,1.252947269028867,0.601867986363003,0.5251343886746036,-0.24839796088196398,-0.028765884571188893,0.7945354817262087,0.43726358690111844,-0.13931681961052567,-0.07522803428817708,0.5427646741074598,1.2167736191528107,-0.6718546652748589,1.2948683640182006,-0.33267169783242867,0.042237694597720865,2.4215535403780315,-0.530905826061901,0.35190651967345876,-0.29642583777600484,-0.35050207955549695
2015-08-31,0.3211997459100067,-0.7046505282110367,-0.7162324648190874,-0.2753402829432038,-0.18915053520561875,-0.5537416996840714,0.10555126391093639,0.35779823555443163,0.2554310811056802,0.33260243046567123,-1.1101447856128277,1.0182326111251192,-1.0149262093257412,0.24630523121098638,-0.9535175155884177,1.0218016814781974,-0.9638475030579745,-0.4112303843298926,0.07431892063292914,-0.17588767401891564,0.01969053243865225,-0.5989411498405639,-1.2010066537536568,0.8099092535052183,0.6176230022763909,0.7806254617686451,-1.5616038133903818,-0.8890459056603199,-0.43751644358313974,-1.3404155964636557,-1.032619686153624,-0.3593308744238786,-0.18629417220263816,1.1538377302710607,-1.709164773710031,-0.03508115995211335,0.020007176407876748,-0.374835973678726,-0.2953960163752094,0.5526476080167917,-0.9092812529232225,0.5512105825707888,0.2556189488786435,0.7435117725111489,0.11693775630507128,1.1359348469297275,0.9059348710287143,-0.24920762858639117,-0.4327620269047156,0.3543292884680298,-0.6864314227629646,0.7492846651532066,0.06420451000033237,-0.12647418156787868,-0.6347396980779141,0.5772995453538554,-0.8333294271608103,-0.4401649708239136,0.0020841149598224695,1.1469633749895525,-0.512714381976674,-1.3738691474130604,0.5672080387576521,-1.0473929149820063,-0.4839697644123647,0.3781434333499008,0.551787931028715,1.0078746554868403,0.7931181369106493,-0.07783912034180457,-0.8486565117670875,-0.44420525993069976,0.3791406274458381,-1.663395560921364,0.2584608370747455,-0.14074644208238463,-0.46364729282112205,0.8599928737494185,1.7080882666399235,-0.5223518787096681,-1.0451764224149098,-0.7328027684866317,-1.2329759990458893,1.9433595701471285,0.48421990213070326,1.3405274560998306,0.4916916972747059,0.24063016325842362,-0.927819458062134,0.010694737157522657,-0.15530594289636013,-0.5454075073503698,-0.14104090446724182,0.2754707957882247,-0.4962749513931858,0.5903759226322863,-0.2441332901128085,1.309050783738697,-0.05933523759913384,-0.35525953112647995,1.1502127066328107,0.5353104112944886,0.4833523926770445,-0.38562582528794176,-0.1698124522769664,0.8976563521640943,0.3798182412465745,-0.041211577737561296,0.4201098022275346,0.4972798472320993,1.3151386501322238,-0.34093332750518657,1.0049474536902196,-0.40376370129663935,-0.0951952257993654,2.6044351922910214,-0.18650946088974069,0.583816930643684,-0.44924026202753736,-0.36388552020363146
2015-09-30,0.27092923171606476,-0.5694497970003347,-0.7405301262594697,0.32223475644297117,0.004164951257140448,-1.1056988454952275,0.09886912397918625,0.3982485576598726,0.010493749080863993,0.32019363590809324,-1.0374439808632838,0.598221043120855,-0.616371073736831,0.6512124612392899,-0.9961779059161568,0.803766533325629,-1.0208140294084629,-0.4668124290488963,0.0669008825492867,-0.6000716116340701,0.07610879681092608,-0.28461295892485733,-1.2465390355447152,1.1917170914869222,1.0168385050848938,0.6706772881307365,-1.418446080529621,-1.030022137654108,-0.34175577001715085,-1.1542689741648737,-0.7311795485707894,-0.25363748752153714,-0.0034068970518359443,0.7052454185902718,-1.641354219458721,-0.3187435245777528,-0.04205741555153225,-0.4781124131828014,-0.2868010563991647,1.066678636854438,-0.8513143777587827,0.8907096633059891,0.2001966163490128,1.1450604693906872,-0.1903380104382858,1.2393940942873476,0.8585208063880709,0.06962298676663203,-0.406551692286929,0.169617436870809,-0.4627574972617684,0.8055846723269654,-0.10030128589664845,0.6024062146037964,-0.5493078425374419,0.40000690670711825,-1.0019448249216534,-0.8230281984856549,0.0794587571370621,0.5863553028595225,-0.7565212217362762,-1.6048021125969527,0.6502063649454517,-0.9163832978366065,-0.6336703600787945,0.268190249838909,0.8730236608980454,1.4152452718253632,0.7832636694043669,-0.14506143378820877,-0.7738381173515669,-0.5075391700530727,0.003123057235961124,-1.5195665303486054,0.11037835427962776,0.07476569684567108,-0.3288399521597518,0.6978960350785046,1.5322535104665214,-0.8800852196382586,-0.7283710666057748,-0.8067060755515665,-1.1767328835556798,1.5493069050813761,0.2018409199941716,1.1048634220614002,0.5249567342674074,0.21809058202212073,-0.35680205240991525,0.0772998931307863,0.31993618166280297,-0.5991474559688215,-0.48392100469310584,0.23369574038689483,-0.4340129467702,0.6803957041634751,-0.23356014249190182,1.5481514762232493,-0.0037410436310238993,-0.5004322842392444,1.1691830366463183,0.7608041022099453,0.20313555525058222,-0.621870884138089,-0.2073931947847445,0.7899591810242219,0.19916492673858865,0.1473660399809502,0.35764568528477664,0.34652399457031374,0.9390528547824393,-0.7151074287849974,0.9383645370357121,-0.5946715246499046,0.15135649840376494,2.3346824213157555,-0.07502958587203146,0.3973480824063646,-0.2543499056028994,-0.2928969922549483
2015-10-19,0.16559072278364068,-0.8922894780049812,-0.5774269467326026,0.2915433551837488,0.026276024203915282,-1.0496870265327194,0.0435249926654623,0.3188859021427929,-0.0234680395105627,0.23775850275946228,-1.0190762828471283,0.6204665921251262,-1.0139714420683572,0.35568120895053656,-0.9404555507476802,0.8812426533316255,-0.898049302622556,-0.661406257168565,0.10882290687777463,-0.4413115157523032,0.4047645446975735,-0.125987568714236,-1.1570611218555236,1.0465134814740575,0.7484283670066597,0.6970489717115812,-1.151271348616961,-0.613018527159308,-0.38397154697117675,-1.059171603165337,-0.695104067153296,-0.45524841466523613,-0.10577212009173997,0.6267862993734981,-1.7599917711316508,-0.3558588093295784,-0.03194563069041523,-0.4685190325471204,-0.20094893265473462,1.0404081256367093,-0.888696194687976,0.8667968472057106,0.17259933003319614,0.9300855201091836,-0.02502188361644965,1.0931322649430535,0.9065659957752004,0.023936617375795555,-0.4777817788879743,0.21448354797281644,-0.3355949926074705,0.7210623055387775,-0.26001963919690896,0.6847244043760932,-0.6711264819612912,0.3524743828117618,-0.9626021091288455,-1.0655677455692434,0.162985989398195,0.32887719718244646,-0.7485456865176345,-1.7013060861917082,0.5548779122211135,-1.2654969887875862,-0.6546127088949477,0.21495338130285124,0.7120022678148846,1.5066444530089653,0.8448151441823711,-0.1703943887497147,-0.918693205969341,-0.33417436155355407,0.08120295205745615,-1.5516400408387627,-0.07879145433219154,0.16804862199498272,-0.1458511525137406,0.8387442607759737,1.3042528353693965,-0.8949972476796796,-0.6704343201662929,-0.919953542279762,-1.0124833062646537,1.7899579262131244,0.09994587040188269,1.0212165343468826,0.5677546215517081,0.11175489926072853,-0.03539015612206631,0.054791265908992,1.2269978447430474,-0.5583310206852771,-0.4504588658879983,0.4080539630067851,0.12527480415848724,0.7455450929691372,-0.20161011417446306,1.268181653433572,0.08643531562832063,-0.49080800664460467,0.9003335951769758,1.0619932333133981,-0.11311099336425395,-0.6481966830364966,-0.0228976717277527,1.0998420665042339,0.32231748582809766,0.0634027566457459,0.07260066236139429,0.2826404899986457,0.7863778617015024,-0.8970122991495205,0.7097361726910081,-0.6481324152345959,0.19932905262123676,2.566914433097838,-0.17460002250492784,0.3789410758598095,0.08343805017414352,-0.2554397083096367
