date,turnover_two_way,turnover_one_way,cost,r_overnight_old,r_oc_new,gross_ret,net_ret,book
2011-01-03,0.9999999999999999,0.49999999999999994,0.0009999999999999998,0.0,-0.002483730847993683,-0.0024837308479936926,-0.0034837308479936926,decile_1
2011-02-01,0.3820372301507564,0.1910186150753782,0.0003820372301507564,-0.0007446024285285972,0.012660660191931107,0.011906630605076796,0.01152459337492604,decile_1
2011-03-01,0.37637859194889567,0.18818929597444783,0.0003763785919488957,-0.0007105936591519913,0.004792679996724465,0.004078680689556524,0.0037023020976076283,decile_1
2011-04-01,0.5676772747136416,0.2838386373568208,0.0005676772747136416,-0.0013503481104887676,0.007136181997820668,0.005776197557455065,0.0052085202827414235,decile_1
2011-05-02,0.5413752111048291,0.27068760555241456,0.0005413752111048291,0.00046063556522542596,-0.010146796156574052,-0.009690834566531414,-0.010232209777636243,decile_1
2011-06-01,0.38874636470923796,0.19437318235461898,0.00038874636470923794,0.000955714205570176,-0.0034215155918160822,-0.002469071377301457,-0.002857817742010695,decile_1
2011-07-01,0.3696203252381048,0.1848101626190524,0.0003696203252381048,-0.00016281880555700596,-0.015962273903206,-0.01612249375039221,-0.016492114075630313,decile_1
2011-08-01,0.5269693442271343,0.26348467211356713,0.0005269693442271343,-0.0013580052353787673,-0.018817090031857255,-0.02014954156045823,-0.020676510904685363,decile_1
2011-09-01,0.5752931446085954,0.2876465723042977,0.0005752931446085954,-0.001918476866127059,0.005996298330628369,0.004066317704871647,0.003491024560263052,decile_1
2011-10-03,0.3941571209654597,0.19707856048272984,0.00039415712096545967,-0.00016047023628597214,0.007020842553433224,0.006859245680883808,0.006465088559918348,decile_1
2011-11-01,0.405264263199026,0.202632131599513,0.000405264263199026,0.0009811498864032869,-0.00290086949816426,-0.001922565799539644,-0.00232783006273867,decile_1
2011-12-01,0.3774000730884929,0.18870003654424644,0.0003774000730884929,0.00021721871191680617,-0.02282822951654285,-0.02261596952323708,-0.022993369596325572,decile_1
2012-01-02,0.3933057752507661,0.19665288762538305,0.00039330577525076613,-0.0005876783019763484,-0.012775637848199673,-0.013355808185018803,-0.013749113960269569,decile_1
2012-02-01,0.23478879334693512,0.11739439667346756,0.00023478879334693512,-0.0004915913671883199,0.002480729834078488,0.001987918961519508,0.001753130168172573,decile_1
2012-03-01,0.2415073324188492,0.1207536662094246,0.0002415073324188492,0.0008664404879931617,0.002937239073755185,0.0038062245046048826,0.0035647171721860335,decile_1
2012-04-02,0.37776453698842516,0.18888226849421258,0.0003777645369884252,0.00015864763833205978,-0.015358382421347792,-0.015202171354115612,-0.015579935891104037,decile_1
2012-05-01,0.6054197187559041,0.30270985937795203,0.000605419718755904,0.0005046713002292291,0.006006169729488781,0.006513872171204804,0.0059084524524489,decile_1
2012-06-01,0.5472140557849574,0.2736070278924787,0.0005472140557849575,0.002654171403095643,0.0030639894916107686,0.005726293247994452,0.0051790791922094945,decile_1
2012-07-02,0.39537450066894075,0.19768725033447038,0.00039537450066894075,0.00011547548221294132,-0.0011383237003625883,-0.001022979666627788,-0.0014183541672967287,decile_1
2012-08-01,0.3888835276354601,0.19444176381773004,0.0003888835276354601,0.000977213670150151,-0.013015641746541629,-0.012051147139431895,-0.012440030667067354,decile_1
2012-09-03,0.4129386623310645,0.20646933116553226,0.0004129386623310645,0.00016422214601992537,-0.028534988921707406,-0.02837545285280485,-0.028788391515135913,decile_1
2012-10-01,0.22363207287003362,0.11181603643501681,0.00022363207287003363,0.00037053670681398145,-0.018372455067984975,-0.0180087260301679,-0.018232358103037933,decile_1
2012-11-01,0.25180795427092034,0.12590397713546017,0.00025180795427092036,2.524416820410809e-05,-0.031141546912882463,-0.03111708888712683,-0.03136889684139775,decile_1
2012-12-03,0.4157932056270507,0.20789660281352534,0.0004157932056270507,-0.0006634772520223475,0.01984393345824705,0.019167290207784404,0.018751497002157353,decile_1
2013-01-01,0.47428867746572045,0.23714433873286023,0.00047428867746572047,0.00017306325957671854,0.02121036480016642,0.021387098794612314,0.020912810117146595,decile_1
2013-02-01,0.42866935929445926,0.21433467964722963,0.00042866935929445927,0.001623753731460986,0.012300479124229092,0.0139442058045669,0.01351553644527244,decile_1
2013-03-01,0.43118856741859735,0.21559428370929867,0.00043118856741859734,0.0021578102814341824,-0.005539337585348136,-0.003393480143507932,-0.0038246687109265293,decile_1
2013-04-01,0.7051205452573274,0.3525602726286637,0.0007051205452573274,0.0009263750520730658,0.037369412462950335,0.038330405606439966,0.03762528506118264,decile_1
2013-05-01,0.5712650945024775,0.28563254725123877,0.0005712650945024775,-0.0013797446604862894,-0.011379276151761108,-0.012743320316736861,-0.013314585411239338,decile_1
2013-06-03,0.24930591201509683,0.12465295600754842,0.0002493059120150968,0.0014870429096049856,-0.005294015120358209,-0.0038148446384013157,-0.004064150550416413,decile_1
2013-07-01,0.5937937553834464,0.2968968776917232,0.0005937937553834463,-0.0008513987134461192,0.01707272120062559,0.01620678679431431,0.015612993038930864,decile_1
2013-08-01,0.39175794173268785,0.19587897086634393,0.0003917579417326879,0.00013440487422830473,0.00661018409373637,0.00674547740892617,0.0063537194671934825,decile_1
2013-09-02,0.7195977431069867,0.3597988715534933,0.0007195977431069866,0.0004980386462873556,-0.00471536720789284,-0.004219676996706334,-0.00493927473981332,decile_1
2013-10-01,0.40972101264145067,0.20486050632072533,0.0004097210126414507,0.00011660516223032134,-0.007400252697770457,-0.007284510443206438,-0.007694231455847888,decile_1
2013-11-01,0.41592779337110597,0.20796389668555298,0.00041592779337110597,0.00013258774471062404,-0.002967224645424158,-0.002835030318337317,-0.003250958111708423,decile_1
2013-12-02,0.5391888202574733,0.26959441012873664,0.0005391888202574733,-1.4866916049978158e-05,-0.0060401085496170894,-0.006054885667880372,-0.006594074488137845,decile_1
2014-01-01,0.3882285940088051,0.19411429700440255,0.0003882285940088051,-0.0003509976727987908,0.012088910848251744,0.011733669995878548,0.011345441401869744,decile_1
2014-02-03,0.2168286291055158,0.1084143145527579,0.00021682862910551583,-0.0001975958335842865,-0.018929737388083002,-0.019123592784428545,-0.01934042141353406,decile_1
2014-03-03,0.7093271015046091,0.35466355075230455,0.0007093271015046091,0.0002589414557487857,-0.009727965130037458,-0.009471542647740971,-0.010180869749245581,decile_1
2014-04-01,0.422865637426766,0.211432818713383,0.00042286563742676596,-0.0018116157309830659,0.004588434908823121,0.002768506696978701,0.002345641059551935,decile_1
2014-05-01,0.4123795322973075,0.20618976614865375,0.0004123795322973075,0.0005878443501394759,-0.012915109233332379,-0.012334856957187168,-0.012747236489484476,decile_1
2014-06-02,0.2497931710280463,0.12489658551402315,0.0002497931710280463,-0.0004987178567307116,0.022102432346604074,0.02159269161218491,0.021342898441156864,decile_1
2014-07-01,0.25290579779015887,0.12645289889507944,0.00025290579779015885,4.275260378823953e-06,0.005901194659319088,0.005905495148841533,0.005652589351051374,decile_1
2014-08-01,0.3908196063459308,0.1954098031729654,0.0003908196063459308,0.0009403258415641246,0.020242866126944765,0.021202226858635376,0.020811407252289443,decile_1
2014-09-01,0.2884874209326994,0.1442437104663497,0.0002884874209326994,-2.523348479930383e-05,-0.021413409442222402,-0.02143810259208001,-0.02172659001301271,decile_1
2014-10-01,0.5860926707263203,0.29304633536316016,0.0005860926707263204,-0.00022739986856299145,0.006136821842282137,0.00590802646123878,0.005321933790512459,decile_1
2014-11-03,0.2445319566997445,0.12226597834987225,0.0002445319566997445,-7.509456468520804e-06,0.00627844078659459,0.006270884182448144,0.0060263522257484,decile_1
2014-12-01,0.3917147907581912,0.1958573953790956,0.0003917147907581912,-0.002000852360893499,-0.025098459648651168,-0.027049093697301907,-0.0274408084880601,decile_1
2015-01-01,0.2142114336977673,0.10710571684888365,0.0002142114336977673,0.0008349766714588578,0.007114158790781172,0.007955075618867324,0.007740864185169557,decile_1
2015-02-02,0.40935136471041167,0.20467568235520583,0.0004093513647104117,0.0013743995595675146,-0.005289644068128216,-0.003922514593038384,-0.004331865957748796,decile_1
2015-03-02,0.4033107040511079,0.20165535202555396,0.0004033107040511079,-0.0012656244634194893,0.006661226375862713,0.0053871713013855516,0.004983860597334444,decile_1
2015-04-01,0.3888566209162776,0.1944283104581388,0.00038885662091627763,-0.0008589694039714347,0.01917203991363007,0.01829660231396124,0.017907745693044964,decile_1
2015-05-01,0.37329537363432996,0.18664768681716498,0.00037329537363432996,-0.001013654002733646,-0.002393156332045944,-0.00340438450228453,-0.00377767987591886,decile_1
2015-06-01,0.3729136089352868,0.1864568044676434,0.0003729136089352868,0.0003202254438804125,0.022943278213190994,0.023270850678521304,0.022897937069586018,decile_1
2015-07-01,0.42669258482343125,0.21334629241171563,0.0004266925848234313,0.0002179590382633672,-0.026752695838744817,-0.026540567792337377,-0.02696726037716081,decile_1
2015-08-03,0.42432815711363014,0.21216407855681507,0.0004243281571136302,-0.0007221794217579271,0.03954692979918344,0.038796190398530994,0.038371862241417365,decile_1
2015-09-01,0.40419613314685193,0.20209806657342597,0.00040419613314685195,0.00016923985180318407,-0.021742287047969995,-0.0215767268576047,-0.02198092299075155,decile_1
2015-10-01,0.7104013653156827,0.3552006826578413,0.0007104013653156827,0.0013928225251509062,-0.0036190970344603017,-0.0022313152691796345,-0.002941716634495317,decile_1
2011-01-03,0.9999999999999999,0.49999999999999994,0.0009999999999999998,0.0,-0.005299142843650037,-0.005299142843650073,-0.006299142843650073,decile_2
2011-02-01,1.0568507580334559,0.5284253790167279,0.001056850758033456,0.0005352938506076735,-0.004498546332109591,-0.003965660525690251,-0.005022511283723707,decile_2
2011-03-01,0.8802261248318473,0.44011306241592363,0.0008802261248318472,0.0009708470998378415,0.004775476980318372,0.005750960338132716,0.004870734213300868,decile_2
2011-04-01,1.0923604259363495,0.5461802129681748,0.0010923604259363495,0.000809925324542844,0.0030043977318913633,0.003816756394242393,0.002724395968306044,decile_2
2011-05-02,1.0369205598533735,0.5184602799266868,0.0010369205598533735,-0.0007617359836202581,-0.00679490151041324,-0.0075514615730479795,-0.008588382132901353,decile_2
2011-06-01,0.9033162048572492,0.4516581024286246,0.0009033162048572491,0.0012912403596182437,0.002401868083956667,0.0036962098325832304,0.0027928936277259813,decile_2
2011-07-01,0.859397020949284,0.429698510474642,0.0008593970209492841,-0.0019066668925184832,-0.022145597720107497,-0.02401004033463805,-0.024869437355587335,decile_2
2011-08-01,1.0459036384110862,0.5229518192055431,0.0010459036384110863,0.00045145141172426813,-0.03663281998667951,-0.03619790651325383,-0.03724381015166492,decile_2
2011-09-01,0.8922028244824327,0.44610141224121636,0.0008922028244824328,0.0015685662205391514,0.0071197306941981515,0.008699464683803448,0.007807261859321016,decile_2
2011-10-03,0.8610446565026318,0.4305223282513159,0.0008610446565026318,-0.0014737323377536455,0.0024071325672767228,0.000929852760417571,6.880810391493922e-05,decile_2
2011-11-01,1.3739487369555778,0.6869743684777889,0.0013739487369555778,-0.0001517803733272685,-0.015806815060322145,-0.015956196269358403,-0.01733014500631398,decile_2
2011-12-01,1.195661448961133,0.5978307244805665,0.001195661448961133,-0.0012895164802556604,-0.015971810487213335,-0.0172407310546262,-0.018436392503587334,decile_2
2012-01-02,1.1735090980818212,0.5867545490409106,0.0011735090980818212,-0.0013475438513992945,-0.019676435297239128,-0.020997464289236212,-0.022170973387318032,decile_2
2012-02-01,1.049699265955395,0.5248496329776975,0.001049699265955395,-0.0002625170644261753,0.011430054177127722,0.011164536528432745,0.01011483726247735,decile_2
2012-03-01,0.39722749124748113,0.19861374562374057,0.00039722749124748117,-0.001291342051532667,0.011782901734047436,0.010476343926016485,0.010079116434769003,decile_2
2012-04-02,1.052948092505767,0.5264740462528835,0.001052948092505767,0.00012869820947970963,-0.015225090536821046,-0.015098351769232687,-0.016151299861738456,decile_2
2012-05-01,1.0422775175562635,0.5211387587781318,0.0010422775175562636,0.0011682737889151592,0.004987186530416076,0.0061612867186351394,0.005119009201078876,decile_2
2012-06-01,0.9002652371429729,0.45013261857148645,0.0009002652371429729,0.0007440693201271004,6.760870846890966e-05,0.0008117283341617654,-8.853690298120756e-05,decile_2
2012-07-02,1.0566594305531012,0.5283297152765506,0.0010566594305531011,-0.0001367533574619551,-0.00922305458105447,-0.009358546654836375,-0.010415206085389477,decile_2
2012-08-01,0.833333333333333,0.4166666666666665,0.0008333333333333331,0.0005207536513262558,-0.01666323613442753,-0.016151159924161163,-0.016984493257494494,decile_2
2012-09-03,1.0282879198265893,0.5141439599132946,0.0010282879198265894,-0.0005452774251065232,-0.011344809075712243,-0.01188390043253762,-0.012912188352364209,decile_2
2012-10-01,1.216465452854825,0.6082327264274126,0.0012164654528548252,0.0015509422677672659,-0.018145835134660455,-0.016623036009587477,-0.017839501462442304,decile_2
2012-11-01,0.8982642165347754,0.4491321082673877,0.0008982642165347754,-0.0006062414623682771,-0.028778800843303035,-0.029367595403362978,-0.030265859619897754,decile_2
2012-12-03,0.8699801492947371,0.43499007464736855,0.0008699801492947371,-0.0006166039776678711,0.012252239371076806,0.011628080613877545,0.010758100464582808,decile_2
2013-01-01,1.057418400399233,0.5287092001996165,0.0010574184003992332,-0.0018589955199203845,0.020174356399931752,0.018277856841846463,0.01722043844144723,decile_2
2013-02-01,1.079456399299536,0.539728199649768,0.001079456399299536,0.0005045880686280994,-0.0005836947879144798,-7.940124471217391e-05,-0.00115885764401171,decile_2
2013-03-01,0.6032875629294887,0.30164378146474435,0.0006032875629294887,-0.0014461553909807263,-0.004043944801906906,-0.005484252020311553,-0.006087539583241042,decile_2
2013-04-01,1.3427259595581371,0.6713629797790686,0.001342725959558137,0.00014575895259344765,0.04382413140863223,0.04397627812071825,0.04263355216116011,decile_2
2013-05-01,1.006385131835683,0.5031925659178415,0.0010063851318356828,0.00012886916663143737,-0.003271274644907684,-0.003142827044713581,-0.004149212176549264,decile_2
2013-06-03,1.023383097689215,0.5116915488446075,0.0010233830976892151,0.0004785465316613272,-0.011408123243040785,-0.010935036029190215,-0.01195841912687943,decile_2
2013-07-01,1.0162499756226147,0.5081249878113073,0.0010162499756226147,-0.000940033479522909,0.01968208070769668,0.018723545413361853,0.01770729543773924,decile_2
2013-08-01,1.207045822223831,0.6035229111119155,0.001207045822223831,-0.00016774881557095217,-0.008175297152770997,-0.008341674571927582,-0.009548720394151413,decile_2
2013-09-02,1.0114875299494916,0.5057437649747458,0.0010114875299494918,0.0012314087413934959,0.002968583017576825,0.004203647298047786,0.003192159768098294,decile_2
2013-10-01,1.18358194884387,0.591790974421935,0.00118358194884387,-7.878441651777728e-05,0.0010002922369159082,0.0009214290129579972,-0.0002621529358858728,decile_2
2013-11-01,1.0241092276406776,0.5120546138203388,0.0010241092276406776,0.00012424207075692776,0.004909705679893943,0.00503455774265138,0.004010448515010702,decile_2
2013-12-02,1.0047593807236535,0.5023796903618267,0.0010047593807236534,-5.702446623225823e-06,0.0010912533324417364,0.0010855446630044785,8.078528228082512e-05,decile_2
2014-01-01,0.8859710400610863,0.44298552003054315,0.0008859710400610863,-0.00016456628013926692,0.002342494455431554,0.0021775426796935005,0.0012915716396324141,decile_2
2014-02-03,0.7527115070935284,0.3763557535467642,0.0007527115070935284,-0.0021453112752304842,-0.0046070128792469935,-0.006742440677802497,-0.007495152184896025,decile_2
2014-03-03,1.1987614681549295,0.5993807340774647,0.0011987614681549295,0.0008593015843757877,-0.0008034414217108852,5.51697641784088e-05,-0.0011435917039765207,decile_2
2014-04-01,0.5605349983981964,0.2802674991990982,0.0005605349983981965,-0.0019017740228772925,-0.0036814609866087,-0.005576233702615396,-0.006136768701013593,decile_2
2014-05-01,0.866410069363599,0.4332050346817995,0.000866410069363599,-0.0008153569327540104,-0.018194221727123278,-0.018994743875056064,-0.019861153944419663,decile_2
2014-06-02,0.7146167025324357,0.35730835126621785,0.0007146167025324357,-0.001512785943748039,0.006580472577704962,0.005057731787538211,0.004343115085005776,decile_2
2014-07-01,1.0809278675972456,0.5404639337986228,0.0010809278675972455,-0.0009832273452099402,-0.00905706599285729,-0.010031388183115664,-0.01111231605071291,decile_2
2014-08-01,0.8749637700899594,0.4374818850449797,0.0008749637700899594,0.0016597741673429814,0.010871452630723727,0.012549270954304692,0.011674307184214732,decile_2
2014-09-01,0.5930171177669585,0.29650855888347927,0.0005930171177669586,-4.5915296274640885e-05,-0.006598027141504813,-0.006643639487408426,-0.007236656605175385,decile_2
2014-10-01,1.0293839985321593,0.5146919992660797,0.0010293839985321593,0.000622731303654601,0.008197741807031107,0.008825578101128384,0.007796194102596224,decile_2
2014-11-03,0.5587456847732059,0.2793728423866029,0.0005587456847732058,-0.00032696347996965375,-0.008628253015345356,-0.00895239537168302,-0.009511141056456226,decile_2
2014-12-01,0.7170418863559855,0.35852094317799277,0.0007170418863559855,0.0012206776797233992,-0.013161835768702824,-0.011957224448126413,-0.012674266334482398,decile_2
2015-01-01,0.6884001586667976,0.3442000793333988,0.0006884001586667976,-0.0010320705020740826,-0.0010284049070376227,-0.0020594140227429003,-0.002747814181409698,decile_2
2015-02-02,0.6989689035412667,0.34948445177063336,0.0006989689035412668,0.0007423103700934994,-0.0018965710983951758,-0.0011556685726956673,-0.0018546374762369341,decile_2
2015-03-02,0.9145034779731698,0.4572517389865849,0.0009145034779731698,-0.001066072690828065,0.007470387101640117,0.006396350435133202,0.005481846957160032,decile_2
2015-04-01,0.8443332980616143,0.42216664903080714,0.0008443332980616143,-0.0016943373528403131,0.02742321433510766,0.025682412805884347,0.024838079507822734,decile_2
2015-05-01,0.7134795569299701,0.35673977846498506,0.0007134795569299702,0.0005943375955369072,-0.01038005468303857,-0.009791886344243661,-0.010505365901173631,decile_2
2015-06-01,0.8843906107718651,0.44219530538593255,0.0008843906107718651,-0.0010847751454671505,0.035063111812763455,0.03394030107507917,0.03305591046430731,decile_2
2015-07-01,0.7227866363521651,0.36139331817608256,0.0007227866363521651,-0.0013788365560349304,-0.019992065610470084,-0.02134333637561059,-0.022066123011962754,decile_2
2015-08-03,0.7027821309490041,0.35139106547450205,0.0007027821309490041,-0.0008567862453841941,0.017429871041612355,0.01655815112246084,0.015855368991511836,decile_2
2015-09-01,0.5778839280249435,0.28894196401247174,0.0005778839280249435,-0.0016993365438477404,-0.008132948827483453,-0.009818464754179468,-0.01039634868220441,decile_2
2015-10-01,1.1666666666666665,0.5833333333333333,0.0011666666666666665,-0.0008115273341123359,-0.0058763238855525455,-0.00668308242220772,-0.007849749088874387,decile_2
2011-01-03,0.9999999999999999,0.49999999999999994,0.0009999999999999998,0.0,-0.007608948226926676,-0.007608948226926704,-0.008608948226926703,decile_3
2011-02-01,0.7082808394861984,0.3541404197430992,0.0007082808394861984,0.0005746342095895627,0.01681947338271548,0.017403772637097914,0.016695491797611716,decile_3
2011-03-01,1.0034576897235148,0.5017288448617574,0.0010034576897235148,-8.189104635397313e-05,0.010975575485771716,0.010892785638056957,0.009889327948333441,decile_3
2011-04-01,1.2375971737486333,0.6187985868743167,0.0012375971737486333,-0.0006949454303532346,0.012529402462048568,0.011825749780709272,0.010588152606960638,decile_3
2011-05-02,1.1893579478795322,0.5946789739397661,0.0011893579478795323,0.0006089452284653896,-0.008054834486969307,-0.007450794211530831,-0.008640152159410363,decile_3
2011-06-01,0.8635712888907316,0.4317856444453658,0.0008635712888907317,0.0002566920174679407,0.005134200747485171,0.005392210673301312,0.004528639384410581,decile_3
2011-07-01,1.370555344159476,0.685277672079738,0.001370555344159476,-0.0006617080996704299,-0.013122116510538906,-0.013775141599429497,-0.015145696943588973,decile_3
2011-08-01,1.0138881578023518,0.5069440789011759,0.0010138881578023518,-0.0009052240087060097,-0.020575358967129972,-0.021461957666911058,-0.02247584582471341,decile_3
2011-09-01,0.6117440556675836,0.3058720278337918,0.0006117440556675836,-0.0008399826100489563,0.019630447651964044,0.018773975807260035,0.018162231751592452,decile_3
2011-10-03,1.0297168355531774,0.5148584177765887,0.0010297168355531774,0.0014798390826571493,0.0048138821099749365,0.006300844963517793,0.005271128127964616,decile_3
2011-11-01,1.3765781598887776,0.6882890799443888,0.0013765781598887776,-0.001636057019435751,-0.020159299869636473,-0.021762375125013556,-0.023138953284902335,decile_3
2011-12-01,1.507093273795331,0.7535466368976655,0.0015070932737953312,0.0003379423357625693,-0.01255505696337352,-0.012221357512886777,-0.013728450786682108,decile_3
2012-01-02,1.0232245386711478,0.5116122693355739,0.001023224538671148,-0.0006797345165729362,-0.014480746365037035,-0.015150637818479917,-0.016173862357151066,decile_3
2012-02-01,1.1702270553786513,0.5851135276893257,0.0011702270553786513,-0.0002513943199080192,0.006246709590025887,0.0059937448828086826,0.004823517827430031,decile_3
2012-03-01,0.8558778324752159,0.42793891623760794,0.0008558778324752159,-0.0015534658379010458,0.02163803699391951,0.020050957204749142,0.019195079372273927,decile_3
2012-04-02,1.2148039959105272,0.6074019979552636,0.0012148039959105272,-9.206415868629459e-05,-0.018803732469825814,-0.018894065478702204,-0.020108869474612732,decile_3
2012-05-01,1.3863393048356558,0.6931696524178279,0.001386339304835656,-0.0016234477375887148,-0.0017206076469321132,-0.003341262067929174,-0.00472760137276483,decile_3
2012-06-01,1.183984553682519,0.5919922768412595,0.001183984553682519,0.00014473379924344573,0.01956902061992859,0.019716586717873907,0.01853260216419139,decile_3
2012-07-02,1.0241419192763657,0.5120709596381828,0.0010241419192763656,0.0006308846689239262,-0.01020545068633143,-0.009581004479784827,-0.010605146399061193,decile_3
2012-08-01,1.2323916472933578,0.6161958236466789,0.0012323916472933578,0.0006109606453914442,-0.024954438811785447,-0.024358724346435823,-0.02559111599372918,decile_3
2012-09-03,1.0346109235461174,0.5173054617730587,0.0010346109235461174,-0.0020639074476461357,-0.021885542159917115,-0.023904279874103707,-0.024938890797649823,decile_3
2012-10-01,1.2035092258607512,0.6017546129303756,0.0012035092258607513,0.0006366406802632735,-0.020764384250435503,-0.020140963021886504,-0.021344472247747256,decile_3
2012-11-01,0.850032532090892,0.425016266045446,0.0008500325320908921,-0.000799536811202249,-0.02769974399033357,-0.028477133836554702,-0.029327166368645595,decile_3
2012-12-03,1.0262981801675515,0.5131490900837757,0.0010262981801675516,8.949985331380904e-05,0.009107574741146124,0.00919788972106339,0.00817159154089584,decile_3
2013-01-01,1.0493660186208864,0.5246830093104432,0.0010493660186208864,0.00011927022585240466,0.005820147232914915,0.005940111629042288,0.004890745610421402,decile_3
2013-02-01,1.1891899570802826,0.5945949785401413,0.0011891899570802826,-0.0003917994511246452,0.0017044958637330112,0.0013120285920646957,0.00012283863498441304,decile_3
2013-03-01,0.5433954607934552,0.2716977303967276,0.0005433954607934553,-0.0012482617979075288,0.001880067533181188,0.0006294589187945121,8.606345800105683e-05,decile_3
2013-04-01,1.504400741001184,0.752200370500592,0.001504400741001184,0.0011711522685096862,0.0314508131433992,0.03265879910306824,0.031154398362067053,decile_3
2013-05-01,1.3502818047736835,0.6751409023868418,0.0013502818047736835,0.0005010931830368827,0.0007117120010960987,0.0012131618181652204,-0.0001371199866084631,decile_3
2013-06-03,1.3801767032154573,0.6900883516077286,0.0013801767032154573,-0.0006069387010448639,0.006008366621012739,0.005397781209735442,0.004017604506519984,decile_3
2013-07-01,1.1872021840520632,0.5936010920260316,0.0011872021840520634,0.00023153649262477088,0.006197153118677995,0.00643012447840019,0.005242922294348126,decile_3
2013-08-01,1.1922234705332164,0.5961117352666082,0.0011922234705332164,-8.056557779518745e-06,-0.004625856024457031,-0.0046338753137601385,-0.005826098784293355,decile_3
2013-09-02,1.3884753980106874,0.6942376990053437,0.0013884753980106875,-3.531068266582419e-05,0.010865557373530638,0.010829863020616282,0.009441387622605595,decile_3
2013-10-01,1.3383174672743552,0.6691587336371776,0.0013383174672743552,-0.00115436659404564,-0.0058099227365692625,-0.006957582549893759,-0.008295900017168114,decile_3
2013-11-01,1.224571866021376,0.612285933010688,0.001224571866021376,0.0005793081849953614,0.006291137607885281,0.006874090300389879,0.005649518434368503,decile_3
2013-12-02,1.5279506625675243,0.7639753312837622,0.0015279506625675244,0.0003991240281159173,-0.002152916073948731,-0.0017546513263685393,-0.0032826019889360637,decile_3
2014-01-01,0.9222688948812084,0.4611344474406042,0.0009222688948812085,0.00185553329302021,-0.007942612609439625,-0.006101817098549844,-0.007024085993431053,decile_3
2014-02-03,0.8599671420511423,0.42998357102557117,0.0008599671420511423,-0.0007914748125242213,-0.017938310323481477,-0.018715587415205404,-0.019575554557256545,decile_3
2014-03-03,1.1734426910255515,0.5867213455127758,0.0011734426910255515,-0.0004930260533404507,-0.0168367667636261,-0.017321491852298032,-0.018494934543323585,decile_3
2014-04-01,1.2089116298635245,0.6044558149317623,0.0012089116298635246,0.00015844728008081047,-0.0009715915936145403,-0.0008132982595790983,-0.002022209889442623,decile_3
2014-05-01,1.0094734654867952,0.5047367327433976,0.0010094734654867953,-0.00039512709550001344,-0.018242131761269237,-0.01863005089623071,-0.019639524361717505,decile_3
2014-06-02,1.3347477227113083,0.6673738613556541,0.0013347477227113084,-0.0020545550605230913,0.0032668990004980263,0.0012056319161013462,-0.00012911580660996216,decile_3
2014-07-01,1.1937950542118538,0.5968975271059269,0.0011937950542118539,-0.0008104777356848813,-0.008019424665536262,-0.008823402836076744,-0.010017197890288598,decile_3
2014-08-01,1.0555776580476446,0.5277888290238223,0.0010555776580476446,0.0002954292045201675,0.024997704340362525,0.0253005185967905,0.024244940938742854,decile_3
2014-09-01,1.034228325010908,0.517114162505454,0.0010342283250109078,0.00018482507478260297,-0.009830098155860499,-0.009647089929704533,-0.010681318254715442,decile_3
2014-10-01,1.5354312784708997,0.7677156392354498,0.0015354312784708996,0.00017032081210995368,0.009180462449853875,0.009352346885783902,0.007816915607313003,decile_3
2014-11-03,0.7206497169519395,0.36032485847596973,0.0007206497169519395,-5.088561068599388e-05,0.006831258160787676,0.006780024937358409,0.00605937522040647,decile_3
2014-12-01,0.5511331938709823,0.2755665969354911,0.0005511331938709823,-0.0005040925494285196,-0.02907061498723163,-0.029560053256237784,-0.030111186450108768,decile_3
2015-01-01,0.8728644326788337,0.43643221633941687,0.0008728644326788337,-0.00023356272671184411,-0.0014226492833028421,-0.0016558797321688523,-0.002528744164847686,decile_3
2015-02-02,0.8779232143786969,0.43896160718934846,0.0008779232143786969,-0.0006786123811467382,0.001913621486683799,0.001233710498303342,0.00035578728392464507,decile_3
2015-03-02,1.0688196123856728,0.5344098061928364,0.001068819612385673,0.00025604599929297475,0.011739983953872823,0.011999035929088908,0.010930216316703236,decile_3
2015-04-01,1.2229804694904303,0.6114902347452151,0.0012229804694904303,-0.0005285057592170231,0.023799124025924073,0.02325804029259504,0.022035059823104608,decile_3
2015-05-01,0.8860671244125291,0.44303356220626455,0.0008860671244125291,-0.0013691772779794139,-0.014903952845901642,-0.016252723970292315,-0.017138791094704845,decile_3
2015-06-01,1.3637113166609864,0.6818556583304932,0.0013637113166609864,-0.0002178123448588553,0.01544863887347265,0.015227461624355954,0.013863750307694968,decile_3
2015-07-01,1.181183945864792,0.590591972932396,0.001181183945864792,-0.0004204994218816519,-0.016786042339212093,-0.01719948323999443,-0.01838066718585922,decile_3
2015-08-03,0.6942267406364966,0.3471133703182483,0.0006942267406364966,-0.00015879320836342017,0.02992333210145377,0.029759787271181004,0.02906556053054451,decile_3
2015-09-01,0.9051878033074221,0.45259390165371105,0.0009051878033074221,-0.0013574617530846362,-0.007044698316781172,-0.008392597161338666,-0.009297784964646089,decile_3
2015-10-01,1.5096685571432258,0.7548342785716129,0.001509668557143226,0.00014747509161346984,-0.015005835556695001,-0.014860573452054937,-0.016370242009198163,decile_3
2011-01-03,1.0,0.5,0.001,0.0,-0.00862830782483992,-0.00862830782483992,-0.009628307824839921,decile_4
2011-02-01,1.1793593897454588,0.5896796948727294,0.0011793593897454588,0.0009337621031909907,-0.00612932192305927,-0.005201283148398184,-0.006380642538143642,decile_4
2011-03-01,1.0560299612107167,0.5280149806053583,0.0010560299612107167,0.0012092701586926668,0.02540152188335451,0.026641509344446312,0.025585479383235597,decile_4
2011-04-01,1.2324095241697788,0.6162047620848894,0.0012324095241697788,-0.00038038133719068103,0.012949047708063136,0.012563740794790057,0.011331331270620278,decile_4
2011-05-02,1.3774066072750146,0.6887033036375073,0.0013774066072750146,-0.00019459993433081123,-0.005339333372331242,-0.005532894272738398,-0.006910300880013412,decile_4
2011-06-01,1.0431053062673858,0.5215526531336929,0.001043105306267386,0.0007084143447519197,0.0010960128807444387,0.0018052036567433039,0.0007620983504759179,decile_4
2011-07-01,1.0331167647531259,0.5165583823765629,0.0010331167647531258,0.0007624977908079497,-0.02659000537063058,-0.025847782400175268,-0.026880899164928394,decile_4
2011-08-01,1.351832429192258,0.675916214596129,0.0013518324291922582,0.0012002021592095596,-0.01643173346712698,-0.01525125270990435,-0.01660308513909661,decile_4
2011-09-01,1.1844264615968223,0.5922132307984111,0.0011844264615968223,-1.804432780885747e-05,0.012343149525448922,0.012324882473803811,0.011140456012206989,decile_4
2011-10-03,1.2063108870904864,0.6031554435452432,0.0012063108870904865,0.00023665989326184715,0.012536400772889514,0.012776027529420197,0.011569716642329711,decile_4
2011-11-01,1.6666666666666665,0.8333333333333333,0.0016666666666666666,-0.0006327766119275883,-0.009995569225553797,-0.010622020875052596,-0.012288687541719263,decile_4
2011-12-01,1.8466575174819424,0.9233287587409712,0.0018466575174819425,0.0011552876107618483,0.0037928142230334765,0.004952483625077164,0.0031058261075952217,decile_4
2012-01-02,1.3746959255786997,0.6873479627893498,0.0013746959255786996,-0.0004204298407813891,-0.017292811370218375,-0.017705970797068815,-0.019080666722647514,decile_4
2012-02-01,1.3897856746057649,0.6948928373028824,0.0013897856746057648,4.246510195329346e-05,0.0012576247876337863,0.0013001432947516989,-8.964237985406597e-05,decile_4
2012-03-01,0.8724539053537067,0.43622695267685335,0.0008724539053537067,-0.0009014513803285955,0.020256146787094094,0.019336435475284075,0.018463981569930368,decile_4
2012-04-02,1.5221308599482057,0.7610654299741029,0.0015221308599482058,-0.0004189838431614653,-0.02302353399255329,-0.023432871346959372,-0.02495500220690758,decile_4
2012-05-01,1.347282149363234,0.673641074681617,0.001347282149363234,-1.3926629678912895e-05,-0.004162291274259933,-0.004176159937249624,-0.0055234420866128574,decile_4
2012-06-01,1.1887992586174376,0.5943996293087188,0.0011887992586174377,-0.00037219004539288455,0.010485703749023568,0.01010961102907637,0.008920811770458933,decile_4
2012-07-02,1.0332513464478388,0.5166256732239194,0.0010332513464478387,-0.0005541890172261983,0.00040583480555031384,-0.00014857912086796432,-0.001181830467315803,decile_4
2012-08-01,0.8810187469566175,0.44050937347830876,0.0008810187469566176,0.0001420712008660644,-0.014515014292115241,-0.014375005256760276,-0.015256024003716893,decile_4
2012-09-03,1.0150884521585617,0.5075442260792808,0.0010150884521585618,-0.00011586375896029604,-0.01802010618069354,-0.01813388206241484,-0.019148970514573403,decile_4
2012-10-01,1.1943209946163298,0.5971604973081649,0.0011943209946163299,2.6872893194876564e-05,-0.020981253287784357,-0.020954944221568073,-0.0221492652161844,decile_4
2012-11-01,1.018734258439225,0.5093671292196125,0.001018734258439225,1.6877714900676683e-05,-0.022375368685280696,-0.022358868615473315,-0.02337760287391254,decile_4
2012-12-03,1.1818642180714913,0.5909321090357457,0.0011818642180714913,-0.0005473040846246474,0.006295299934971946,0.0057445504069788544,0.0045626861889073635,decile_4
2013-01-01,0.8775293890937852,0.4387646945468926,0.0008775293890937852,0.002653447970749623,0.015700426362716752,0.018395534597938523,0.017518005208844736,decile_4
2013-02-01,1.0464746181239493,0.5232373090619746,0.0010464746181239493,-0.00079908351850426,0.005966968201547462,0.005163116577098004,0.0041166419589740546,decile_4
2013-03-01,0.8723321781658826,0.4361660890829413,0.0008723321781658826,-0.0012994456507726955,0.012555844997692217,0.011240083708745408,0.010367751530579524,decile_4
2013-04-01,1.0267533403656275,0.5133766701828137,0.0010267533403656274,-0.0002301148621539478,0.02885603448883243,0.028619279424279886,0.02759252608391426,decile_4
2013-05-01,1.5326746116505636,0.7663373058252818,0.0015326746116505637,-0.0002787403166187177,-0.011360161390199177,-0.011635735171835027,-0.01316840978348559,decile_4
2013-06-03,1.0329374534399713,0.5164687267199857,0.0010329374534399714,1.176069109150112e-05,-0.000874733554388339,-0.0008629831507680485,-0.00189592060420802,decile_4
2013-07-01,1.3706919476122437,0.6853459738061218,0.0013706919476122437,0.00048680274384079765,0.01566248758520325,0.016156914870975703,0.014786222923363459,decile_4
2013-08-01,1.341763753300452,0.670881876650226,0.0013417637533004521,0.000316473506044418,-0.0027198434831903857,-0.0024042307355490733,-0.0037459944888495254,decile_4
2013-09-02,1.5172708847063427,0.7586354423531714,0.0015172708847063427,0.0008674239205328483,-0.004292488755615062,-0.0034287882425074745,-0.004946059127213817,decile_4
2013-10-01,1.0046400797742254,0.5023200398871127,0.0010046400797742254,-0.0003205602227892547,-0.01295723846116762,-0.013273645108708987,-0.014278285188483212,decile_4
2013-11-01,1.7125938326853256,0.8562969163426628,0.0017125938326853257,0.000744081917435283,0.010154767181810465,0.010906405077881542,0.009193811245196217,decile_4
2013-12-02,1.5344261631749365,0.7672130815874683,0.0015344261631749366,-0.0009286800906461001,-0.005986293746988612,-0.0069094144858150575,-0.008443840648989995,decile_4
2014-01-01,0.8714656198196825,0.43573280990984126,0.0008714656198196825,-0.00016457930069824304,0.005493825341781175,0.005328341871150055,0.0044568762513303726,decile_4
2014-02-03,1.5202767235569192,0.7601383617784596,0.0015202767235569193,-0.0011757738987794562,-0.011735639572659532,-0.012897615012744001,-0.014417891736300922,decile_4
2014-03-03,1.2069294403908266,0.6034647201954133,0.0012069294403908267,0.0005840209367163603,-0.0010572145395582326,-0.00047381103826760196,-0.0016807404786584287,decile_4
2014-04-01,1.0413497331446697,0.5206748665723349,0.0010413497331446698,-0.0012254898546163232,-0.007113194209865984,-0.008329966917144271,-0.009371316650288942,decile_4
2014-05-01,1.2280742245107636,0.6140371122553818,0.0012280742245107637,-0.0009497138547805926,-0.007927342311864916,-0.008869527459820281,-0.010097601684331044,decile_4
2014-06-02,1.337741392794539,0.6688706963972695,0.001337741392794539,0.0008056394810236453,0.016013810324884904,0.016832351163747816,0.015494609770953276,decile_4
2014-07-01,1.1974312675976193,0.5987156337988097,0.0011974312675976193,9.016297274983405e-05,-0.006453171054542673,-0.006363589918878754,-0.007561021186476373,decile_4
2014-08-01,1.3890426850909303,0.6945213425454652,0.0013890426850909304,-4.5049150028396575e-05,0.00637013205585644,0.006324795936793359,0.004935753251702429,decile_4
2014-09-01,0.8734318901159801,0.43671594505799005,0.0008734318901159801,-0.000563292100201989,-0.010498923473883787,-0.011056301613432407,-0.011929733503548387,decile_4
2014-10-01,1.5085050847746024,0.7542525423873012,0.0015085050847746025,-0.0008804549594001402,0.008367923918053131,0.007480101378539494,0.005971596293764892,decile_4
2014-11-03,1.0418718617860203,0.5209359308930102,0.0010418718617860204,0.00041954411227049715,0.004588817890670569,0.0050102872144695,0.003968415352683479,decile_4
2014-12-01,0.8660588168498355,0.43302940842491777,0.0008660588168498356,0.0004872749903793776,-0.015016370083348347,-0.014536412194556703,-0.015402471011406538,decile_4
2015-01-01,1.0224665628033767,0.5112332814016883,0.0010224665628033767,-0.00021559959951890202,0.00018459068910146463,-3.104870809611526e-05,-0.001053515270899492,decile_4
2015-02-02,0.8424038926765656,0.4212019463382828,0.0008424038926765656,0.0006717553893385248,0.001757776302961765,0.0024307124880049713,0.0015883085953284056,decile_4
2015-03-02,1.3639022486706858,0.6819511243353429,0.0013639022486706858,-0.0005929579270986167,0.01407601244851352,0.01347470803825157,0.012110805789580886,decile_4
2015-04-01,1.345949560541132,0.672974780270566,0.001345949560541132,-0.0010641944169062986,0.023131914228123912,0.022043102957243654,0.02069715339670252,decile_4
2015-05-01,0.907782341693791,0.4538911708468955,0.0009077823416937911,0.0016491250227681235,-0.004396698452494916,-0.0027548241351623703,-0.0036626064768561614,decile_4
2015-06-01,1.0059723263117406,0.5029861631558703,0.0010059723263117406,0.0008642468184003891,0.024821045921375025,0.025706744249742508,0.024700771923430766,decile_4
2015-07-01,1.3921570198795576,0.6960785099397788,0.0013921570198795576,0.0005110614424026306,-0.021672277650601708,-0.021172292073675325,-0.022564449093554883,decile_4
2015-08-03,1.1885590267673045,0.5942795133836523,0.0011885590267673046,-0.0006012650936024313,0.021312696581253607,0.02069861690714614,0.019510057880378833,decile_4
2015-09-01,1.0131292040168582,0.5065646020084291,0.0010131292040168583,0.0004546527765332438,-0.0133794946115105,-0.01293092485935099,-0.013944054063367848,decile_4
2015-10-01,1.3560850811989331,0.6780425405994666,0.0013560850811989331,0.0008606979131937575,-0.008216485557183276,-0.007362859555962276,-0.008718944637161209,decile_4
2011-01-03,0.9999999999999999,0.49999999999999994,0.0009999999999999998,0.0,-0.003129716471724784,-0.003129716471724775,-0.004129716471724775,decile_5
2011-02-01,1.5312785809205054,0.7656392904602527,0.0015312785809205053,-0.0015361178342978002,0.003160736538799521,0.0016197634407351114,8.848485981460602e-05,decile_5
2011-03-01,0.8571752862034884,0.4285876431017442,0.0008571752862034884,-0.00022235844520010644,0.011337245333490712,0.011112365956045478,0.01025519066984199,decile_5
2011-04-01,1.020335472238931,0.5101677361194655,0.0010203354722389312,-0.0008827798850737406,-0.0010509557157838505,-0.0019328078382916392,-0.00295314331053057,decile_5
2011-05-02,1.3641226868978744,0.6820613434489372,0.0013641226868978745,-0.0005233523052286155,-0.006103931708574613,-0.006624089507072606,-0.00798821219397048,decile_5
2011-06-01,1.3353554145968145,0.6676777072984073,0.0013353554145968144,-0.0009017968171695866,-0.00045424293847683584,-0.0013556301208103028,-0.002690985535407117,decile_5
2011-07-01,1.5182528144954874,0.7591264072477437,0.0015182528144954874,4.5669704059411384e-05,-0.020507319115656755,-0.020462585974792447,-0.021980838789287933,decile_5
2011-08-01,1.7010263195485409,0.8505131597742704,0.0017010263195485409,3.150914393260345e-05,-0.024140383372691122,-0.024109634871572694,-0.025810661191121236,decile_5
2011-09-01,1.5417584674283866,0.7708792337141933,0.0015417584674283866,0.0010975252818701442,0.009273687199637316,0.010381390587665074,0.008839632120236687,decile_5
2011-10-03,1.346685396530963,0.6733426982654815,0.001346685396530963,0.00014482438019578907,0.007407374337236446,0.007553271485829516,0.006206586089298553,decile_5
2011-11-01,1.191373023319175,0.5956865116595875,0.001191373023319175,-0.00045488574014080556,-0.013121496603748756,-0.013570413562195238,-0.014761786585514414,decile_5
2011-12-01,1.6744278915420268,0.8372139457710134,0.0016744278915420269,-0.000844601514861444,-0.019343831963538366,-0.020172095648620214,-0.02184652354016224,decile_5
2012-01-02,1.8590604895777798,0.9295302447888899,0.0018590604895777798,0.00039284047489487677,-0.016098458530616838,-0.015711942181816152,-0.017571002671393932,decile_5
2012-02-01,1.2071508376746447,0.6035754188373224,0.0012071508376746446,0.000673611673574215,-0.0020435746542254727,-0.0013713395563942354,-0.00257849039406888,decile_5
2012-03-01,1.5390318476308291,0.7695159238154146,0.0015390318476308292,-0.001064950096298088,0.015836635390312326,0.014754820067630403,0.013215788219999573,decile_5
2012-04-02,1.6669224418887865,0.8334612209443932,0.0016669224418887866,-0.00017605169126978028,-0.014762313814368912,-0.014935766575324583,-0.01660268901721337,decile_5
2012-05-01,1.1666666666666665,0.5833333333333333,0.0011666666666666665,-0.0005323780284119067,0.004253045598967599,0.003718403342525045,0.0025517366758583786,decile_5
2012-06-01,1.3465010675744815,0.6732505337872408,0.0013465010675744815,0.00014913052494429016,0.01308066637910793,0.013231747630696011,0.01188524656312153,decile_5
2012-07-02,1.3495638706648831,0.6747819353324416,0.001349563870664883,0.0016626471444503273,-0.005912550485902632,-0.004259733826634138,-0.005609297697299021,decile_5
2012-08-01,1.3508556562964777,0.6754278281482389,0.0013508556562964779,0.001980909776014962,-0.014946584374281174,-0.012995282433371225,-0.014346138089667702,decile_5
2012-09-03,1.005531924361872,0.502765962180936,0.001005531924361872,-4.982534352792359e-05,-0.024017748248739614,-0.02406637689971025,-0.025071908824072123,decile_5
2012-10-01,1.3518671028737206,0.6759335514368603,0.0013518671028737207,-0.00019430923121531392,-0.011936409925805469,-0.01212839980238467,-0.013480266905258392,decile_5
2012-11-01,1.2001068255026637,0.6000534127513318,0.0012001068255026637,0.0010300562679482499,-0.019197925347715018,-0.01818764402310291,-0.019387750848605573,decile_5
2012-12-03,1.1713081987830902,0.5856540993915451,0.0011713081987830903,-0.0006273484100822388,0.009216515622393227,0.00858338524588853,0.007412077047105441,decile_5
2013-01-01,1.051123515046618,0.525561757523309,0.0010511235150466181,0.0012351357669849181,0.020469163975451732,0.02172958193898289,0.020678458423936272,decile_5
2013-02-01,1.6685825745346936,0.8342912872673468,0.0016685825745346937,0.00021384465560382539,0.010483744887589963,0.010699831436008944,0.00903124886147425,decile_5
2013-03-01,0.8842824796095605,0.44214123980478026,0.0008842824796095605,-0.0005268495854953016,-0.000496003386077406,-0.0010225916523942669,-0.0019068741320038274,decile_5
2013-04-01,1.022910192046779,0.5114550960233895,0.001022910192046779,-0.0011159252720247615,0.03916519958736357,0.03800556887933548,0.03698265868728871,decile_5
2013-05-01,1.1931939298960414,0.5965969649480207,0.0011931939298960414,-9.553031045932276e-05,-0.003806401962882418,-0.0039015686465804222,-0.005094762576476464,decile_5
2013-06-03,1.0873171719720143,0.5436585859860071,0.0010873171719720143,-0.0003995206595771312,-0.010096162304714865,-0.010491649338868814,-0.011578966510840828,decile_5
2013-07-01,1.3619912950034831,0.6809956475017416,0.0013619912950034831,-0.00029391454382892405,0.0023754130908556037,0.0020808003785717233,0.0007188090835682402,decile_5
2013-08-01,1.1968896589550306,0.5984448294775153,0.0011968896589550308,0.0009189986902871022,0.01013484867433529,0.011063161277280464,0.009866271618325434,decile_5
2013-09-02,1.0392044128752145,0.5196022064376072,0.0010392044128752144,-0.0003532080778586551,0.002671131699220453,0.0023169801560687375,0.001277775743193523,decile_5
2013-10-01,1.1844867281013118,0.5922433640506559,0.0011844867281013119,0.0022276744744986615,-0.002082598663153449,0.00014043645946282268,-0.0010440502686384892,decile_5
2013-11-01,1.6666666666666663,0.8333333333333331,0.0016666666666666663,-0.000659886446408614,-0.0015698639444543718,-0.0022287144589232533,-0.0038953811255899194,decile_5
2013-12-02,1.5664197434945684,0.7832098717472842,0.0015664197434945683,2.285025594017556e-05,-0.0020259304147005144,-0.002003126451789017,-0.003569546195283585,decile_5
2014-01-01,1.1988689836505053,0.5994344918252527,0.0011988689836505053,0.00014196962922871116,0.008122121395941354,0.008265244119733062,0.007066375136082556,decile_5
2014-02-03,1.5045521491939517,0.7522760745969759,0.0015045521491939518,0.0006173174156534787,-0.017254518770221224,-0.016647852869503432,-0.018152405018697384,decile_5
2014-03-03,1.3682364559761115,0.6841182279880558,0.0013682364559761116,-0.00012797039375675814,-0.004602061021450915,-0.004729442487646618,-0.006097678943622729,decile_5
2014-04-01,1.3578896022557707,0.6789448011278854,0.0013578896022557708,-0.0014309375462373789,0.0026175225255778613,0.0011828394680803989,-0.00017505013417537193,decile_5
2014-05-01,1.5302352726173412,0.7651176363086706,0.0015302352726173413,0.0008560118641411306,-0.017697094773415807,-0.016856231832361512,-0.018386467104978852,decile_5
2014-06-02,0.9165588453779042,0.4582794226889521,0.0009165588453779042,-0.00019292520217197975,0.007416271478303501,0.0072219154904571425,0.006305356645079238,decile_5
2014-07-01,1.1980526290586893,0.5990263145293446,0.0011980526290586893,-3.753043700893005e-06,0.0020750542166372375,0.0020712933851672055,0.0008732407561085162,decile_5
2014-08-01,1.676526941466976,0.838263470733488,0.001676526941466976,0.0012429251759102915,0.027226641117616114,0.028503406971226886,0.02682688002975991,decile_5
2014-09-01,1.5352551777978205,0.7676275888989103,0.0015352551777978204,-0.0009861183359762267,-0.0006468487270095604,-0.001632329193595461,-0.0031675843713932813,decile_5
2014-10-01,1.363207727389739,0.6816038636948695,0.001363207727389739,-0.0005440461656374077,0.005674333768140962,0.005127200502974327,0.0037639927755845886,decile_5
2014-11-03,1.5497832569742929,0.7748916284871464,0.0015497832569742929,-0.00028229200877341804,-0.0009685847900731399,-0.001250603375100412,-0.002800386632074705,decile_5
2014-12-01,1.2070720254013885,0.6035360127006942,0.0012070720254013885,-0.0004682110486077173,-0.013507560913010029,-0.013969447572358518,-0.015176519597759907,decile_5
2015-01-01,1.3513259979789654,0.6756629989894827,0.0013513259979789653,-0.0003174475223453329,-0.0033609273268016826,-0.0036773079310943313,-0.005028633929073297,decile_5
2015-02-02,1.1964747253733798,0.5982373626866899,0.00119647472537338,-0.0005905855154905886,0.018486270150261497,0.01788476691138463,0.016688292186011252,decile_5
2015-03-02,1.2045002241622345,0.6022501120811172,0.0012045002241622344,0.0003126537003161783,0.0019542698075098435,0.002267534517512715,0.0010630342933504804,decile_5
2015-04-01,1.043753617557254,0.521876808778627,0.001043753617557254,0.00032592476576638537,0.02526316355858613,0.025597322215017648,0.024553568597460395,decile_5
2015-05-01,1.041398730058579,0.5206993650292895,0.001041398730058579,-0.00010486487059434187,-0.013412131718528258,-0.013515590127665567,-0.014556988857724145,decile_5
2015-06-01,1.3446406230572572,0.6723203115286286,0.0013446406230572573,0.0012365147116134216,0.03297756266602977,0.03425485461903288,0.03291021399597562,decile_5
2015-07-01,1.1881274031180917,0.5940637015590459,0.0011881274031180918,-0.00037511810372822395,-0.023564369014279683,-0.023930647696587815,-0.025118775099705906,decile_5
2015-08-03,1.5180198263262512,0.7590099131631256,0.0015180198263262511,3.230597889534672e-05,0.018110893730460514,0.018143784799506513,0.01662576497318026,decile_5
2015-09-01,1.3779467226781064,0.6889733613390532,0.0013779467226781065,0.0011948877128338975,-0.01630001481560847,-0.015124603790196867,-0.016502550512874973,decile_5
2015-10-01,1.0610440665619816,0.5305220332809908,0.0010610440665619815,0.0015650671862780696,-0.013181577954005787,-0.011637140822846836,-0.012698184889408819,decile_5
2011-01-03,0.9999999999999999,0.49999999999999994,0.0009999999999999998,0.0,0.005365743059494055,0.005365743059493999,0.004365743059493999,decile_6
2011-02-01,1.361548276071559,0.6807741380357795,0.001361548276071559,0.0008588024031380664,0.018110749675472666,0.018985105633954502,0.017623557357882944,decile_6
2011-03-01,1.0313760414548157,0.5156880207274078,0.0010313760414548156,-0.0004551351774090944,0.009590351874447706,0.009130851790536854,0.008099475749082038,decile_6
2011-04-01,1.0174553602015803,0.5087276801007902,0.0010174553602015804,0.000669094428073749,0.009472753758915023,0.010148186353747368,0.009130730993545787,decile_6
2011-05-02,1.2245426406939797,0.6122713203469898,0.0012245426406939798,-0.0006563733146755104,0.001419915309193822,0.000762610000000219,-0.0004619326406937608,decile_6
2011-06-01,1.507447267986529,0.7537236339932645,0.0015074472679865289,0.00136759944574075,-0.0058163030019827144,-0.004456657929003738,-0.005964105196990267,decile_6
2011-07-01,1.023101291503649,0.5115506457518245,0.0010231012915036491,-0.0006501775471633941,-0.0218436025332188,-0.02247957786046595,-0.0235026791519696,decile_6
2011-08-01,1.6859520371902215,0.8429760185951107,0.0016859520371902215,-0.00029664684922756757,-0.025392246836929703,-0.025681361156138394,-0.027367313193328614,decile_6
2011-09-01,1.3580806109801664,0.6790403054900832,0.0013580806109801664,-0.0005952533385559023,0.0076044957953667605,0.007004715855300603,0.005646635244320436,decile_6
2011-10-03,1.3403499192692636,0.6701749596346318,0.0013403499192692636,0.0003272868765303266,0.010755739906562636,0.011086546995611624,0.00974619707634236,decile_6
2011-11-01,1.0332794692926357,0.5166397346463178,0.0010332794692926358,-0.00010902286740322847,-0.005664706944682038,-0.005773112229491173,-0.006806391698783809,decile_6
2011-12-01,1.1867929577390341,0.5933964788695171,0.0011867929577390342,0.0008984063157159571,-0.01312150056875518,-0.012234882692021776,-0.01342167564976081,decile_6
2012-01-02,1.5200210536162126,0.7600105268081063,0.0015200210536162127,-0.0007341811248691705,-0.013447179320661065,-0.014171487780290204,-0.015691508833906416,decile_6
2012-02-01,1.5160006532290387,0.7580003266145193,0.0015160006532290388,0.0003630774858384005,0.018172601017969154,0.018542276566096305,0.017026275912867265,decile_6
2012-03-01,1.6683981630551885,0.8341990815275943,0.0016683981630551885,-0.00015550727564495097,0.015949494547663506,0.015791507009573547,0.014123108846518358,decile_6
2012-04-02,1.5112569197485737,0.7556284598742868,0.0015112569197485736,0.0008268857824308625,-0.005420158172960783,-0.004597754242261609,-0.006109011162010182,decile_6
2012-05-01,0.8825662288249168,0.4412831144124584,0.0008825662288249168,0.0010281640887424273,0.003840149340872419,0.004872261733262384,0.003989695504437467,decile_6
2012-06-01,1.0627423534958322,0.5313711767479161,0.0010627423534958322,-0.0002133000358565308,0.014092503969386463,0.013876198001927964,0.012813455648432132,decile_6
2012-07-02,1.355506878149269,0.6777534390746345,0.001355506878149269,0.00043006327958648087,0.0019550551872278272,0.002385959264259885,0.0010304523861106158,decile_6
2012-08-01,1.5195700913967314,0.7597850456983657,0.0015195700913967314,-6.562097927944135e-05,-0.020458433987075315,-0.020522712463882042,-0.022042282555278774,decile_6
2012-09-03,1.071460805625666,0.535730402812833,0.001071460805625666,-0.0010091983994407168,-0.017774669019149415,-0.01876592925106535,-0.019837390056691016,decile_6
2012-10-01,1.6882973811234097,0.8441486905617048,0.0016882973811234096,0.0001366537050030224,-0.0280380167099865,-0.027905194503847985,-0.029593491884971394,decile_6
2012-11-01,0.8773378029920355,0.4386689014960177,0.0008773378029920354,2.2986332270408358e-05,-0.03429818750161047,-0.03427598955887423,-0.035153327361866264,decile_6
2012-12-03,1.4999999999999996,0.7499999999999998,0.0014999999999999996,0.00035785163281593915,0.017647436093819708,0.01801160289045689,0.01651160289045689,decile_6
2013-01-01,1.3536627929778435,0.6768313964889218,0.0013536627929778436,0.00041621413876964685,0.015826276188590317,0.016249077447273663,0.01489541465429582,decile_6
2013-02-01,1.354083091487463,0.6770415457437315,0.001354083091487463,0.000966902516432035,0.014325202382919611,0.015305955973584195,0.013951872882096733,decile_6
2013-03-01,1.193599665774831,0.5967998328874154,0.001193599665774831,-0.0014962742469985444,-0.0007909508167320369,-0.0022860415843928283,-0.0034796412501676595,decile_6
2013-04-01,0.8490110314952277,0.42450551574761386,0.0008490110314952278,-0.001062706931623874,0.037416281260453106,0.036313811787378025,0.0354648007558828,decile_6
2013-05-01,1.0155417687722665,0.5077708843861333,0.0010155417687722666,-0.0008304403742309362,-0.005110023590843106,-0.005936220395170944,-0.00695176216394321,decile_6
2013-06-03,1.3737921750014266,0.6868960875007133,0.0013737921750014265,-0.0005090696443205882,-0.013641638383780609,-0.01414376348410129,-0.015517555659102717,decile_6
2013-07-01,1.8333333333333333,0.9166666666666666,0.0018333333333333333,0.00042278930857534016,0.00874166997622469,0.009168155169404946,0.007334821836071612,decile_6
2013-08-01,1.3479949655423251,0.6739974827711626,0.001347994965542325,0.0018623171627271742,-0.002828800739044864,-0.0009717517004839138,-0.0023197466660262386,decile_6
2013-09-02,1.3521603611146205,0.6760801805573102,0.0013521603611146204,0.0007071491648057769,-0.006976179725023096,-0.0062739637598833164,-0.007626124120997937,decile_6
2013-10-01,1.363230101934099,0.6816150509670496,0.0013632301019340992,0.0011646281789546593,-0.015036297371974592,-0.013889180888646546,-0.015252410990580646,decile_6
2013-11-01,1.7145662794452416,0.8572831397226208,0.0017145662794452417,-0.0013889785756782303,0.009923226702920377,0.008520464977950226,0.006805898698504984,decile_6
2013-12-02,1.3467833293826947,0.6733916646913474,0.0013467833293826948,-0.0003764250263312142,-0.0003040037176081272,-0.0006803143093317976,-0.002027097638714492,decile_6
2014-01-01,1.51036316421667,0.755181582108335,0.00151036316421667,-0.0009041944465939405,0.015555741481855243,0.014637481620200843,0.013127118455984172,decile_6
2014-02-03,1.5147863915894544,0.7573931957947272,0.0015147863915894544,0.00035565805539511646,-0.013484202655820269,-0.013133340365720225,-0.01464812675730968,decile_6
2014-03-03,1.045735853226549,0.5228679266132745,0.001045735853226549,0.0010087556144461481,-0.02336946492360624,-0.022384283388108273,-0.02343001924133482,decile_6
2014-04-01,1.518632300263828,0.759316150131914,0.0015186323002638281,0.00032857582237463557,-0.008625511317261497,-0.008299769629361409,-0.009818401929625237,decile_6
2014-05-01,1.0303692857529474,0.5151846428764737,0.0010303692857529475,0.0009699613874928365,-0.022440099956982994,-0.02149190459997985,-0.0225222738857328,decile_6
2014-06-02,1.0500269600547623,0.5250134800273811,0.0010500269600547624,0.00018459544698511972,0.012525841526736692,0.012712749187037131,0.011662722226982369,decile_6
2014-07-01,0.8770684922912804,0.4385342461456402,0.0008770684922912804,7.428476049576007e-05,-0.0047863999514180045,-0.004712470747496367,-0.005589539239787647,decile_6
2014-08-01,1.0150328335593104,0.5075164167796552,0.0010150328335593105,-0.0005644950578674245,0.017311877559959145,0.016737610032766748,0.015722577199207437,decile_6
2014-09-01,1.3615771062571458,0.6807885531285729,0.0013615771062571458,0.00015651104729175652,-0.008288074565224075,-0.008132860693162436,-0.009494437799419582,decile_6
2014-10-01,1.1770108006308593,0.5885054003154296,0.0011770108006308594,0.00029813560678793776,0.0003809779760995755,0.0006792271659874505,-0.0004977836346434089,decile_6
2014-11-03,1.5238831161756277,0.7619415580878138,0.0015238831161756277,0.00012107336123252552,0.01207286332993196,0.01219539839330741,0.010671515277131782,decile_6
2014-12-01,1.5152829790588824,0.7576414895294412,0.0015152829790588825,-0.00038747876994941403,-0.018203996579516865,-0.018584421687263486,-0.02009970466632237,decile_6
2015-01-01,1.833333333333333,0.9166666666666665,0.001833333333333333,0.0009456828771570298,-0.0035296841448706575,-0.002587339229571217,-0.00442067256290455,decile_6
2015-02-02,1.0448164838262635,0.5224082419131317,0.0010448164838262634,0.00012053786236620036,0.005652897828489248,0.0057741170790759355,0.004729300595249672,decile_6
2015-03-02,1.0156405773875252,0.5078202886937626,0.0010156405773875253,0.0003841960338493214,-0.015849591112363105,-0.01547148442855728,-0.016487125005944805,decile_6
2015-04-01,1.195782303796077,0.5978911518980385,0.001195782303796077,-0.0005025985904408149,0.010595488719141224,0.01008756485100526,0.008891782547209182,decile_6
2015-05-01,1.3425472938873817,0.6712736469436908,0.0013425472938873818,-0.00019131174895804809,0.0026443163120292807,0.002452498674292869,0.0011099513804054871,decile_6
2015-06-01,1.511832656695006,0.755916328347503,0.001511832656695006,0.0017274559823286448,0.015646073397582328,0.017400557283001383,0.015888724626306378,decile_6
2015-07-01,1.544699153050209,0.7723495765251045,0.001544699153050209,-0.00010919626290252358,-0.014050076193358192,-0.01415773824044686,-0.015702437393497068,decile_6
2015-08-03,1.7129494408686943,0.8564747204343471,0.0017129494408686943,0.0004969833971223764,0.012419777364506536,0.01292293318477511,0.011209983743906415,decile_6
2015-09-01,0.7121484321444926,0.3560742160722463,0.0007121484321444926,0.002272627489191861,-0.012202880484772092,-0.00995798559721739,-0.010670134029361882,decile_6
2015-10-01,1.0455614630651717,0.5227807315325859,0.0010455614630651717,-0.0005431974483648225,-0.009144619843620961,-0.009682849957820427,-0.0107284114208856,decile_6
2011-01-03,1.0,0.5,0.001,0.0,-0.0021299461691350234,-0.0021299461691349775,-0.0031299461691349775,decile_7
2011-02-01,1.2303604621254962,0.6151802310627481,0.0012303604621254963,0.0007562767186489719,0.017183525692507,0.017952797911581442,0.016722437449455944,decile_7
2011-03-01,1.5,0.75,0.0015,0.00026055615240982863,0.009082258524940767,0.009345181115687051,0.007845181115687052,decile_7
2011-04-01,1.1748335199513562,0.5874167599756781,0.0011748335199513562,0.0013613066670634232,0.008212599920145261,0.009585086454233949,0.008410252934282592,decile_7
2011-05-02,1.3347346846459782,0.6673673423229891,0.0013347346846459783,0.0016417723559171411,0.002197545374065671,0.0038429255992289413,0.0025081909145829627,decile_7
2011-06-01,1.3769934965612902,0.6884967482806451,0.0013769934965612903,0.00015780115486493061,0.013014780790903364,0.013174635693207426,0.011797642196646136,decile_7
2011-07-01,1.074155319162461,0.5370776595812305,0.001074155319162461,-0.0008727128988494271,-0.017775663174716072,-0.018632863023027357,-0.019707018342189818,decile_7
2011-08-01,1.5296031909168801,0.7648015954584401,0.0015296031909168802,-0.0009026159291869137,-0.02932581021986768,-0.030201956205613834,-0.03173155939653071,decile_7
2011-09-01,1.6807175969801764,0.8403587984900882,0.0016807175969801764,-0.0003572750243410765,0.004406752946369856,0.0040479034992624285,0.0023671859022822523,decile_7
2011-10-03,1.3938780792570835,0.6969390396285418,0.0013938780792570836,0.000738672601581089,8.591743867911975e-05,0.000824653505118178,-0.0005692245741389056,decile_7
2011-11-01,1.5007365739232723,0.7503682869616362,0.0015007365739232723,-0.0007393951903252642,0.0025316629378700126,0.0017903958481448878,0.0002896592742216155,decile_7
2011-12-01,1.5252076278560516,0.7626038139280258,0.0015252076278560516,-0.001281417140509507,-0.016259642270046493,-0.01752022402625264,-0.019045431654108692,decile_7
2012-01-02,1.3863305158402723,0.6931652579201362,0.0013863305158402723,0.0005582466080905425,-0.00638306471534982,-0.005828381431485896,-0.007214711947326168,decile_7
2012-02-01,1.8333333333333335,0.9166666666666667,0.0018333333333333335,-0.0002470109043209222,0.0069618710465776295,0.0067131404841935804,0.004879807150860247,decile_7
2012-03-01,1.5418671637140038,0.7709335818570019,0.0015418671637140039,0.00018822038464378341,0.008573188541609128,0.008763022575097867,0.0072211554113838635,decile_7
2012-04-02,1.0230574657870148,0.5115287328935074,0.0010230574657870148,-0.0006989342702749833,-0.023358943625446896,-0.0240415515295046,-0.025064608995291615,decile_7
2012-05-01,1.3613415940521247,0.6806707970260624,0.0013613415940521248,0.0007072853033048494,0.008666867663597283,0.009380282915026239,0.008018941320974114,decile_7
2012-06-01,1.1888604285339905,0.5944302142669953,0.0011888604285339905,0.002032374714479945,0.023821640113610265,0.025902429327114396,0.024713568898580406,decile_7
2012-07-02,1.1773272132264208,0.5886636066132104,0.0011773272132264208,0.0002089439626860529,0.005665644146102275,0.005875771910927252,0.0046984446977008315,decile_7
2012-08-01,1.210712184577281,0.6053560922886405,0.001210712184577281,-4.600382965390848e-05,-0.011744934667686113,-0.011790398185366313,-0.013001110369943595,decile_7
2012-09-03,1.532074554478191,0.7660372772390955,0.001532074554478191,-0.001268652345266412,-0.018504309480209542,-0.01974948628985629,-0.02128156084433448,decile_7
2012-10-01,1.533905929478159,0.7669529647390795,0.001533905929478159,-0.0010133698279604017,-0.0065790031708298224,-0.007585706035478812,-0.009119611964956972,decile_7
2012-11-01,1.5169373621400024,0.7584686810700012,0.0015169373621400023,0.0004108154194896957,-0.02000107125768561,-0.019598472586674798,-0.0211154099488148,decile_7
2012-12-03,1.076419627602306,0.538209813801153,0.001076419627602306,5.6478285863418274e-05,0.004820719102845761,0.004877469654660738,0.0038010500270584317,decile_7
2013-01-01,1.344992238089211,0.6724961190446055,0.001344992238089211,-0.001083175044517075,0.027556195573013233,0.026443172345129717,0.025098180107040506,decile_7
2013-02-01,0.7166772448098675,0.35833862240493375,0.0007166772448098676,8.546383389817201e-05,0.01760985914822505,0.01769682798820038,0.016980150743390512,decile_7
2013-03-01,1.5374816076723241,0.7687408038361621,0.0015374816076723242,-0.00045634686146780003,-0.006717741075984884,-0.007171022317396525,-0.008708503925068849,decile_7
2013-04-01,1.382488995120204,0.691244497560102,0.001382488995120204,0.00041569090388596534,0.031290891236704685,0.03171958947945219,0.03033710048433199,decile_7
2013-05-01,1.0269019783722764,0.5134509891861382,0.0010269019783722764,-0.0006023526885385553,-0.00873888592419288,-0.009335974721300211,-0.010362876699672487,decile_7
2013-06-03,1.1787236991449557,0.5893618495724778,0.0011787236991449557,0.0007351316394968669,-0.006978177116490263,-0.006248175355777819,-0.0074268990549227745,decile_7
2013-07-01,1.1992800168103288,0.5996400084051644,0.0011992800168103288,-9.29595605013775e-05,0.004390923697307036,0.004297555958468591,0.003098275941658262,decile_7
2013-08-01,1.3795005569573084,0.6897502784786542,0.0013795005569573085,0.00017511015632091815,-0.0009859962327653238,-0.0008110587343987952,-0.0021905592913561036,decile_7
2013-09-02,1.6666666666666665,0.8333333333333333,0.0016666666666666666,0.0018250141052732725,-0.012398395369006712,-0.010596008510164512,-0.012262675176831179,decile_7
2013-10-01,1.5018802037399774,0.7509401018699887,0.0015018802037399775,0.00019241456156148115,0.003464915884109021,0.003657997145941394,0.0021561169422014163,decile_7
2013-11-01,1.3444110501219757,0.6722055250609879,0.0013444110501219758,0.000828031211040584,0.012751215337389921,0.013589804952708562,0.012245393902586586,decile_7
2013-12-02,1.676408805936577,0.8382044029682885,0.001676408805936577,0.0008059350422291189,0.005600142303064826,0.0064105906962173,0.004734181890280723,decile_7
2014-01-01,1.0616670039539602,0.5308335019769801,0.0010616670039539603,-0.00039995185691318847,-0.003243702206500332,-0.0036423567386928424,-0.0047040237426468024,decile_7
2014-02-03,1.697495742637931,0.8487478713189655,0.001697495742637931,0.001398113764412846,-0.0039126652381372695,-0.00252002182484945,-0.0042175175674873805,decile_7
2014-03-03,1.1757917546389203,0.5878958773194601,0.0011757917546389204,0.00048153170221057516,-0.010435865524359617,-0.009959359022238878,-0.011135150776877798,decile_7
2014-04-01,1.3702605154011778,0.6851302577005889,0.0013702605154011778,0.0001870769056121829,-0.008133566716334573,-0.007948011413215217,-0.009318271928616395,decile_7
2014-05-01,1.204682863916132,0.602341431958066,0.001204682863916132,-0.0017070424708981323,-0.026364474954110685,-0.028026512146539173,-0.029231195010455305,decile_7
2014-06-02,1.5229273503768792,0.7614636751884396,0.0015229273503768793,0.0015007279135586136,0.02632009685167876,0.027860324069270304,0.026337396718893423,decile_7
2014-07-01,1.2020099418508112,0.6010049709254056,0.0012020099418508113,-0.0003495226614260523,0.0013658461293540773,0.0010158460737537123,-0.00018616386809709902,decile_7
2014-08-01,1.196834980433399,0.5984174902166995,0.001196834980433399,2.8683265670655447e-05,0.028310080574987143,0.028339575866220157,0.02714274088578676,decile_7
2014-09-01,1.3514373976898784,0.6757186988449392,0.0013514373976898785,0.00043928624589017833,-0.009071199075745912,-0.008635897682843452,-0.00998733508053333,decile_7
2014-10-01,1.3409710379078992,0.6704855189539496,0.0013409710379078993,-0.000493175038460568,0.008491468132837549,0.00799410531425404,0.006653134276346142,decile_7
2014-11-03,1.3578815856979058,0.6789407928489529,0.0013578815856979058,-0.0009923340015889487,-0.0019703360447790403,-0.002960714814916221,-0.004318596400614127,decile_7
2014-12-01,1.50342168636202,0.75171084318101,0.00150342168636202,0.00045652969371234094,-0.017675393017793407,-0.017226932665841854,-0.018730354352203875,decile_7
2015-01-01,1.0259738632205946,0.5129869316102973,0.0010259738632205945,0.000960784029762394,0.0008627226996862081,0.0018243356196405713,0.0007983617564199768,decile_7
2015-02-02,1.333333333333333,0.6666666666666665,0.001333333333333333,0.00035145359846166374,-0.002942846294297826,-0.0025924269697560343,-0.003925760303089367,decile_7
2015-03-02,1.3709440614935624,0.6854720307467812,0.0013709440614935624,0.0004085679167916363,0.008177349594544664,0.008589258514025033,0.007218314452531471,decile_7
2015-04-01,0.5705397082099954,0.2852698541049977,0.0005705397082099954,0.0021934189365879434,0.01283748154560559,0.015059058457313812,0.014488518749103816,decile_7
2015-05-01,1.1977062441080195,0.5988531220540098,0.0011977062441080196,0.00048748460317421635,-0.007712949775774126,-0.007229225116860638,-0.008426931360968658,decile_7
2015-06-01,1.2115232528198518,0.6057616264099259,0.0012115232528198518,-0.0004574741898524811,0.027409072980098276,0.02693905984678957,0.02572753659396972,decile_7
2015-07-01,1.3462793192822908,0.6731396596411454,0.0013462793192822908,0.0008303839010412578,-0.019970701812631664,-0.019156901260867998,-0.020503180580150288,decile_7
2015-08-03,1.3500471397710885,0.6750235698855442,0.0013500471397710884,-0.0008083805666547433,0.03873377467245477,0.037894082475081525,0.036544035335310435,decile_7
2015-09-01,0.8964896434472481,0.44824482172362407,0.0008964896434472482,0.000995796211393538,-0.02143316873824839,-0.0204587155950825,-0.021355205238529747,decile_7
2015-10-01,1.0153245594331473,0.5076622797165736,0.0010153245594331473,-2.602003961632598e-05,-0.014802928190002274,-0.014828563056840771,-0.015843887616273918,decile_7
2011-01-03,1.0,0.5,0.001,0.0,0.0010093820136753047,0.0010093820136753973,9.38201367539724e-06,decile_8
2011-02-01,1.3428376198593095,0.6714188099296547,0.0013428376198593094,-0.000720534933080546,0.017652931212433477,0.016919676725742905,0.015576839105883596,decile_8
2011-03-01,1.3574076944856968,0.6787038472428484,0.0013574076944856967,0.001116542092887609,0.024951748684429745,0.026096150455014566,0.02473874276052887,decile_8
2011-04-01,1.1930430247409496,0.5965215123704748,0.0011930430247409497,-0.002229201358175124,0.0011698512181149423,-0.001061957973984562,-0.0022550009987255116,decile_8
2011-05-02,1.171034398628674,0.585517199314337,0.001171034398628674,0.00031567603900876007,-0.01044650860110849,-0.010134130274556341,-0.011305164673185014,decile_8
2011-06-01,1.5175464027567072,0.7587732013783536,0.0015175464027567072,0.001967309378471254,0.0025830220411196345,0.0045554130230771595,0.0030378666203204523,decile_8
2011-07-01,1.5113265185680507,0.7556632592840253,0.0015113265185680506,0.0011838971221828512,-0.023972767790739008,-0.022817251959354246,-0.024328578477922295,decile_8
2011-08-01,1.053206857410932,0.526603428705466,0.0010532068574109319,-0.0002397500576068726,-0.02442322986575813,-0.024657124452597823,-0.025710331310008754,decile_8
2011-09-01,1.198387518076263,0.5991937590381315,0.001198387518076263,0.0015991754286537787,0.0014737639510398657,0.0030752961867916984,0.0018769086687154353,decile_8
2011-10-03,1.5,0.75,0.0015,0.0010159467352437198,0.011220402483199443,0.01224774854971411,0.01074774854971411,decile_8
2011-11-01,1.203857267199484,0.601928633599742,0.0012038572671994841,4.026520485212018e-05,-0.009786879636789194,-0.009747008502650423,-0.010950865769849907,decile_8
2011-12-01,1.5276914283896144,0.7638457141948072,0.0015276914283896144,-0.0007157773529651147,-0.01830991812454848,-0.019012589652785405,-0.02054028108117502,decile_8
2012-01-02,1.3454109641466279,0.6727054820733139,0.001345410964146628,-0.00011029145330488765,-0.00655791175537863,-0.006667479927065401,-0.00801289089121203,decile_8
2012-02-01,1.531233917496515,0.7656169587482575,0.001531233917496515,-0.0006827195089075128,0.004742371452457668,0.004056414234041128,0.0025251803165446127,decile_8
2012-03-01,1.5452253823006408,0.7726126911503204,0.001545225382300641,0.0016846791278890918,0.015319155227269165,0.01702964221622638,0.01548441683392574,decile_8
2012-04-02,1.0380879317021836,0.5190439658510918,0.0010380879317021835,0.00022193305883164946,-0.025101081784621518,-0.02488471948565041,-0.025922807417352593,decile_8
2012-05-01,1.0209212034751016,0.5104606017375508,0.0010209212034751017,0.00045996729875329243,0.012244170957302911,0.012709770174296864,0.011688848970821761,decile_8
2012-06-01,0.8595806213240363,0.42979031066201817,0.0008595806213240364,-0.0008563787149401805,0.021222244609106024,0.02034769161559935,0.019488110994275314,decile_8
2012-07-02,1.520266654209936,0.760133327104968,0.001520266654209936,-0.0006054327768296172,-0.0037161166099781797,-0.004319299528009579,-0.005839566182219515,decile_8
2012-08-01,1.183332327496947,0.5916661637484735,0.001183332327496947,0.00043230707573437027,-0.009145068702208665,-0.008716715104382322,-0.009900047431879269,decile_8
2012-09-03,1.3947205222300796,0.6973602611150398,0.0013947205222300796,-0.00028937104458584366,-0.019823605240582173,-0.020107239907812047,-0.021501960430042127,decile_8
2012-10-01,1.2085411024989527,0.6042705512494764,0.0012085411024989527,0.001079682922862266,-0.010749976135673512,-0.009681899778466119,-0.010890440880965071,decile_8
2012-11-01,1.3561712417525387,0.6780856208762693,0.0013561712417525388,0.0007681353607595441,-0.01233771057162806,-0.01157905224262934,-0.012935223484381878,decile_8
2012-12-03,0.7214621336076426,0.3607310668038213,0.0007214621336076426,-0.0022391944142891723,0.009540032105612856,0.0072794757047207614,0.006558013571113119,decile_8
2013-01-01,0.6896604047026951,0.34483020235134754,0.0006896604047026951,-0.0006113310912258957,0.017866221329715565,0.017243968061908088,0.01655430765720539,decile_8
2013-02-01,0.8677828818491518,0.4338914409245759,0.0008677828818491517,0.00030949583348714407,-0.004021505252284877,-0.00371325405791767,-0.004581036939766822,decile_8
2013-03-01,1.5107024394697397,0.7553512197348698,0.0015107024394697397,-0.0005450369683932406,0.01068916783282108,0.010138304872797654,0.008627602433327915,decile_8
2013-04-01,1.208698868448081,0.6043494342240405,0.001208698868448081,-0.001201439777214498,0.029420656899331266,0.02818386997464617,0.026975171106198088,decile_8
2013-05-01,1.206325676550604,0.603162838275302,0.001206325676550604,0.0009319554403513919,-0.010858981418519941,-0.009937146064978308,-0.011143471741528913,decile_8
2013-06-03,0.8923246598394562,0.4461623299197281,0.0008923246598394562,-3.4222191515613574e-05,0.009800003565518337,0.009765445996403832,0.008873121336564377,decile_8
2013-07-01,1.3424436665264032,0.6712218332632016,0.0013424436665264033,-0.0005135833181009028,0.0022580619833444207,0.0017433189622775291,0.0004008752957511258,decile_8
2013-08-01,1.338421569495278,0.669210784747639,0.001338421569495278,-0.00014718887415051415,0.0010955406709030426,0.0009481905453545547,-0.00039023102414072327,decile_8
2013-09-02,1.5229237352753093,0.7614618676376547,0.0015229237352753094,-0.00025997431814650177,0.0010716602600664695,0.0008114073377745168,-0.0007115163975007926,decile_8
2013-10-01,1.2022292809416102,0.6011146404708051,0.0012022292809416102,-0.0003492713938901342,0.006127616861190648,0.005776205266017964,0.004573975985076354,decile_8
2013-11-01,1.229323484275205,0.6146617421376025,0.001229323484275205,-8.708242582896941e-05,0.0029604269003859944,0.0028730866734010263,0.0016437631891258212,decile_8
2013-12-02,1.8333333333333328,0.9166666666666664,0.0018333333333333329,-0.0008249618845988813,-0.0036635820241325183,-0.00448552159320037,-0.006318854926533703,decile_8
2014-01-01,1.3394423542383076,0.6697211771191538,0.0013394423542383077,0.00025668008775889766,-0.014038553993396844,-0.013785477322909023,-0.015124919677147332,decile_8
2014-02-03,1.01072271350353,0.505361356751765,0.00101072271350353,-0.00027247088131318836,-0.010803030903770234,-0.011072558273732214,-0.012083280987235743,decile_8
2014-03-03,1.2015676135159596,0.6007838067579798,0.0012015676135159596,0.0002959705619360888,-0.018932656669464094,-0.018642289616561447,-0.019843857230077408,decile_8
2014-04-01,1.6666666666666667,0.8333333333333334,0.0016666666666666668,-0.0005268950010399239,-0.00520500346897651,-0.005729155979708356,-0.007395822646375023,decile_8
2014-05-01,1.5,0.75,0.0015,1.3340799847905063e-05,-0.024245454526512528,-0.024232437180420674,-0.025732437180420675,decile_8
2014-06-02,1.6666666666666665,0.8333333333333333,0.0016666666666666666,-0.002411442118219276,0.010188183259827935,0.007752172927387724,0.006085506260721057,decile_8
2014-07-01,1.0636832604473998,0.5318416302236999,0.0010636832604474,0.0002606049090064826,-0.001854425516342204,-0.001594303879728587,-0.002657987140175987,decile_8
2014-08-01,1.3553592796272402,0.6776796398136201,0.0013553592796272402,0.0006416592165349535,0.017915003381159235,0.0185681579247281,0.017212798645100863,decile_8
2014-09-01,1.5000000000000002,0.7500000000000001,0.0015000000000000002,-0.0005546831467906166,-0.023288548510877645,-0.023830313892296173,-0.025330313892296175,decile_8
2014-10-01,1.2162880939592393,0.6081440469796197,0.0012162880939592393,-0.0006700265539822955,0.014101570282629159,0.013422095302104697,0.012205807208145458,decile_8
2014-11-03,1.7348031196857445,0.8674015598428723,0.0017348031196857446,-0.0005602444412581525,-0.0016249738637680775,-0.0021843079224518336,-0.0039191110421375784,decile_8
2014-12-01,1.5041807029616354,0.7520903514808177,0.0015041807029616354,0.0012290428467806988,-0.009396475656779524,-0.008178981481189673,-0.00968316218415131,decile_8
2015-01-01,1.0221157450851457,0.5110578725425728,0.0010221157450851458,-0.0003556720541793442,-0.010859057477179145,-0.011210867268079183,-0.012232983013164328,decile_8
2015-02-02,0.8445107908606496,0.4222553954303248,0.0008445107908606497,-0.0012850630567281405,-0.010625623934379491,-0.011897032394334928,-0.012741543185195577,decile_8
2015-03-02,1.346562196920369,0.6732810984601845,0.001346562196920369,-0.0018416232300019091,0.006115027748362062,0.004262142941206637,0.002915580744286268,decile_8
2015-04-01,1.1666666666666665,0.5833333333333333,0.0011666666666666665,-0.0002715823425290263,0.0061028771578998005,0.005829637381695951,0.004662970715029285,decile_8
2015-05-01,0.8826041264924361,0.44130206324621807,0.0008826041264924361,0.0003644027446199227,0.004867687057817585,0.0052338636009612305,0.004351259474468795,decile_8
2015-06-01,1.012270614898425,0.5061353074492125,0.0010122706148984252,-0.0004094651122054445,0.0235965777884259,0.023177450700848645,0.02216518008595022,decile_8
2015-07-01,1.0251058549907688,0.5125529274953844,0.0010251058549907688,0.000923364318789307,-0.010986809045790923,-0.010073589554451812,-0.011098695409442581,decile_8
2015-08-03,1.3564878440416694,0.6782439220208347,0.0013564878440416694,0.0004137589061307657,0.02348746607537606,0.02391094312977815,0.02255445528573648,decile_8
2015-09-01,1.0413432976547945,0.5206716488273972,0.0010413432976547946,0.0007864917739839334,-0.012027340515361834,-0.011250308145756116,-0.012291651443410911,decile_8
2015-10-01,1.223148671403144,0.611574335701572,0.001223148671403144,-0.0012498517387825358,-0.006563382489768436,-0.0078050309735338,-0.009028179644936943,decile_8
2011-01-03,0.9999999999999999,0.49999999999999994,0.0009999999999999998,0.0,-0.006165673678953884,-0.006165673678953931,-0.007165673678953931,decile_9
2011-02-01,1.1978975250233797,0.5989487625116898,0.0011978975250233797,0.0011006245360146772,0.010100678696482096,0.01121242028730074,0.01001452276227736,decile_9
2011-03-01,0.8723310475555777,0.43616552377778883,0.0008723310475555777,-0.00023507806757504062,0.001618876231640966,0.001383417601769743,0.0005110865542141653,decile_9
2011-04-01,1.0524242066765985,0.5262121033382993,0.0010524242066765985,0.0010623203503372257,0.004479169621875046,0.005546248285254407,0.004493824078577809,decile_9
2011-05-02,0.745795122488236,0.372897561244118,0.000745795122488236,0.00025992606796975163,0.0006545025379584854,0.0009145987281993229,0.0001688036057110869,decile_9
2011-06-01,1.3484720235206973,0.6742360117603486,0.0013484720235206974,-0.0003634966930203167,0.0052502202033063335,0.004884815072604409,0.003536343049083712,decile_9
2011-07-01,1.5048669553368517,0.7524334776684258,0.0015048669553368516,-0.00046629866614179523,-0.01131390654298418,-0.011774929549596136,-0.013279796504932988,decile_9
2011-08-01,1.1920903615893028,0.5960451807946514,0.0011920903615893028,6.191825869831884e-05,-0.04021985287271819,-0.0401604249572749,-0.0413525153188642,decile_9
2011-09-01,1.0275103145508,0.5137551572754,0.0010275103145508,0.00019370252423366323,0.018837587580811388,0.01903493899330977,0.018007428678758968,decile_9
2011-10-03,1.517328400815673,0.7586642004078366,0.001517328400815673,0.0006795906182561833,0.011522019299643423,0.012209440174119068,0.010692111773303396,decile_9
2011-11-01,1.3371748999274324,0.6685874499637162,0.0013371748999274325,-0.0009025269681478475,-0.006820430497193062,-0.0077168018428828145,-0.009053976742810247,decile_9
2011-12-01,1.2052823961966,0.6026411980983,0.0012052823961966,0.0017547589537930562,-0.01741962368728267,-0.015695431974126706,-0.016900714370323304,decile_9
2012-01-02,1.2107853361320946,0.6053926680660473,0.0012107853361320946,0.00023786273131299457,-0.004246696170076724,-0.004009843569513616,-0.005220628905645711,decile_9
2012-02-01,1.7083717345160787,0.8541858672580394,0.0017083717345160788,0.0014503985885092386,0.010198826601690173,0.011664017553906891,0.009955645819390813,decile_9
2012-03-01,1.372353845410565,0.6861769227052825,0.001372353845410565,0.000320377244918518,0.0077355648836634205,0.008058420427547341,0.006686066582136776,decile_9
2012-04-02,0.8452757147809197,0.42263785739045984,0.0008452757147809197,5.893642300200077e-05,-0.002426467581129013,-0.002367674165446809,-0.003212949880227729,decile_9
2012-05-01,1.0164291804357954,0.5082145902178977,0.0010164291804357955,-0.0006207830823095271,0.007794742483791667,0.007169120557217301,0.006152691376781505,decile_9
2012-06-01,0.7071429937624283,0.35357149688121414,0.0007071429937624283,0.0006158823302173938,0.024419039483825712,0.025049961068982052,0.024342818075219624,decile_9
2012-07-02,1.2034346986735516,0.6017173493367758,0.0012034346986735515,0.0007119939443081479,-0.014845042943103523,-0.014143618579473882,-0.015347053278147433,decile_9
2012-08-01,1.0555651855592219,0.5277825927796109,0.001055565185559222,-0.00045895865336205985,-0.027623415417254864,-0.02806969606507581,-0.029125261250635033,decile_9
2012-09-03,1.2103603103075504,0.6051801551537752,0.0012103603103075504,-0.0013652919455702712,-0.00874681896676239,-0.010100168950847976,-0.011310529261155527,decile_9
2012-10-01,1.0531539181095741,0.5265769590547871,0.001053153918109574,-9.850276287601246e-05,-0.015357175897564874,-0.015454165936185094,-0.01650731985429467,decile_9
2012-11-01,1.0726183640613889,0.5363091820306944,0.001072618364061389,0.0010107840278024028,-0.023308222692904307,-0.022320998244316326,-0.023393616608377715,decile_9
2012-12-03,1.0201332531509555,0.5100666265754777,0.0010201332531509556,0.0012242813901364128,0.001142692948116873,0.0023683733159642895,0.0013482400628133339,decile_9
2013-01-01,1.0597840614477165,0.5298920307238583,0.0010597840614477165,0.00024077751659035,0.011163727081279985,0.011407192572352676,0.01034740851090496,decile_9
2013-02-01,1.01617829087423,0.508089145437115,0.00101617829087423,0.0007946734687238393,0.01301481045139958,0.013819826444689598,0.012803648153815367,decile_9
2013-03-01,1.3495493241302428,0.6747746620651214,0.0013495493241302428,4.175335499611134e-05,-0.0016598476207400539,-0.0016181635699508146,-0.0029677128940810574,decile_9
2013-04-01,0.8429923170870277,0.42149615854351385,0.0008429923170870277,0.00021517587352551983,0.039538461963258366,0.039762145559874895,0.038919153242787864,decile_9
2013-05-01,1.2012505715172717,0.6006252857586358,0.0012012505715172717,0.00028806855957937616,-0.001009791034232173,-0.0007220133637014792,-0.0019232639352187509,decile_9
2013-06-03,0.7269542267191198,0.3634771133595599,0.0007269542267191199,0.000790453452786442,-0.0021707670346488846,-0.0013820294721601512,-0.002108983698879271,decile_9
2013-07-01,1.2281212057649977,0.6140606028824989,0.0012281212057649977,0.0014629764891847153,0.007786661877800434,0.009261030070241594,0.008032908864476596,decile_9
2013-08-01,0.8449875983072246,0.4224937991536123,0.0008449875983072246,0.0001683553633674349,0.0052846007596913935,0.005453845813939928,0.004608858215632704,decile_9
2013-09-02,1.1762917492652207,0.5881458746326104,0.0011762917492652207,-0.0009501952140287155,-0.004527110303565794,-0.005473003879050697,-0.006649295628315918,decile_9
2013-10-01,1.1948817025250924,0.5974408512625462,0.0011948817025250924,0.0008549773589231265,-0.0016682053155131116,-0.0008146542343648866,-0.002009535936889979,decile_9
2013-11-01,1.0585960572260424,0.5292980286130212,0.0010585960572260425,0.0010096287503183136,0.0022988225386079792,0.003310772246253091,0.002252176189027048,decile_9
2013-12-02,1.511854356810072,0.755927178405036,0.001511854356810072,0.0009224224393593044,0.0011706706724915294,0.00209417296474812,0.0005823186079380481,decile_9
2014-01-01,1.5196830502990437,0.7598415251495219,0.0015196830502990438,-0.0009183071363871365,0.002520895552838742,0.0016002734600752966,8.059040977625282e-05,decile_9
2014-02-03,1.0371231793791387,0.5185615896895693,0.0010371231793791388,-0.0005770428957490277,-0.017442996616032037,-0.018009974154503117,-0.019047097333882254,decile_9
2014-03-03,1.2048064602110535,0.6024032301055268,0.0012048064602110536,0.0005503818638826064,-0.023324046705818408,-0.02278650197423515,-0.023991308434446204,decile_9
2014-04-01,1.048537037928992,0.524268518964496,0.001048537037928992,-0.0015427833377197131,0.0004185658244391559,-0.0011248632696603256,-0.0021734003075893175,decile_9
2014-05-01,1.8333333333333335,0.9166666666666667,0.0018333333333333335,-0.0025816835255423106,-0.028415035633082977,-0.030923360529253707,-0.03275669386258704,decile_9
2014-06-02,1.1907099482849801,0.5953549741424901,0.0011907099482849801,0.0006109110471620968,0.010698406525558535,0.011315853347454219,0.010125143399169239,decile_9
2014-07-01,0.8666308100586905,0.43331540502934524,0.0008666308100586904,-0.000221193109473598,-0.006050571927566963,-0.0062704266922217755,-0.007137057502280466,decile_9
2014-08-01,0.8924010376061862,0.4462005188030931,0.0008924010376061862,-0.001040956289657204,0.02527196888494639,0.02420470558032628,0.023312304542720094,decile_9
2014-09-01,1.190311720285499,0.5951558601427495,0.0011903117202854989,-0.00020395180140165116,-0.020836774429641797,-0.021036476533363158,-0.022226788253648655,decile_9
2014-10-01,1.1994118815696844,0.5997059407848422,0.0011994118815696845,0.0006222469758383571,0.005764155829650406,0.006389989534022034,0.005190577652452349,decile_9
2014-11-03,1.3495289618395812,0.6747644809197906,0.001349528961839581,0.00027309242288046356,-0.005659599429314164,-0.005388052600154403,-0.006737581561993984,decile_9
2014-12-01,1.3637955903211954,0.6818977951605977,0.0013637955903211955,0.00041275975192037434,-0.026714582386455285,-0.02631284933893341,-0.027676644929254604,decile_9
2015-01-01,1.192713799535155,0.5963568997675776,0.001192713799535155,0.0005906555646214707,-0.0006956029561210149,-0.00010535825325630466,-0.0012980720527914597,decile_9
2015-02-02,0.8969494633858373,0.4484747316929186,0.0008969494633858373,-0.0002981798396804142,0.007519586510377226,0.007219164481596652,0.006322215018210814,decile_9
2015-03-02,1.2018713112811288,0.6009356556405644,0.0012018713112811289,0.0010384795341523007,0.0024452232710686353,0.0034862421195442916,0.002284370808263163,decile_9
2015-04-01,1.3357389704475215,0.6678694852237608,0.0013357389704475215,-0.0010234690920577411,0.022078866426952816,0.021032800297519527,0.019697061327072007,decile_9
2015-05-01,1.0531118745650312,0.5265559372825156,0.0010531118745650313,-5.2179561820515094e-05,-0.016557658702864374,-0.016608974293308987,-0.017662086167874017,decile_9
2015-06-01,1.3373140218097839,0.6686570109048919,0.0013373140218097838,-0.00020765825442578946,0.01745828284360746,0.017246999232640947,0.015909685210831165,decile_9
2015-07-01,0.8891679160312811,0.44458395801564055,0.0008891679160312812,-0.000777256944541029,-0.009980880867433196,-0.010750380103007329,-0.01163954801903861,decile_9
2015-08-03,1.0419400753434975,0.5209700376717488,0.0010419400753434976,4.69373275352412e-05,0.016676619442598822,0.016724339526082987,0.01568239945073949,decile_9
2015-09-01,0.8616030463377977,0.43080152316889886,0.0008616030463377977,0.0011774448389515093,-0.028289816869736917,-0.027145681729653703,-0.0280072847759915,decile_9
2015-10-01,1.0386852958844515,0.5193426479422257,0.0010386852958844514,0.00015694047220750687,-0.01541960721709388,-0.015265086705324338,-0.016303772001208788,decile_9
2011-01-03,1.0,0.5,0.001,0.0,0.008318086365684808,0.008318086365684874,0.0073180863656848736,decile_10
2011-02-01,0.5501487788874362,0.2750743894437181,0.0005501487788874362,-0.0014299921024340714,0.0020809756155844477,0.0006480077344546142,9.785895556717805e-05,decile_10
2011-03-01,0.3952479813480535,0.19762399067402675,0.0003952479813480535,0.00045069477421343123,0.018326494602436256,0.018785449031996526,0.018390201050648473,decile_10
2011-04-01,0.40742203628743157,0.20371101814371578,0.00040742203628743156,0.00024634092453951624,0.009034157314414148,0.009282723721618868,0.008875301685331436,decile_10
2011-05-02,0.3973871572273868,0.1986935786136934,0.00039738715722738684,-1.0296009055297552e-05,-0.022206449912408943,-0.022216517283654924,-0.02261390444088231,decile_10
2011-06-01,0.6939639319339751,0.34698196596698755,0.0006939639319339751,0.0021587087681504092,0.003567641835411917,0.0057340521032742675,0.0050400881713402925,decile_10
2011-07-01,0.7289660289008972,0.3644830144504486,0.0007289660289008972,0.0008605050227666548,-0.014117949059395469,-0.01326959260270566,-0.013998558631606556,decile_10
2011-08-01,0.9234956743973729,0.46174783719868645,0.0009234956743973729,0.0011004979359979408,-0.016433227170923076,-0.015350813967508592,-0.016274309641905967,decile_10
2011-09-01,0.736996554125081,0.3684982770625405,0.0007369965541250811,-0.0013174057356274268,0.008545162123534558,0.007216498942313798,0.006479502388188717,decile_10
2011-10-03,0.8924126531256947,0.44620632656284737,0.0008924126531256948,0.0008927824521601522,0.004128837112878647,0.005025305718360906,0.004132893065235212,decile_10
2011-11-01,0.5420427367392908,0.2710213683696454,0.0005420427367392908,-0.0009037965615910796,-0.017429266998933907,-0.0183173110489403,-0.01885935378567959,decile_10
2011-12-01,0.7129108840268119,0.35645544201340595,0.0007129108840268119,-0.0010877452018110665,-0.014607814103445079,-0.015679669725556122,-0.016392580609582933,decile_10
2012-01-02,0.7547064767255935,0.3773532383627968,0.0007547064767255935,6.821791302513854e-05,-0.010297926056897397,-0.010230410646896337,-0.010985117123621931,decile_10
2012-02-01,0.5463886219303437,0.2731943109651718,0.0005463886219303437,-0.0002941534970861069,0.008699505386048245,0.008402792899029787,0.007856404277099443,decile_10
2012-03-01,0.7221701419630784,0.3610850709815392,0.0007221701419630784,0.00043123388037182286,0.005683397053099439,0.006117081806836122,0.005394911664873043,decile_10
2012-04-02,0.5527994533095859,0.27639972665479295,0.0005527994533095859,0.0006627823725179707,-0.017523400883942827,-0.01687223271263716,-0.017425032165946746,decile_10
2012-05-01,0.24184142449482385,0.12092071224741192,0.00024184142449482386,-0.00040129687124986385,0.005860042336127375,0.005456393848222607,0.005214552423727783,decile_10
2012-06-01,0.39525759639167846,0.19762879819583923,0.0003952575963916785,-0.0011241233673507645,0.014839381816499147,0.01369857715329137,0.01330331955689969,decile_10
2012-07-02,0.41170016060040787,0.20585008030020394,0.0004117001606004079,-0.0003291326852166956,0.005029694761011615,0.004698906638852307,0.004287206478251899,decile_10
2012-08-01,0.09810889301597052,0.04905444650798526,9.810889301597053e-05,0.0016175985902769615,-0.006557810660622415,-0.00495081997562552,-0.005048928868641491,decile_10
2012-09-03,0.549059644436455,0.2745298222182275,0.0005490596444364551,-0.0012199745351217446,-0.018553302070490458,-0.0197506420495438,-0.020299701693980255,decile_10
2012-10-01,0.7693238290050896,0.3846619145025448,0.0007693238290050895,0.00012883563979175988,-0.02418351738315163,-0.024057797442294415,-0.024827121271299504,decile_10
2012-11-01,0.5878298401862858,0.2939149200931429,0.0005878298401862858,0.0012189469733368656,-0.022888241386143,-0.021697193965368844,-0.02228502380555513,decile_10
2012-12-03,0.5708753771398221,0.28543768856991103,0.0005708753771398221,0.00010821411406159234,0.01789527307865178,0.0180054237138354,0.01743454833669558,decile_10
2013-01-01,0.7483852870261137,0.37419264351305687,0.0007483852870261138,0.0009141942510024989,0.010734987871189846,0.011658995986388643,0.010910610699362529,decile_10
2013-02-01,0.5851274968264074,0.2925637484132037,0.0005851274968264074,-3.684419118660237e-05,0.019321320774200592,0.0192837647045776,0.018698637207751192,decile_10
2013-03-01,0.8800966869409488,0.4400483434704744,0.0008800966869409488,-0.0012086831860319606,-0.0018394387682139177,-0.003045898655534951,-0.0039259953424759,decile_10
2013-04-01,0.5795527346645204,0.2897763673322602,0.0005795527346645204,-0.0005428496955993814,0.024077411600394984,0.023521491489237434,0.022941938754572913,decile_10
2013-05-01,0.7562312272025584,0.3781156136012792,0.0007562312272025584,-0.001274439775607013,-0.00012218160963521196,-0.0013964656721390245,-0.002152696899341583,decile_10
2013-06-03,0.5428139637602695,0.27140698188013473,0.0005428139637602695,-0.0009017937236264944,-0.00838784036597003,-0.00928206998779979,-0.00982488395156006,decile_10
2013-07-01,0.9001521166312398,0.4500760583156199,0.0009001521166312398,-0.0003615500441190646,0.0017998093481749007,0.0014376085829064245,0.0005374564662751847,decile_10
2013-08-01,0.8542483544103906,0.4271241772051953,0.0008542483544103906,-0.00041813263213721333,-0.001819828732370669,-0.002237200434729969,-0.0030914487891403595,decile_10
2013-09-02,0.7446070945317156,0.3723035472658578,0.0007446070945317156,-0.001336992260149594,-0.01448428380683205,-0.015801910691638166,-0.016546517786169883,decile_10
2013-10-01,0.4110512100300866,0.2055256050150433,0.0004110512100300866,-0.001122549220855624,0.0034163308893259223,0.002289946668892373,0.0018788954588622865,decile_10
2013-11-01,0.3629360340237126,0.1814680170118563,0.0003629360340237126,-0.0004323913657356544,-0.002202474803832279,-0.0026339138384795513,-0.002996849872503264,decile_10
2013-12-02,0.5520118303170878,0.2760059151585439,0.0005520118303170878,-1.4946422708899827e-05,0.00016306152942934438,0.0001481126695337398,-0.000403899160783348,decile_10
2014-01-01,1.2196672670089874,0.6098336335044937,0.0012196672670089874,-5.4809860197223953e-05,-0.00621520246701169,-0.006269671672830657,-0.007489338939839644,decile_10
2014-02-03,0.8756070659798878,0.4378035329899439,0.0008756070659798878,-0.001088595146286377,-0.00212682896806357,-0.003213108858658331,-0.004088715924638219,decile_10
2014-03-03,0.5518148614374109,0.27590743071870544,0.0005518148614374109,-0.00041149229756350515,-0.014915330236948104,-0.015320684991003586,-0.015872499852440998,decile_10
2014-04-01,0.7094619283901703,0.35473096419508515,0.0007094619283901703,0.0007384839013325954,-0.007929029207094308,-0.007196400766184219,-0.007905862694574389,decile_10
2014-05-01,1.1906934059536725,0.5953467029768362,0.0011906934059536724,-0.0008274441554943108,-0.017550794459400672,-0.018363716312595257,-0.01955440971854893,decile_10
2014-06-02,0.5971090249317622,0.2985545124658811,0.0005971090249317622,-0.0010015521646986514,0.0006603589757839174,-0.0003418545728764988,-0.000938963597808261,decile_10
2014-07-01,0.5641023172959008,0.2820511586479504,0.0005641023172959007,-0.0005444052666497246,-0.0013366468286546609,-0.0018803244177311162,-0.002444426735027017,decile_10
2014-08-01,0.542244499338847,0.2711222496694235,0.000542244499338847,0.000641818373997271,0.005665206349598532,0.0063106607571234985,0.005768416257784651,decile_10
2014-09-01,0.38060606200258384,0.19030303100129192,0.00038060606200258386,-2.8156001461808694e-05,-0.024781792398909114,-0.02480925064418782,-0.0251898567061904,decile_10
2014-10-01,0.2378884260878991,0.11894421304394955,0.0002378884260878991,0.0008099970447573694,0.01147400106127334,0.012293292012981683,0.012055403586893783,decile_10
2014-11-03,0.7092835775249394,0.3546417887624697,0.0007092835775249394,0.001431901637336185,0.00455743751220202,0.005995864951773733,0.005286581374248794,decile_10
2014-12-01,0.7159055819345417,0.35795279096727084,0.0007159055819345416,0.0007154018844665221,-0.019078795110995257,-0.01837704223250447,-0.019092947814439012,decile_10
2015-01-01,0.4132949823706831,0.20664749118534154,0.0004132949823706831,0.0005318843488614938,-0.014612260810808768,-0.014088148494774022,-0.014501443477144705,decile_10
2015-02-02,0.5627458045131719,0.28137290225658595,0.0005627458045131719,-0.0006178470913244782,-0.0011376419136524076,-0.0017547861162295897,-0.002317531920742762,decile_10
2015-03-02,0.4253556954111976,0.2126778477055988,0.00042535569541119763,-0.0010724937052753467,6.437669410776703e-05,-0.0010081860547668242,-0.001433541750178022,decile_10
2015-04-01,0.38643816768893063,0.19321908384446532,0.00038643816768893063,-0.0008916128367985821,0.0021765776128116476,0.0012830241114731855,0.0008965859437842548,decile_10
2015-05-01,0.5408934445953838,0.2704467222976919,0.0005408934445953838,-0.0005489737228002349,-0.001594743248836794,-0.0021428414994988376,-0.0026837349440942213,decile_10
2015-06-01,0.7110268452043597,0.35551342260217983,0.0007110268452043596,-0.0007701762587832562,0.022824273857872376,0.02203651888523983,0.02132549204003547,decile_10
2015-07-01,0.685179306501588,0.342589653250794,0.000685179306501588,0.0006150760201241812,-0.0034593874583021176,-0.0028464392244478276,-0.0035316185309494158,decile_10
2015-08-03,0.5367544119853298,0.2683772059926649,0.0005367544119853298,0.0015268401179164158,0.01819681842991889,0.019751442180232504,0.019214687768247175,decile_10
2015-09-01,0.22941834605127565,0.11470917302563782,0.00022941834605127564,0.0005349152976533602,-0.033072267470470595,-0.03255504303461543,-0.0327844613806667,decile_10
2015-10-01,0.887182996281286,0.443591498140643,0.000887182996281286,0.00037225963555826227,4.404829745781758e-05,0.00041632433041915995,-0.00047085866586212607,decile_10
2011-01-03,2.0,1.0,0.002,0.0,0.01080181721367849,0.010801817213678566,0.008801817213678566,long_short
2011-02-01,0.9464426819268046,0.4732213409634023,0.0009464426819268047,-0.0007067428649632358,-0.010579684576346662,-0.011278950324721926,-0.012225393006648731,long_short
2011-03-01,0.7893071209721336,0.3946535604860668,0.0007893071209721336,0.001074444386421769,0.013533814605711788,0.014622800323263352,0.013833493202291219,long_short
2011-04-01,1.1730034333892512,0.5865017166946256,0.0011730034333892513,0.0018626186000278737,0.0018979753165934785,0.003764129120748416,0.002591125687359165,long_short
2011-05-02,0.9452733896913753,0.47263669484568765,0.0009452733896913754,-0.000475584373232523,-0.012059653755834888,-0.012529502746194465,-0.01347477613588584,long_short
2011-06-01,1.3618255063883495,0.6809127531941748,0.0013618255063883495,0.0012380779768947116,0.006989157427227999,0.008235888526010537,0.006874063019622188,long_short
2011-07-01,1.1107134080688068,0.5553567040344034,0.0011107134080688068,0.0010638063530729411,0.0018443248438105317,0.002910093201369479,0.0017993797933006724,long_short
2011-08-01,1.436408005949971,0.7182040029749855,0.0014364080059499711,0.002378398664392469,0.0023838628609341803,0.00476793130157116,0.003331523295621189,long_short
2011-09-01,1.3032847042704974,0.6516423521352487,0.0013032847042704974,0.0005600206745009264,0.002548863792906189,0.003110311883827599,0.0018070271795571015,long_short
2011-10-03,1.3248479741725676,0.6624239870862838,0.0013248479741725676,0.0011305038763490098,-0.0028920054405545768,-0.0017647709875665551,-0.003089618961739123,long_short
2011-11-01,0.9402815251745965,0.47014076258729826,0.0009402815251745966,-0.001795941937520451,-0.014528397500769646,-0.016298247279933453,-0.01723852880510805,long_short
2011-12-01,1.0995158142946286,0.5497579071473143,0.0010995158142946286,-0.0012893832943327438,0.008220415413097768,0.006920432852459024,0.005820917038164395,long_short
2012-01-02,1.1416060451994086,0.5708030225997043,0.0011416060451994085,0.0006505087890405254,0.002477711791302277,0.0031298323536397277,0.0019882263084403193,long_short
2012-02-01,0.7870869428936234,0.3935434714468117,0.0007870869428936234,0.00018003429915488877,0.006218775551969759,0.0063999294440229,0.005612842501129277,long_short
2012-03-01,0.9566409337522038,0.4783204668761019,0.0009566409337522038,-0.0004071769534673579,0.002746157979344253,0.0023378628536370183,0.0013812219198848143,long_short
2012-04-02,0.926196367688386,0.463098183844193,0.000926196367688386,0.00048811045330984413,-0.0021650184625950355,-0.0016779647774283202,-0.002604161145116706,long_short
2012-05-01,0.8748255229578665,0.43741276147893327,0.0008748255229578665,-0.0009446713882192516,-0.00014612739336140445,-0.0010906607392131562,-0.0019654862621710225,long_short
2012-06-01,0.9109691019174231,0.45548455095871154,0.0009109691019174231,-0.00330847962888395,0.011775392324888381,0.008427954050375552,0.007516984948458129,long_short
2012-07-02,0.8065836410837999,0.40329182054189994,0.0008065836410837999,-0.00043255604636194977,0.0061680184613742035,0.005732794401332786,0.004926210760248986,long_short
2012-08-01,0.5698869550152278,0.2849434775076139,0.0005698869550152278,0.0006014014325388221,0.006457831085919212,0.007063116267324032,0.006493229312308804,long_short
2012-09-03,0.9906422820757241,0.49532114103786207,0.0009906422820757242,-0.0014445494966094288,0.009981686851216948,0.008522718313891398,0.007532076031815674,long_short
2012-10-01,0.9822586057968737,0.49112930289843687,0.0009822586057968738,-0.0002176599613120311,-0.005811062315166649,-0.0060274574408800685,-0.007009716046676943,long_short
2012-11-01,0.8366981154246207,0.41834905771231035,0.0008366981154246207,0.0011616801670343048,0.008253305526739464,0.009424573395116598,0.008587875279691976,long_short
2012-12-03,1.1150328192282715,0.5575164096141357,0.0011150328192282716,0.0008870183181202676,-0.0019486603795952715,-0.0010633705589275788,-0.00217840337815585,long_short
2013-01-01,1.239337421737404,0.619668710868702,0.001239337421737404,0.0007717768394006667,-0.010475376928976578,-0.00971168474287376,-0.010951022164611164,long_short
2013-02-01,1.1761835425823672,0.5880917712911836,0.0011761835425823672,-0.002023899943175837,0.007020841649971503,0.004982732225779163,0.003806548683196796,long_short
2013-03-01,1.3082510316999807,0.6541255158499903,0.0013082510316999808,-0.003338715864351728,0.003699898817134219,0.0003488300419052237,-0.0009594209897947571,long_short
2013-04-01,1.2776961919521868,0.6388480959760934,0.0012776961919521868,-0.0013553135353836252,-0.013292000862555348,-0.014629299569257626,-0.01590699576120981,long_short
2013-05-01,1.4196105059346449,0.7098052529673224,0.0014196105059346448,0.00022476177653909965,0.011257094542125895,0.011484386483233022,0.010064775977298377,long_short
2013-06-03,0.8291492490132022,0.4145746245066011,0.0008291492490132023,-0.0021209578724965712,-0.0030938252456118222,-0.005208221245097566,-0.006037370494110768,long_short
2013-07-01,1.4927070314977409,0.7463535157488704,0.0014927070314977408,0.00046700399812551184,-0.015272911852450693,-0.01481304036522324,-0.01630574739672098,long_short
2013-08-01,1.646716977335199,0.8233584886675995,0.001646716977335199,-0.0006730054377817821,-0.00843001282610704,-0.009097344819416264,-0.010744061796751463,long_short
2013-09-02,1.5496401922086878,0.7748200961043439,0.001549640192208688,-0.0019189381871291323,-0.009768916598939208,-0.011669108838959774,-0.013218749031168462,long_short
2013-10-01,0.8222030070261234,0.4111015035130617,0.0008222030070261234,-0.0012035495831975898,0.010816583587096381,0.009600015709230858,0.008777812702204735,long_short
2013-11-01,0.8056131584085124,0.4028065792042562,0.0008056131584085125,-0.0005852934869479099,0.0007647498415918803,0.00017900875154253093,-0.0006266044068659816,long_short
2013-12-02,1.1009536745631952,0.5504768372815976,0.0011009536745631952,1.5402860421116164e-07,0.0062031700790464335,0.006203325063116383,0.0051023713885531875,long_short
2014-01-01,1.604453895892615,0.8022269479463074,0.001604453895892615,0.00026445761805329675,-0.018304113315263434,-0.018044496359418072,-0.019648950255310688,long_short
2014-02-03,1.11563194695094,0.55781597347547,0.00111563194695094,-0.0008769208561724251,0.016802908420019434,0.015911252743009197,0.014795620796058256,long_short
2014-03-03,1.2622804244505186,0.6311402122252593,0.0012622804244505185,-0.0006718998088382263,-0.005187365106910646,-0.005855779526125149,-0.007118059950575667,long_short
2014-04-01,1.1956946583977406,0.5978473291988703,0.0011956946583977406,0.002774922918991057,-0.012517464115917431,-0.00977727619498936,-0.010972970853387099,long_short
2014-05-01,1.66633330330726,0.83316665165363,0.00166633330330726,-0.0015020359938454609,-0.004635685226068294,-0.006130758253848012,-0.007797091557155272,long_short
2014-06-02,0.873887645084186,0.436943822542093,0.0008738876450841861,-0.0005214459565118979,-0.02144207337082016,-0.021952338444873654,-0.02282622608995784,long_short
2014-07-01,0.8127396369535571,0.40636981847677855,0.0008127396369535571,-0.000516943734933217,-0.007237841487973748,-0.0077510436660953586,-0.008563783303048916,long_short
2014-08-01,0.9751384047745384,0.4875692023872692,0.0009751384047745384,-0.0003347982545791388,-0.014577659777346236,-0.014907577456876098,-0.015882715861650635,long_short
2014-09-01,0.6835744313515145,0.34178721567575726,0.0006835744313515146,-3.5773824869474792e-06,-0.0033683829566867147,-0.003371948289179416,-0.004055522720530931,long_short
2014-10-01,0.8269876542400316,0.4134938271200158,0.0008269876542400317,0.0009669928207711761,0.005337179218991203,0.0063093330537502545,0.005482345399510223,long_short
2014-11-03,0.9618928236700193,0.48094641183500964,0.0009618928236700193,0.0014748928428585876,-0.0017210032743925725,-0.00024864872694607687,-0.0012105415506160962,long_short
2014-12-01,1.1398068416924156,0.5699034208462078,0.0011398068416924156,0.0027474018782860645,0.00601966453765591,0.008783604853599414,0.007643798011906998,long_short
2015-01-01,0.6269957746273782,0.3134978873136891,0.0006269957746273782,-0.0002807950488447269,-0.02172641960158994,-0.022001113979381426,-0.022628109754008804,long_short
2015-02-02,0.9559389574794194,0.4779694787397097,0.0009559389574794194,-0.0019379568654112839,0.004152002154475807,0.0022059988879841175,0.001250059930504698,long_short
2015-03-02,0.8271203057516607,0.41356015287583037,0.0008271203057516607,0.00014464256931884082,-0.006596849681754948,-0.006453161297723553,-0.007280281603475214,long_short
2015-04-01,0.9187570848244193,0.45937854241220966,0.0009187570848244194,1.576573514667514e-05,-0.01699546230081842,-0.016979964511628975,-0.017898721596453396,long_short
2015-05-01,0.9128946804635818,0.4564473402317909,0.0009128946804635818,0.0004794888658515495,0.0007984130832091505,0.0012782847792442986,0.00036539009878071684,long_short
2015-06-01,1.157140483957714,0.578570241978857,0.001157140483957714,-0.001155771631130079,-0.00011900435531861549,-0.0012746384445908587,-0.002431778928548573,long_short
2015-07-01,1.2836863641821865,0.6418431820910933,0.0012836863641821866,0.0004493491242326176,0.023293308380442697,0.023753124332396514,0.022469437968214327,long_short
2015-08-03,0.932321721853757,0.4661608609268785,0.000932321721853757,0.0021954274663863035,-0.021350111369264554,-0.019201556523788854,-0.02013387824564261,long_short
2015-09-01,0.6636457779188061,0.33182288895940304,0.0006636457779188061,0.0003739522972382977,-0.0113299804225006,-0.010960264997468827,-0.011623910775387634,long_short
2015-10-01,1.5665324672270375,0.7832662336135188,0.0015665324672270375,-0.0009569127772496545,0.0036631453319181185,0.002702727244095371,0.0011361947768683334,long_short
2011-01-03,1.0,0.5,0.001,0.0,0.008318086365684808,0.008318086365684874,0.0073180863656848736,long_only
2011-02-01,0.5501487788874362,0.2750743894437181,0.0005501487788874362,-0.0014299921024340714,0.0020809756155844477,0.0006480077344546142,9.785895556717805e-05,long_only
2011-03-01,0.3952479813480535,0.19762399067402675,0.0003952479813480535,0.00045069477421343123,0.018326494602436256,0.018785449031996526,0.018390201050648473,long_only
2011-04-01,0.40742203628743157,0.20371101814371578,0.00040742203628743156,0.00024634092453951624,0.009034157314414148,0.009282723721618868,0.008875301685331436,long_only
2011-05-02,0.3973871572273868,0.1986935786136934,0.00039738715722738684,-1.0296009055297552e-05,-0.022206449912408943,-0.022216517283654924,-0.02261390444088231,long_only
2011-06-01,0.6939639319339751,0.34698196596698755,0.0006939639319339751,0.0021587087681504092,0.003567641835411917,0.0057340521032742675,0.0050400881713402925,long_only
2011-07-01,0.7289660289008972,0.3644830144504486,0.0007289660289008972,0.0008605050227666548,-0.014117949059395469,-0.01326959260270566,-0.013998558631606556,long_only
2011-08-01,0.9234956743973729,0.46174783719868645,0.0009234956743973729,0.0011004979359979408,-0.016433227170923076,-0.015350813967508592,-0.016274309641905967,long_only
2011-09-01,0.736996554125081,0.3684982770625405,0.0007369965541250811,-0.0013174057356274268,0.008545162123534558,0.007216498942313798,0.006479502388188717,long_only
2011-10-03,0.8924126531256947,0.44620632656284737,0.0008924126531256948,0.0008927824521601522,0.004128837112878647,0.005025305718360906,0.004132893065235212,long_only
2011-11-01,0.5420427367392908,0.2710213683696454,0.0005420427367392908,-0.0009037965615910796,-0.017429266998933907,-0.0183173110489403,-0.01885935378567959,long_only
2011-12-01,0.7129108840268119,0.35645544201340595,0.0007129108840268119,-0.0010877452018110665,-0.014607814103445079,-0.015679669725556122,-0.016392580609582933,long_only
2012-01-02,0.7547064767255935,0.3773532383627968,0.0007547064767255935,6.821791302513854e-05,-0.010297926056897397,-0.010230410646896337,-0.010985117123621931,long_only
2012-02-01,0.5463886219303437,0.2731943109651718,0.0005463886219303437,-0.0002941534970861069,0.008699505386048245,0.008402792899029787,0.007856404277099443,long_only
2012-03-01,0.7221701419630784,0.3610850709815392,0.0007221701419630784,0.00043123388037182286,0.005683397053099439,0.006117081806836122,0.005394911664873043,long_only
2012-04-02,0.5527994533095859,0.27639972665479295,0.0005527994533095859,0.0006627823725179707,-0.017523400883942827,-0.01687223271263716,-0.017425032165946746,long_only
2012-05-01,0.24184142449482385,0.12092071224741192,0.00024184142449482386,-0.00040129687124986385,0.005860042336127375,0.005456393848222607,0.005214552423727783,long_only
2012-06-01,0.39525759639167846,0.19762879819583923,0.0003952575963916785,-0.0011241233673507645,0.014839381816499147,0.01369857715329137,0.01330331955689969,long_only
2012-07-02,0.41170016060040787,0.20585008030020394,0.0004117001606004079,-0.0003291326852166956,0.005029694761011615,0.004698906638852307,0.004287206478251899,long_only
2012-08-01,0.09810889301597052,0.04905444650798526,9.810889301597053e-05,0.0016175985902769615,-0.006557810660622415,-0.00495081997562552,-0.005048928868641491,long_only
2012-09-03,0.549059644436455,0.2745298222182275,0.0005490596444364551,-0.0012199745351217446,-0.018553302070490458,-0.0197506420495438,-0.020299701693980255,long_only
2012-10-01,0.7693238290050896,0.3846619145025448,0.0007693238290050895,0.00012883563979175988,-0.02418351738315163,-0.024057797442294415,-0.024827121271299504,long_only
2012-11-01,0.5878298401862858,0.2939149200931429,0.0005878298401862858,0.0012189469733368656,-0.022888241386143,-0.021697193965368844,-0.02228502380555513,long_only
2012-12-03,0.5708753771398221,0.28543768856991103,0.0005708753771398221,0.00010821411406159234,0.01789527307865178,0.0180054237138354,0.01743454833669558,long_only
2013-01-01,0.7483852870261137,0.37419264351305687,0.0007483852870261138,0.0009141942510024989,0.010734987871189846,0.011658995986388643,0.010910610699362529,long_only
2013-02-01,0.5851274968264074,0.2925637484132037,0.0005851274968264074,-3.684419118660237e-05,0.019321320774200592,0.0192837647045776,0.018698637207751192,long_only
2013-03-01,0.8800966869409488,0.4400483434704744,0.0008800966869409488,-0.0012086831860319606,-0.0018394387682139177,-0.003045898655534951,-0.0039259953424759,long_only
2013-04-01,0.5795527346645204,0.2897763673322602,0.0005795527346645204,-0.0005428496955993814,0.024077411600394984,0.023521491489237434,0.022941938754572913,long_only
2013-05-01,0.7562312272025584,0.3781156136012792,0.0007562312272025584,-0.001274439775607013,-0.00012218160963521196,-0.0013964656721390245,-0.002152696899341583,long_only
2013-06-03,0.5428139637602695,0.27140698188013473,0.0005428139637602695,-0.0009017937236264944,-0.00838784036597003,-0.00928206998779979,-0.00982488395156006,long_only
2013-07-01,0.9001521166312398,0.4500760583156199,0.0009001521166312398,-0.0003615500441190646,0.0017998093481749007,0.0014376085829064245,0.0005374564662751847,long_only
2013-08-01,0.8542483544103906,0.4271241772051953,0.0008542483544103906,-0.00041813263213721333,-0.001819828732370669,-0.002237200434729969,-0.0030914487891403595,long_only
2013-09-02,0.7446070945317156,0.3723035472658578,0.0007446070945317156,-0.001336992260149594,-0.01448428380683205,-0.015801910691638166,-0.016546517786169883,long_only
2013-10-01,0.4110512100300866,0.2055256050150433,0.0004110512100300866,-0.001122549220855624,0.0034163308893259223,0.002289946668892373,0.0018788954588622865,long_only
2013-11-01,0.3629360340237126,0.1814680170118563,0.0003629360340237126,-0.0004323913657356544,-0.002202474803832279,-0.0026339138384795513,-0.002996849872503264,long_only
2013-12-02,0.5520118303170878,0.2760059151585439,0.0005520118303170878,-1.4946422708899827e-05,0.00016306152942934438,0.0001481126695337398,-0.000403899160783348,long_only
2014-01-01,1.2196672670089874,0.6098336335044937,0.0012196672670089874,-5.4809860197223953e-05,-0.00621520246701169,-0.006269671672830657,-0.007489338939839644,long_only
2014-02-03,0.8756070659798878,0.4378035329899439,0.0008756070659798878,-0.001088595146286377,-0.00212682896806357,-0.003213108858658331,-0.004088715924638219,long_only
2014-03-03,0.5518148614374109,0.27590743071870544,0.0005518148614374109,-0.00041149229756350515,-0.014915330236948104,-0.015320684991003586,-0.015872499852440998,long_only
2014-04-01,0.7094619283901703,0.35473096419508515,0.0007094619283901703,0.0007384839013325954,-0.007929029207094308,-0.007196400766184219,-0.007905862694574389,long_only
2014-05-01,1.1906934059536725,0.5953467029768362,0.0011906934059536724,-0.0008274441554943108,-0.017550794459400672,-0.018363716312595257,-0.01955440971854893,long_only
2014-06-02,0.5971090249317622,0.2985545124658811,0.0005971090249317622,-0.0010015521646986514,0.0006603589757839174,-0.0003418545728764988,-0.000938963597808261,long_only
2014-07-01,0.5641023172959008,0.2820511586479504,0.0005641023172959007,-0.0005444052666497246,-0.0013366468286546609,-0.0018803244177311162,-0.002444426735027017,long_only
2014-08-01,0.542244499338847,0.2711222496694235,0.000542244499338847,0.000641818373997271,0.005665206349598532,0.0063106607571234985,0.005768416257784651,long_only
2014-09-01,0.38060606200258384,0.19030303100129192,0.00038060606200258386,-2.8156001461808694e-05,-0.024781792398909114,-0.02480925064418782,-0.0251898567061904,long_only
2014-10-01,0.2378884260878991,0.11894421304394955,0.0002378884260878991,0.0008099970447573694,0.01147400106127334,0.012293292012981683,0.012055403586893783,long_only
2014-11-03,0.7092835775249394,0.3546417887624697,0.0007092835775249394,0.001431901637336185,0.00455743751220202,0.005995864951773733,0.005286581374248794,long_only
2014-12-01,0.7159055819345417,0.35795279096727084,0.0007159055819345416,0.0007154018844665221,-0.019078795110995257,-0.01837704223250447,-0.019092947814439012,long_only
2015-01-01,0.4132949823706831,0.20664749118534154,0.0004132949823706831,0.0005318843488614938,-0.014612260810808768,-0.014088148494774022,-0.014501443477144705,long_only
2015-02-02,0.5627458045131719,0.28137290225658595,0.0005627458045131719,-0.0006178470913244782,-0.0011376419136524076,-0.0017547861162295897,-0.002317531920742762,long_only
2015-03-02,0.4253556954111976,0.2126778477055988,0.00042535569541119763,-0.0010724937052753467,6.437669410776703e-05,-0.0010081860547668242,-0.001433541750178022,long_only
2015-04-01,0.38643816768893063,0.19321908384446532,0.00038643816768893063,-0.0008916128367985821,0.0021765776128116476,0.0012830241114731855,0.0008965859437842548,long_only
2015-05-01,0.5408934445953838,0.2704467222976919,0.0005408934445953838,-0.0005489737228002349,-0.001594743248836794,-0.0021428414994988376,-0.0026837349440942213,long_only
2015-06-01,0.7110268452043597,0.35551342260217983,0.0007110268452043596,-0.0007701762587832562,0.022824273857872376,0.02203651888523983,0.02132549204003547,long_only
2015-07-01,0.685179306501588,0.342589653250794,0.000685179306501588,0.0006150760201241812,-0.0034593874583021176,-0.0028464392244478276,-0.0035316185309494158,long_only
2015-08-03,0.5367544119853298,0.2683772059926649,0.0005367544119853298,0.0015268401179164158,0.01819681842991889,0.019751442180232504,0.019214687768247175,long_only
2015-09-01,0.22941834605127565,0.11470917302563782,0.00022941834605127564,0.0005349152976533602,-0.033072267470470595,-0.03255504303461543,-0.0327844613806667,long_only
2015-10-01,0.887182996281286,0.443591498140643,0.000887182996281286,0.00037225963555826227,4.404829745781758e-05,0.00041632433041915995,-0.00047085866586212607,long_only
2011-01-03,0.9999999999999999,0.49999999999999994,0.0009999999999999998,0.0,-0.0020752254624369837,-0.0020752254624369915,-0.0030752254624369915,benchmark_ew
2011-02-01,0.07827708766924928,0.03913854383462464,7.827708766924928e-05,3.546347024133416e-05,0.008714186275075694,0.008749958780602585,0.008671681692933336,benchmark_ew
2011-03-01,0.07088500813854387,0.035442504069271935,7.088500813854387e-05,0.00023201644807061255,0.012085222959755521,0.01232004337833148,0.012249158370192937,benchmark_ew
2011-04-01,0.08758741548863823,0.043793707744319114,8.758741548863823e-05,-0.00014519546404877486,0.006693660601750432,0.006547493248544534,0.006459905833055895,benchmark_ew
2011-05-02,0.0845619068945043,0.04228095344725215,8.45619068945043e-05,0.00011054601006712562,-0.006482079252716191,-0.0063722498106473235,-0.006456811717541828,benchmark_ew
2011-06-01,0.07615303143888844,0.03807651571944422,7.615303143888844e-05,0.0007607202703052204,0.002335568505065189,0.0030980654896750615,0.003021912458236173,benchmark_ew
2011-07-01,0.07145224259680971,0.035726121298404856,7.145224259680971e-05,-0.000190600016060605,-0.018735120172119327,-0.018922149273974287,-0.018993601516571097,benchmark_ew
2011-08-01,0.07985667150348795,0.039928335751743975,7.985667150348795e-05,-7.634154247924572e-05,-0.025239175279168163,-0.02531359002407574,-0.025393446695579226,benchmark_ew
2011-09-01,0.08706333910115506,0.04353166955057753,8.706333910115506e-05,-5.0845152169929765e-05,0.009523107579899923,0.009471778223875793,0.009384714884774638,benchmark_ew
2011-10-03,0.07394285099480744,0.03697142549740372,7.394285099480744e-05,0.00039093830923524295,0.007189854858177412,0.00758360395711466,0.007509661106119852,benchmark_ew
2011-11-01,0.08379242290511373,0.04189621145255686,8.379242290511373e-05,-0.00044984157114868475,-0.009915367139715362,-0.010360748366531447,-0.01044454078943656,benchmark_ew
2011-12-01,0.07933794631639554,0.03966897315819777,7.933794631639554e-05,-0.0001027809115228424,-0.014662461346171251,-0.014763735236551723,-0.014843073182868118,benchmark_ew
2012-01-02,0.080276759526105,0.0401383797630525,8.0276759526105e-05,-0.0002647515113251981,-0.012125686742967469,-0.012387227960401592,-0.012467504719927698,benchmark_ew
2012-02-01,0.08518071865078577,0.04259035932539289,8.518071865078578e-05,4.127864347255823e-05,0.006814671923938328,0.006856231867823581,0.006771051149172796,benchmark_ew
2012-03-01,0.08426896490911309,0.042134482454556546,8.42689649091131e-05,-0.000136694401749086,0.01257117602324332,0.012432763212108622,0.012348494247199509,benchmark_ew
2012-04-02,0.07575612040929082,0.03787806020464541,7.575612040929083e-05,6.611791463178115e-05,-0.01610031052830179,-0.0160352571326271,-0.01611101325303639,benchmark_ew
2012-05-01,0.08244961189955805,0.04122480594977902,8.244961189955805e-05,8.486140678916235e-05,0.004776947571937207,0.004862214357217676,0.004779764745318118,benchmark_ew
2012-06-01,0.0862771712331021,0.04313858561655105,8.627717123310211e-05,0.00036490627697207496,0.014466179894056741,0.014836364970876037,0.014750087799642935,benchmark_ew
2012-07-02,0.07707502589981277,0.038537512949906386,7.707502589981277e-05,0.0001975042384176305,-0.00319843101068408,-0.003001558475947297,-0.0030786335018471098,benchmark_ew
2012-08-01,0.09167636458253939,0.045838182291269694,9.167636458253939e-05,0.0005720507471637208,-0.01596245787939984,-0.01539953846819253,-0.01549121483277507,benchmark_ew
2012-09-03,0.08951515017585558,0.04475757508792779,8.951515017585558e-05,-0.0007824087637331316,-0.018720589936396394,-0.01948835154650097,-0.019577866696676827,benchmark_ew
2012-10-01,0.08540705988712269,0.042703529943561344,8.540705988712269e-05,0.00025456015150201024,-0.01751080269638771,-0.017260700097472936,-0.01734610715736006,benchmark_ew
2012-11-01,0.0888759752786209,0.04443798763931045,8.88759752786209e-05,0.000316745569963247,-0.02420268191894863,-0.023893602441264372,-0.023982478416542993,benchmark_ew
2012-12-03,0.08138806716292254,0.04069403358146127,8.138806716292255e-05,-0.0002873102642813789,0.010776171645688212,0.010485765276683434,0.010404377209520511,benchmark_ew
2013-01-01,0.08883246366858552,0.04441623183429276,8.883246366858552e-05,0.00021377313818619442,0.016652186681497053,0.016869519609887806,0.01678068714621922,benchmark_ew
2013-02-01,0.08434970594140508,0.04217485297070254,8.434970594140508e-05,0.00032948298141404885,0.009012168079364502,0.009344620416786187,0.009260270710844782,benchmark_ew
2013-03-01,0.08361516576599323,0.041807582882996616,8.361516576599324e-05,-0.0005989308076387073,0.00040378163086911495,-0.0001953910140279902,-0.00027900617979398346,benchmark_ew
2013-04-01,0.07764843522391954,0.03882421761195977,7.764843522391954e-05,-0.00012916869685501795,0.034240929405132015,0.03410733785204667,0.03402968941682275,benchmark_ew
2013-05-01,0.07538469580358564,0.03769234790179282,7.538469580358564e-05,-0.00025306974558724133,-0.005494526572607759,-0.0057462058197531585,-0.005821590515556744,benchmark_ew
2013-06-03,0.08509464552736522,0.04254732276368261,8.509464552736521e-05,9.692067105949238e-05,-0.00430430869368609,-0.004207805199113679,-0.004292899844641044,benchmark_ew
2013-07-01,0.08575886987081291,0.042879434935406455,8.575886987081291e-05,-4.104248588060416e-05,0.008596698258591062,0.008555302942843568,0.008469544072972755,benchmark_ew
2013-08-01,0.0854593357740409,0.04272966788702045,8.54593357740409e-05,0.00028060971397197315,0.0001969551834066839,0.00047762016491637027,0.00039216082914232935,benchmark_ew
2013-09-02,0.07942558186442238,0.03971279093221119,7.942558186442237e-05,0.00022003835253915746,-0.0029816892817541166,-0.0027623070152121842,-0.0028417325970766065,benchmark_ew
2013-10-01,0.07136010474277812,0.03568005237138906,7.136010474277813e-05,0.00014138766049527022,-0.0030945359374607,-0.002953585806162007,-0.003024945910904785,benchmark_ew
2013-11-01,0.08433876241607771,0.042169381208038856,8.433876241607772e-05,8.58976513300942e-05,0.004254973855518316,0.004341236999108933,0.004256898236692855,benchmark_ew
2013-12-02,0.07704943026488666,0.03852471513244333,7.704943026488665e-05,7.437144278011823e-06,-0.0012147706689568157,-0.0012073425591035969,-0.0012843919893684836,benchmark_ew
2014-01-01,0.087874609076248,0.043937304538124,8.787460907624801e-05,-8.660397039340967e-05,0.0014683917799751319,0.0013816606410235188,0.001293786031947271,benchmark_ew
2014-02-03,0.08375925214262,0.04187962607131,8.375925214262001e-05,-0.0003765527044966463,-0.011823494331551561,-0.012195594867281168,-0.012279354119423788,benchmark_ew
2014-03-03,0.0688757941987326,0.0344378970993663,6.887579419873261e-05,0.000302769391203307,-0.012400481293658006,-0.012101466388626747,-0.01217034218282548,benchmark_ew
2014-04-01,0.08115658090105873,0.04057829045052937,8.115658090105873e-05,-0.0006931850022437031,-0.003403483424091598,-0.004094309182670286,-0.004175465763571345,benchmark_ew
2014-05-01,0.0709915111327048,0.0354957555663524,7.09915111327048e-05,-0.0004829434732841023,-0.019399175933709545,-0.019872750701589448,-0.019943742212722153,benchmark_ew
2014-06-02,0.09204296316536974,0.04602148158268487,9.204296316536974e-05,-0.00046779841103428014,0.011577277286758132,0.011104063043805068,0.011012020080639699,benchmark_ew
2014-07-01,0.0868376271482463,0.04341881357412315,8.683762714824631e-05,-0.000253538627982972,-0.0028215610931607658,-0.003074384346415382,-0.0031612219735636282,benchmark_ew
2014-08-01,0.07977498658351562,0.03988749329175781,7.977498658351562e-05,0.00037771401816323765,0.018418293302215404,0.018802964167949687,0.018723189181366173,benchmark_ew
2014-09-01,0.0787267318849913,0.03936336594249565,7.87267318849913e-05,-0.00016872255376336183,-0.013525369592087961,-0.013691810110953107,-0.013770536842838098,benchmark_ew
2014-10-01,0.08100019612184006,0.04050009806092003,8.100019612184006e-05,-2.5282536138734597e-05,0.007776945706785124,0.007751466549735575,0.0076704663536137346,benchmark_ew
2014-11-03,0.08737458154594518,0.04368729077297259,8.737458154594518e-05,8.47812069447382e-06,0.0015477070536907042,0.0015561982960321519,0.0014688237144862067,benchmark_ew
2014-12-01,0.07419100729882931,0.037095503649414656,7.419100729882931e-05,0.00011532302653633772,-0.018692408415248437,-0.018579241053823914,-0.018653432061122743,benchmark_ew
2015-01-01,0.08310184794399336,0.04155092397199668,8.310184794399336e-05,0.00016439839399681695,-0.002734711472655289,-0.0025707626608326706,-0.0026538645087766637,benchmark_ew
2015-02-02,0.07285049061205201,0.036425245306026005,7.285049061205201e-05,-2.535194933687495e-05,0.0013437824969920412,0.0013183964801493087,0.0012455459895372566,benchmark_ew
2015-03-02,0.08114350003466676,0.04057175001733338,8.114350003466677e-05,-0.0003366205278722539,0.004285426588311904,0.003947363497879275,0.003866219997844608,benchmark_ew
2015-04-01,0.07868008451691874,0.03934004225845937,7.868008451691874e-05,-0.00042257553403429195,0.017258074752378293,0.016828206378189048,0.01674952629367213,benchmark_ew
2015-05-01,0.08687448149558086,0.04343724074779043,8.687448149558086e-05,-1.4032661305159915e-05,-0.006383934238963777,-0.006397877316681955,-0.006484751798177536,benchmark_ew
2015-06-01,0.075702746087537,0.0378513730437685,7.570274608753701e-05,0.00010031299954782257,0.023818791835441826,0.023921494169444113,0.023845791423356577,benchmark_ew
2015-07-01,0.08035104980442385,0.04017552490221193,8.035104980442385e-05,1.7856411772903494e-07,-0.016721530583082452,-0.016721355004830074,-0.016801706054634498,benchmark_ew
2015-08-03,0.07985816525224698,0.03992908262612349,7.985816525224698e-05,-5.12683912766715e-05,0.02358381792388188,0.023531340428200043,0.023451482262947795,benchmark_ew
2015-09-01,0.08355181396504166,0.04177590698252083,8.355181396504166e-05,0.00046125404484147637,-0.017362491769794344,-0.01690924624451018,-0.01699279805847522,benchmark_ew
2015-10-01,0.08247980336091787,0.041239901680458935,8.247980336091788e-05,0.0001841396080659851,-0.009178580943092466,-0.008996131475323965,-0.009078611278684883,benchmark_ew
