date,turnover_two_way,turnover_one_way,cost,r_overnight_old,r_oc_new,gross_ret,net_ret,book
2011-01-03,1.0,0.5,0.001,0.0,0.0014222332401534763,0.0014222332401534477,0.00042223324015344763,decile_1
2011-02-01,0.2684444273256874,0.1342222136628437,0.00026844442732568743,0.0006293367393315681,0.011422124393851936,0.012058649495705787,0.0117902050683801,decile_1
2011-03-01,0.3853951043487075,0.19269755217435375,0.0003853951043487075,0.00025701160091701577,0.015473320531280052,0.015734308955078324,0.015348913850729617,decile_1
2011-04-01,0.5854616667106692,0.2927308333553346,0.0005854616667106692,5.852613374246002e-05,0.010596997584148747,0.01065614391918901,0.01007068225247834,decile_1
2011-05-02,0.4299310822346546,0.2149655411173273,0.0004299310822346546,7.486202031294686e-05,-0.006362722765841524,-0.0062883370718094245,-0.006718268154044079,decile_1
2011-06-01,0.36124934634515204,0.18062467317257602,0.00036124934634515206,-9.492331810099537e-05,0.005359083721505784,0.005263651701395977,0.004902402355050825,decile_1
2011-07-01,0.3979763642102318,0.1989881821051159,0.0003979763642102318,-0.000565837509272746,-0.018873303278082922,-0.019428461564437005,-0.019826437928647238,decile_1
2011-08-01,0.385920267336859,0.1929601336684295,0.000385920267336859,7.507882048500545e-05,-0.030261433037350495,-0.030188626209564084,-0.030574546476900943,decile_1
2011-09-01,0.3818185681967062,0.1909092840983531,0.0003818185681967062,0.00029269636670746393,0.005310037765937746,0.005604288361406251,0.005222469793209545,decile_1
2011-10-03,0.3113780034821218,0.1556890017410609,0.00031137800348212183,-0.00015926602954570882,0.016567854263060122,0.0164059495371478,0.01609457153366568,decile_1
2011-11-01,0.3802242097716609,0.19011210488583044,0.0003802242097716609,-0.0005022032247264525,-0.0050379604452594935,-0.005537633590004365,-0.005917857799776026,decile_1
2011-12-01,0.3583116133625408,0.1791558066812704,0.0003583116133625408,0.00011720668034854529,-0.009986930302009558,-0.009870894156608578,-0.01022920576997112,decile_1
2012-01-02,0.3115583146241938,0.1557791573120969,0.0003115583146241938,0.0009629054979966254,-0.003141275812589382,-0.0021813950663432946,-0.0024929533809674885,decile_1
2012-02-01,0.6175577318415046,0.3087788659207523,0.0006175577318415046,-0.0001073983486521789,0.0013355605814040915,0.0012280187957509625,0.0006104610639094579,decile_1
2012-03-01,0.4636947113694978,0.2318473556847489,0.0004636947113694978,-0.0007032380992840934,0.013311511304169868,0.012598912042977695,0.012135217331608196,decile_1
2012-04-02,0.5440190466563946,0.2720095233281973,0.0005440190466563945,-0.0003311219511657897,-0.014635343292647766,-0.01496161916038663,-0.015505638207043024,decile_1
2012-05-01,0.4552994573036605,0.22764972865183025,0.00045529945730366053,-0.0008351332629647563,-0.0005099902834135775,-0.001344697636528891,-0.0017999970938325515,decile_1
2012-06-01,0.43793994887940635,0.21896997443970317,0.00043793994887940635,-0.0004389578445311354,0.011314364152996196,0.010870439779564256,0.01043249983068485,decile_1
2012-07-02,0.41984737150149604,0.20992368575074802,0.00041984737150149606,0.00015612538262151462,-0.0007794360610176819,-0.0006234323681495457,-0.0010432797396510418,decile_1
2012-08-01,0.46023665096017236,0.23011832548008618,0.00046023665096017237,-0.000293126066216512,-0.015253491131827899,-0.015542146002192947,-0.01600238265315312,decile_1
2012-09-03,0.54126697468167,0.270633487340835,0.00054126697468167,-0.0004442476820637792,-0.024101241577926244,-0.02453478233928419,-0.02507604931396586,decile_1
2012-10-01,0.4298552079323694,0.2149276039661847,0.00042985520793236944,0.00038133244248982724,-0.01478489685601497,-0.014409202374355279,-0.014839057582287648,decile_1
2012-11-01,0.5348490459682014,0.2674245229841007,0.0005348490459682014,-0.00043632496159157956,-0.023370454358285487,-0.023796582207276762,-0.024331431253244964,decile_1
2012-12-03,0.5829610874960087,0.29148054374800436,0.0005829610874960087,0.00021013297102853823,0.0019671123240966827,0.002177658650282188,0.0015946975627861796,decile_1
2013-01-01,0.37313458424178003,0.18656729212089002,0.00037313458424178,-0.0002601568854702197,0.02183341338584132,0.021567576387545584,0.021194441803303803,decile_1
2013-02-01,0.3961887641345255,0.19809438206726274,0.00039618876413452547,-0.0008045375527473389,0.00977550291182979,0.008963100599892915,0.00856691183575839,decile_1
2013-03-01,0.3377470088363862,0.1688735044181931,0.0003377470088363862,-0.00031977128695359185,0.005137353928925462,0.004815939863694441,0.004478192854858055,decile_1
2013-04-01,0.4335997397331187,0.21679986986655936,0.00043359973973311873,0.0005975675502292095,0.032095905857712215,0.032712652879777204,0.03227905314004408,decile_1
2013-05-01,0.5402459885818031,0.27012299429090153,0.0005402459885818031,7.924778703545984e-05,-0.0075319859348084075,-0.007453335040990217,-0.00799358102957202,decile_1
2013-06-03,0.47846687365310514,0.23923343682655257,0.00047846687365310514,0.00014251653788716805,-0.012127945499254816,-0.011987157394171777,-0.012465624267824882,decile_1
2013-07-01,0.408286970748196,0.204143485374098,0.00040828697074819597,-0.00018517380850304127,0.012534727494217926,0.012347232582486267,0.011938945611738071,decile_1
2013-08-01,0.44054669029559324,0.22027334514779662,0.00044054669029559325,-0.00036635781703702727,0.002264365310111753,0.0018971779251428789,0.0014566312348472856,decile_1
2013-09-02,0.652770746372069,0.3263853731860345,0.000652770746372069,-0.00031387170467207695,0.001863729506722651,0.0015492728300932068,0.0008965020837211379,decile_1
2013-10-01,0.43704833727187853,0.21852416863593926,0.00043704833727187855,0.00024080892449464313,-0.0028178731078522933,-0.0025777427523500096,-0.003014791089621888,decile_1
2013-11-01,0.43210063386691616,0.21605031693345808,0.0004321006338669162,-0.00018992153608362661,-0.00668287133140089,-0.006871523646295841,-0.007303624280162757,decile_1
2013-12-02,0.34454175010874294,0.17227087505437147,0.00034454175010874294,0.000768928150840741,0.005832526268342004,0.006605939212821044,0.006261397462712301,decile_1
2014-01-01,0.5878032101908307,0.29390160509541535,0.0005878032101908307,0.00044396498116823827,0.006235017210520102,0.0066817503209868345,0.006093947110796004,decile_1
2014-02-03,0.3487989292522837,0.17439946462614184,0.00034879892925228367,-8.223748246268527e-05,-0.005029512667279503,-0.005111336535282396,-0.0054601354645346795,decile_1
2014-03-03,0.4087099746631552,0.2043549873315776,0.0004087099746631552,-0.00020736768017867827,-0.01566170744472661,-0.015865827392964826,-0.016274537367627982,decile_1
2014-04-01,0.3555946724044798,0.1777973362022399,0.0003555946724044798,0.00020286363468440108,-0.0037451165535172535,-0.003543012666789136,-0.0038986073391936156,decile_1
2014-05-01,0.3791850657311191,0.18959253286555955,0.0003791850657311191,0.0006947125984577779,-0.017771557351385425,-0.017089190877713878,-0.017468375943444997,decile_1
2014-06-02,0.42460259487243524,0.21230129743621762,0.0004246025948724352,-0.0003283317179110823,0.01040136418805265,0.01006961737236911,0.009645014777496675,decile_1
2014-07-01,0.2793527852221974,0.1396763926110987,0.00027935278522219745,-0.0003476673296063681,0.002984758520933868,0.0026360534883032027,0.0023567007030810055,decile_1
2014-08-01,0.4886864435100563,0.24434322175502815,0.0004886864435100563,0.00039264632785403274,0.013078299366231652,0.013476080840306492,0.012987394396796435,decile_1
2014-09-01,0.5557134734158544,0.2778567367079272,0.0005557134734158545,0.00039393990478847515,-0.02005787886015783,-0.019671840554257747,-0.0202275540276736,decile_1
2014-10-01,0.4699811203106614,0.2349905601553307,0.0004699811203106614,6.709957036479569e-05,0.003892433327868767,0.00395979407883762,0.003489812958526958,decile_1
2014-11-03,0.5053199491337671,0.25265997456688355,0.0005053199491337671,0.000666074094213611,0.010193550309959162,0.01086641406396227,0.010361094114828504,decile_1
2014-12-01,0.4098438204062749,0.20492191020313744,0.0004098438204062749,0.0004499924587039123,-0.017880582543548094,-0.01743863621214614,-0.017848480032552416,decile_1
2015-01-01,0.4160187538593299,0.20800937692966495,0.00041601875385932993,-0.0006126793207174807,-0.0015452305066960513,-0.0021569630966363773,-0.002572981850495707,decile_1
2015-02-02,0.3447139071495162,0.1723569535747581,0.0003447139071495162,0.0005960701181095578,0.0031331227713274606,0.0037310604502973632,0.003386346543147847,decile_1
2015-03-02,0.41262937536658095,0.20631468768329048,0.00041262937536658094,-0.0005272273439314323,0.008339333499893693,0.0078077094313111495,0.0073950800559445685,decile_1
2015-04-01,0.5049067570832037,0.2524533785416018,0.0005049067570832037,0.0002121643038548582,0.014953388868815849,0.015168725748010203,0.014663818990926999,decile_1
2015-05-01,0.4473135119453516,0.2236567559726758,0.00044731351194535164,-0.0006308497507726684,-0.00749411154532214,-0.008120233637694096,-0.008567547149639448,decile_1
2015-06-01,0.6483312040242002,0.3241656020121001,0.0006483312040242002,-0.00010502374337852517,0.018505214182248226,0.018398246952004316,0.017749915747980117,decile_1
2015-07-01,0.47670653936337626,0.23835326968168813,0.00047670653936337625,0.0002112797496703897,-0.017832125670529275,-0.01762461348790678,-0.01810132002727016,decile_1
2015-08-03,0.450043639389731,0.2250218196948655,0.000450043639389731,0.00024238620349101156,0.02560287883784027,0.0258514708259312,0.02540142718654147,decile_1
2015-09-01,0.27928419966495344,0.13964209983247672,0.00027928419966495344,0.000981281301129858,-0.018925767032387485,-0.01796305723255609,-0.018242341432221042,decile_1
2015-10-01,0.4175295212656121,0.20876476063280605,0.0004175295212656121,-0.0002805789141119882,-0.01454204710038351,-0.014818545822711138,-0.01523607534397675,decile_1
2015-11-02,0.3846390664533278,0.1923195332266639,0.0003846390664533278,0.000519131490271583,-0.026324877211718316,-0.0258194117941849,-0.026204050860638227,decile_1
2015-12-01,0.4145906413808436,0.2072953206904218,0.0004145906413808436,5.5859920185556396e-05,-4.63512510235003e-05,9.506079984955562e-06,-0.00040508456139588806,decile_1
2016-01-01,0.40101139937914576,0.20050569968957288,0.00040101139937914575,-0.00011189155913520827,-0.0021318401812727484,-0.0022434932054862244,-0.0026445046048653702,decile_1
2016-02-01,0.34841588686449027,0.17420794343224513,0.0003484158868644903,-0.00017486630416467552,-0.01764604261668078,-0.017817823222589957,-0.018166239109454446,decile_1
2016-03-01,0.32689926256891677,0.16344963128445839,0.00032689926256891677,-0.0006053919785022858,-0.0041157463429691435,-0.004718646681649896,-0.005045545944218813,decile_1
2016-04-01,0.5331157758460927,0.26655788792304635,0.0005331157758460927,-6.22343294374518e-05,-0.0069985012793523215,-0.007060300061755509,-0.007593415837601602,decile_1
2016-05-02,0.4358135568389183,0.21790677841945916,0.0004358135568389183,5.884280081164332e-05,0.012008851637816353,0.012068401073092927,0.011632587516254008,decile_1
2016-06-01,0.4571025336001073,0.22855126680005364,0.00045710253360010727,-0.0003901876854457937,0.0038483832856621826,0.0034566940084495013,0.002999591474849394,decile_1
2016-07-01,0.35561082720588355,0.17780541360294178,0.00035561082720588356,-0.00032680498448936144,0.009197696766389082,0.008867885928750763,0.00851227510154488,decile_1
2016-08-01,0.5075853269339514,0.2537926634669757,0.0005075853269339514,-3.695145676541734e-05,-0.009010825911494807,-0.009047444405116178,-0.00955502973205013,decile_1
2016-09-01,0.5080698276588598,0.2540349138294299,0.0005080698276588597,0.0009243469897765237,-0.004640796355379003,-0.0037207390717436395,-0.004228808899402499,decile_1
2016-10-03,0.42085712584731805,0.21042856292365902,0.00042085712584731804,0.0002911642447632985,-0.0067585946703003445,-0.00646939828664983,-0.006890255412497148,decile_1
2016-11-01,0.4109718132169639,0.20548590660848196,0.0004109718132169639,0.0004296025043224762,-0.02593804863565643,-0.025519589181985047,-0.025930560995202013,decile_1
2016-12-01,0.49693960989121866,0.24846980494560933,0.0004969396098912186,0.0003170911392707936,0.009854616016620958,0.010174831967311393,0.009677892357420174,decile_1
2017-01-02,0.6322332148424044,0.3161166074212022,0.0006322332148424043,0.0006074549626458751,0.011798248781391064,0.012412870648809582,0.011780637433967178,decile_1
2017-02-01,0.34151438343722373,0.17075719171861187,0.0003415143834372237,0.0002884651463625255,0.0005433854364844662,0.0008320073306065101,0.0004904929471692864,decile_1
2017-03-01,0.34168924627610925,0.17084462313805462,0.00034168924627610926,0.00020540857501370264,-0.001578766087748411,-0.0013736818048272204,-0.0017153710511033297,decile_1
2017-04-03,0.5009857530846328,0.2504928765423164,0.0005009857530846328,0.0003089214835905036,-0.013989120145579228,-0.01368452020173816,-0.014185505954822793,decile_1
2017-05-01,0.425569724883538,0.212784862441769,0.000425569724883538,0.0006694908125135578,0.013473219768826379,0.014151730778189986,0.013726161053306448,decile_1
2017-06-01,0.5878857892412811,0.29394289462064055,0.0005878857892412811,-7.56824145043548e-05,-0.012092655143313806,-0.012167422356479163,-0.012755308145720444,decile_1
2017-07-03,0.46811885227830935,0.23405942613915467,0.00046811885227830935,0.0001224875540922481,0.008551702021947032,0.008675237053103135,0.008207118200824827,decile_1
2017-08-01,0.3645556028604199,0.18227780143020994,0.00036455560286041986,0.00029123936586008945,-0.0010568289751215908,-0.0007658973994620899,-0.0011304530023225098,decile_1
2017-09-01,0.4609838416092584,0.2304919208046292,0.00046098384160925845,-0.00018182471579910413,-0.004364392638682197,-0.004545423800030091,-0.005006407641639349,decile_1
2017-10-02,0.4845211992667187,0.24226059963335936,0.0004845211992667187,-2.2247271095569704e-05,-0.003318763779337513,-0.0033409372169955764,-0.003825458416262295,decile_1
2017-11-01,0.45500427332457144,0.22750213666228572,0.00045500427332457143,0.0004195976542525385,-0.001133810282434433,-0.0007146883723168074,-0.0011696926456413789,decile_1
2017-12-01,0.4967490840575382,0.2483745420287691,0.0004967490840575382,0.0003783913490571061,0.005614041431430509,0.005994557085198471,0.005497808001140933,decile_1
2018-01-01,0.3785277447948807,0.18926387239744036,0.00037852774479488075,-9.38481448083064e-05,-0.0021496050562959937,-0.0022432514646576474,-0.002621779209452528,decile_1
2018-02-01,0.40025921373405127,0.20012960686702563,0.00040025921373405127,0.00027537509229653024,-0.00044579229318934864,-0.0001705399609865932,-0.0005707991747206445,decile_1
2018-03-01,0.5136066791350171,0.25680333956750856,0.0005136066791350171,0.0002531004998199071,0.010650817313134529,0.010906613540139887,0.01039300686100487,decile_1
2018-04-02,0.4559371690394126,0.2279685845197063,0.00045593716903941263,-8.138170031808835e-05,0.00862825004295728,0.008546166160979807,0.008090228991940394,decile_1
2018-05-01,0.4965161615788428,0.2482580807894214,0.0004965161615788429,0.0003935184262018902,-0.005525558454233095,-0.00513421443709805,-0.005630730598676893,decile_1
2018-06-01,0.4177097261050467,0.20885486305252335,0.0004177097261050467,-0.0005801696242167851,-0.019570604566064846,-0.020139419919984913,-0.02055712964608996,decile_1
2018-07-02,0.4548940899852747,0.22744704499263735,0.0004548940899852747,0.0001626183778443632,0.0007878086716843892,0.0009505551616968422,0.0004956610717115675,decile_1
2018-08-01,0.47507592779374996,0.23753796389687498,0.00047507592779374996,0.00023897297190315559,-0.004351587851896996,-0.00411365479187531,-0.00458873071966906,decile_1
2018-09-03,0.4186755193054189,0.20933775965270945,0.0004186755193054189,-0.00022626895888183836,-0.004596440527718721,-0.004821669454787791,-0.005240344974093211,decile_1
2018-10-01,0.3378741838380652,0.1689370919190326,0.0003378741838380652,0.0002714010554163256,0.0035815219668824134,0.0038538950511406433,0.003516020867302578,decile_1
2018-11-01,0.396601446341206,0.198300723170603,0.00039660144634120597,-0.00032649627650322826,0.0028782269476200885,0.0025507909407356255,0.0021541894943944194,decile_1
2018-12-03,0.38969201733956815,0.19484600866978408,0.00038969201733956817,0.00045324885017654934,-0.019644344176005007,-0.019199999102238796,-0.019589691119578364,decile_1
2019-01-01,0.36286102263805314,0.18143051131902657,0.00036286102263805313,0.00014604625135299987,-0.0007446114486691546,-0.0005986739450269951,-0.0009615349676650482,decile_1
2019-02-01,0.5103687246734129,0.25518436233670644,0.0005103687246734128,0.00018311206746821619,-0.0035573875769109283,-0.003374926910036713,-0.003885295634710126,decile_1
2019-03-01,0.4736432355433776,0.2368216177716888,0.0004736432355433776,-0.000268086034304835,-0.017303675418018985,-0.017567122578602157,-0.018040765814145536,decile_1
2019-04-01,0.318642464629174,0.159321232314587,0.000318642464629174,-0.0002867906234571347,0.017672792145054517,0.017380933130519916,0.017062290665890743,decile_1
2019-05-01,0.4721296707063718,0.2360648353531859,0.0004721296707063718,-0.001001019488716121,0.006936181824567393,0.005928219082667718,0.005456089411961347,decile_1
2019-06-03,0.38940482376040675,0.19470241188020337,0.00038940482376040677,-0.0004385545132664674,0.012692392776168038,0.012248271956765366,0.01185886713300496,decile_1
2019-07-01,0.5170249690575783,0.25851248452878917,0.0005170249690575784,0.00028358529532979614,-0.017610698806545318,-0.017332107646437556,-0.017849132615495134,decile_1
2019-08-01,0.46008841946598644,0.23004420973299322,0.00046008841946598646,0.0004796273929379767,0.014042631744146182,0.014528994367937642,0.014068905948471655,decile_1
2019-09-02,0.5351391708700826,0.2675695854350413,0.0005351391708700825,-6.183234866622754e-05,0.014761475605389908,0.014698730520017245,0.014163591349147162,decile_1
2019-10-01,0.5417430799909374,0.2708715399954687,0.0005417430799909374,-1.1358693315077206e-05,-0.004698630521102558,-0.004709935844114499,-0.005251678924105436,decile_1
2019-11-01,0.27311030613373993,0.13655515306686997,0.00027311030613373996,0.00037504875843117063,-0.00493780928555599,-0.004564612446366856,-0.004837722752500596,decile_1
2019-12-02,0.5853596015634359,0.29267980078171796,0.0005853596015634359,-0.0002964369301744656,-0.0020949137094437844,-0.0023907296298292247,-0.0029760892313926606,decile_1
2020-01-01,0.3738263898080204,0.1869131949040102,0.0003738263898080204,-0.0003099677891167399,0.011492676682727071,0.01117914653402785,0.01080532014421983,decile_1
2020-02-03,0.45212234941516183,0.22606117470758091,0.00045212234941516185,-4.216730374088077e-05,-0.003528538484868446,-0.00357055699965525,-0.004022679349070412,decile_1
2020-03-02,0.4582744109838544,0.2291372054919272,0.0004582744109838544,-8.620210546410285e-05,-0.014309241177430473,-0.014394209796177448,-0.014852484207161303,decile_1
2020-04-01,0.5197401069724001,0.25987005348620007,0.0005197401069724001,5.777689365453088e-05,0.010876217712732913,0.01093462300046144,0.01041488289348904,decile_1
2020-05-01,0.43082500629769516,0.21541250314884758,0.0004308250062976952,0.000705035163224235,-0.0004441732704234028,0.00026054873502667775,-0.00017027627127101744,decile_1
2020-06-01,0.3061979595566117,0.15309897977830586,0.0003061979595566117,0.00044752009136024996,0.005228947121048344,0.005678807271301878,0.005372609311745266,decile_1
2020-07-01,0.3494949329936092,0.1747474664968046,0.0003494949329936092,7.65478868541038e-05,0.025012268639487766,0.02509073116265159,0.024741236229657983,decile_1
2020-08-03,0.4271435009823899,0.21357175049119495,0.0004271435009823899,3.7657160730252914e-05,-0.018080884415842456,-0.018043908129882658,-0.018471051630865046,decile_1
2020-09-01,0.4586758733025529,0.22933793665127644,0.0004586758733025529,0.00047790522969917937,0.00032301423409778277,0.0008010738339887524,0.0003423979606861995,decile_1
2020-10-01,0.39239223532922274,0.19619611766461137,0.0003923922353292227,-0.0005212503389980047,-0.017839749697616036,-0.01835170106103645,-0.018744093296365675,decile_1
2020-11-02,0.5045852698083261,0.25229263490416304,0.0005045852698083261,0.0002008215947210082,0.01784840464822792,0.01805281058803354,0.017548225318225214,decile_1
2020-12-01,0.5172945291236223,0.25864726456181114,0.0005172945291236223,-0.00019969894707510893,-0.001874427353962593,-0.0020737519798686987,-0.002591046508992321,decile_1
2021-01-01,0.46487987337767006,0.23243993668883503,0.00046487987337767006,0.00029686747798229586,-0.01846713912994246,-0.018175753944979278,-0.01864063381835695,decile_1
2021-02-01,0.4460899110918888,0.2230449555459444,0.0004460899110918888,0.00012902097094054854,0.004971756447813239,0.005101418879598141,0.004655328968506252,decile_1
2021-03-01,0.33873064704784117,0.16936532352392059,0.0003387306470478412,3.4236966964652164e-05,0.015018613039237586,0.015053364197960661,0.01471463355091282,decile_1
2021-04-01,0.45067837153111034,0.22533918576555517,0.00045067837153111033,7.618441020203753e-05,-0.007014983108126283,-0.0069393331302750605,-0.0073900115018061706,decile_1
2021-05-03,0.5815227336227204,0.2907613668113602,0.0005815227336227204,0.0006356713054120843,0.006634716303283616,0.007274605107469245,0.006693082373846524,decile_1
2021-06-01,0.4199408608305035,0.20997043041525176,0.00041994086083050355,-0.0003012784641850992,0.008262393204888856,0.007958625459568491,0.0075386845987379875,decile_1
2021-07-01,0.43659320158512105,0.21829660079256052,0.00043659320158512103,0.000630167563131481,-0.00415450802110245,-0.003526958494166621,-0.003963551695751742,decile_1
2021-08-02,0.3997913999454564,0.1998956999727282,0.00039979139994545645,-0.00026271449672129863,0.021263735673881665,0.02099543488554434,0.020595643485598884,decile_1
2021-09-01,0.6219227247968494,0.3109613623984247,0.0006219227247968494,0.00029128362650633193,-0.00048058897657524916,-0.00018944533776887873,-0.0008113680625657281,decile_1
2021-10-01,0.462418925026662,0.231209462513331,0.000462418925026662,0.0003417460888695085,-0.004904102168450296,-0.004564032037316257,-0.005026450962342919,decile_1
2021-11-01,0.5739444794240816,0.2869722397120408,0.0005739444794240815,0.00035182289701168,-0.010240111615533034,-0.009891891424255728,-0.01046583590367981,decile_1
2021-12-01,0.4740601663684247,0.23703008318421234,0.0004740601663684247,0.00037195048841422667,-0.016639986194133115,-0.016274224956710936,-0.01674828512307936,decile_1
2022-01-03,0.46080932160982635,0.23040466080491318,0.00046080932160982635,0.00026878946954485137,-0.007987416061310981,-0.0077207735250922616,-0.008181582846702088,decile_1
2022-02-01,0.4553496820218443,0.22767484101092214,0.0004553496820218443,-0.0005903462736217926,0.005926047358181146,0.00533220266458434,0.004876852982562496,decile_1
2022-03-01,0.4821780854691629,0.24108904273458145,0.00048217808546916293,-0.0007982725363024141,0.015114196858181096,0.014303859073618641,0.013821680988149478,decile_1
2022-04-01,0.4920584588272397,0.24602922941361985,0.0004920584588272397,-0.0003520777963166124,0.012327002679468102,0.01197058481921287,0.01147852636038563,decile_1
2022-05-02,0.555732333480573,0.2778661667402865,0.0005557323334805731,-0.00039997398546081107,-0.007965612999041981,-0.00836240094652485,-0.008918133280005423,decile_1
2022-06-01,0.4562648822606891,0.22813244113034456,0.00045626488226068916,0.00016004252571526613,0.0018408510655003882,0.002001188205669635,0.001544923323408946,decile_1
2022-07-01,0.429936461900575,0.2149682309502875,0.000429936461900575,-0.0004787361707448248,0.0022102994158224925,0.0017305050947991063,0.0013005686328985313,decile_1
2022-08-01,0.5007886009887708,0.2503943004943854,0.0005007886009887707,-0.0009213950548807475,0.014531316459246088,0.013596532321238808,0.013095743720250037,decile_1
2022-09-01,0.4978994664109727,0.24894973320548636,0.0004978994664109728,-0.0005051049006327286,0.025547208400758362,0.02502919947996496,0.024531300013553987,decile_1
2022-10-03,0.5298430757146964,0.2649215378573482,0.0005298430757146963,0.00019175704217557442,0.007674512370781614,0.007867741054749633,0.007337897979034937,decile_1
2022-11-01,0.44067390819608465,0.22033695409804233,0.0004406739081960847,0.00010430627356989678,0.009261924347523333,0.009367196697908087,0.008926522789712002,decile_1
2022-12-01,0.5058046092129082,0.2529023046064541,0.0005058046092129082,-0.0002480716264896824,0.0008131162131072163,0.0005648428755562485,5.903826634334026e-05,decile_1
2023-01-02,0.435684217408258,0.217842108704129,0.00043568421740825805,0.0005657321107195238,-0.02104175392053078,-0.020487925805669938,-0.020923610023078194,decile_1
2023-02-01,0.589878799492114,0.294939399746057,0.000589878799492114,0.00042906611353291406,-0.010752950087749086,-0.010328497700719419,-0.010918376500211532,decile_1
2023-03-01,0.3531098149283949,0.17655490746419744,0.0003531098149283949,-0.00045795995965696037,0.002866409924680096,0.00240713726404973,0.002054027449121335,decile_1
2023-04-03,0.4755598515203461,0.23777992576017304,0.00047555985152034606,0.0003712662509280066,0.005999301841883701,0.006372795431115019,0.005897235579594673,decile_1
2023-05-01,0.319079755321494,0.159539877660747,0.00031907975532149404,0.0004418356747645445,-0.024878783889366096,-0.024447940548868452,-0.024767020304189945,decile_1
2023-06-01,0.6013122995029996,0.3006561497514998,0.0006013122995029996,-0.0004992594161613006,0.0011310733043808988,0.0006312491892221939,2.9936889719194308e-05,decile_1
2023-07-03,0.5264056404965585,0.26320282024827923,0.0005264056404965584,0.00010758218370370833,-0.007289265656386594,-0.00718246766779973,-0.0077088733082962884,decile_1
2023-08-01,0.4467443627702475,0.22337218138512374,0.0004467443627702475,-6.496827862356079e-05,-0.0017246675623028302,-0.0017895237922437301,-0.002236268155013978,decile_1
2023-09-01,0.4452707911378554,0.2226353955689277,0.0004452707911378554,8.984112205351456e-05,0.013019041717533849,0.013110052484903267,0.012664781693765411,decile_1
2023-10-02,0.5177577227664265,0.25887886138321325,0.0005177577227664266,0.0003210623904676225,-0.007289334039759964,-0.00697061198030402,-0.007488369703070446,decile_1
2023-11-01,0.5683209070296761,0.28416045351483804,0.0005683209070296761,-8.910097294868237e-05,0.006643979181163887,0.006554286223205974,0.005985965316176298,decile_1
2023-12-01,0.47443208629029376,0.23721604314514688,0.00047443208629029376,0.0001663597076005348,0.004048613459170132,0.004215646692921959,0.0037412146066316656,decile_1
2024-01-01,0.48530689685279804,0.24265344842639902,0.00048530689685279805,-3.28452199451907e-05,0.002928698779471539,0.002895757365770635,0.0024104504689178366,decile_1
2024-02-01,0.4941545468834154,0.2470772734417077,0.0004941545468834154,0.00023301939132766913,-0.011892803703511399,-0.011662555566063992,-0.012156710112947408,decile_1
2024-03-01,0.49679033734977346,0.24839516867488673,0.0004967903373497734,-0.0007747072969236891,-0.006365483574395893,-0.007135259484746026,-0.0076320498220957995,decile_1
2024-04-01,0.41975672578240253,0.20987836289120126,0.0004197567257824025,-0.0003424628846688377,0.00042492588206750827,8.231747605513817e-05,-0.00033743924972726435,decile_1
2024-05-01,0.5382503916656015,0.26912519583280076,0.0005382503916656015,0.0007177510420584693,-0.0053482812193526,-0.00463436891171265,-0.005172619303378251,decile_1
2024-06-03,0.31184407175392903,0.15592203587696452,0.00031184407175392906,-0.0002939786325339504,0.0074194352813798225,0.0071232754934076326,0.006811431421653704,decile_1
2024-07-01,0.41750001889451116,0.20875000944725558,0.0004175000188945112,9.305323854578388e-06,-0.015406037410967093,-0.015396875445280012,-0.015814375464174524,decile_1
2024-08-01,0.2693472333315175,0.13467361666575875,0.0002693472333315175,0.0003673502382378755,0.00755290878795442,0.007923033589035011,0.007653686355703493,decile_1
2024-09-02,0.4236901762545553,0.21184508812727765,0.0004236901762545553,0.0005636777853707041,0.010437416935617318,0.011006978061051553,0.010583287884796998,decile_1
2024-10-01,0.3741511991657238,0.1870755995828619,0.0003741511991657238,0.00020576915938172645,0.0305543768598624,0.030766433167686014,0.03039228196852029,decile_1
2024-11-01,0.38943959121447824,0.19471979560723912,0.00038943959121447825,0.00039168704696727923,-0.0046053726096669315,-0.0042154894274972765,-0.004604929018711755,decile_1
2024-12-02,0.4291285728665767,0.21456428643328834,0.0004291285728665767,0.00024000068999964255,-0.010018603168791166,-0.00978100695046491,-0.010210135523331486,decile_1
2025-01-01,0.35554973829565945,0.17777486914782972,0.00035554973829565945,0.00025804937358926455,-0.02070687153502096,-0.020454165556660242,-0.020809715294955903,decile_1
2025-02-03,0.318258151933824,0.159129075966912,0.000318258151933824,-0.00015428873135072383,0.014239536849122334,0.014083051117696144,0.01376479296576232,decile_1
2025-03-03,0.5732007867360775,0.2866003933680388,0.0005732007867360776,-0.00010172587026367077,-0.0038580348535724434,-0.003959368261883145,-0.0045325690486192225,decile_1
2025-04-01,0.41371595491816204,0.20685797745908102,0.00041371595491816206,-0.0003428072609197662,-0.00121240287874639,-0.0015547945191560775,-0.0019685104740742396,decile_1
2025-05-01,0.3865044172260982,0.1932522086130491,0.0003865044172260982,-0.0008233501876537298,-0.015509558622120915,-0.01632013901177276,-0.016706643428998857,decile_1
2025-06-02,0.4433805828787646,0.2216902914393823,0.00044338058287876457,-1.7187168634672873e-05,-0.000746117103654791,-0.0007632914486489506,-0.0012066720315277151,decile_1
2011-01-03,1.0,0.5,0.001,0.0,-0.0038095074322856103,-0.003809507432285586,-0.004809507432285586,decile_2
2011-02-01,0.8513133190296903,0.42565665951484516,0.0008513133190296904,-0.0002307943742811316,0.010719453890131628,0.01048618552619729,0.009634872207167598,decile_2
2011-03-01,0.9588830854589502,0.4794415427294751,0.0009588830854589502,-0.0009031447705512124,0.012444446098892855,0.011530062191924983,0.010571179106466034,decile_2
2011-04-01,1.1330887735172481,0.5665443867586241,0.001133088773517248,0.00041390200262790317,0.009802355215155854,0.010220314432237698,0.00908722565872045,decile_2
2011-05-02,1.0813770992234402,0.5406885496117201,0.0010813770992234401,-0.0006360525400832793,-0.012101737768028191,-0.012730092967064621,-0.013811470066288061,decile_2
2011-06-01,1.0178627070518886,0.5089313535259443,0.0010178627070518886,0.0005044050551305733,0.0015401851852665871,0.002045367117590402,0.0010275044105385134,decile_2
2011-07-01,0.875069211521387,0.4375346057606935,0.000875069211521387,0.00021208563748109985,-0.01948260601534365,-0.01927465235877901,-0.020149721570300396,decile_2
2011-08-01,1.0387096785481373,0.5193548392740687,0.0010387096785481375,-0.00010860363302159448,-0.021334358206711403,-0.02144064485092345,-0.022479354529471588,decile_2
2011-09-01,1.0055642357179906,0.5027821178589953,0.0010055642357179905,-0.00015727509478829154,0.010801182357284613,0.010642208505517337,0.009636644269799346,decile_2
2011-10-03,0.7020627737412928,0.3510313868706464,0.0007020627737412928,0.00017844258897235652,0.018082768970465117,0.018264438295548358,0.017562375521807064,decile_2
2011-11-01,0.7787588209730856,0.3893794104865428,0.0007787588209730856,-1.893001602942671e-05,-0.013314284231237768,-0.013332962207653232,-0.014111721028626317,decile_2
2011-12-01,0.7458273793013883,0.37291368965069416,0.0007458273793013884,0.0003536214213950731,-0.011907671047218987,-0.011558260433385148,-0.012304087812686536,decile_2
2012-01-02,0.8034146637516782,0.4017073318758391,0.0008034146637516783,-0.00029233513977137553,-0.005606884351609973,-0.005897580402060676,-0.006700995065812354,decile_2
2012-02-01,1.09031896428528,0.54515948214264,0.00109031896428528,0.00027663164277538766,7.559344754303203e-05,0.0003522460018579032,-0.0007380729624273767,decile_2
2012-03-01,0.7620002788545368,0.3810001394272684,0.0007620002788545368,-0.00025391491579220135,0.01249633089630281,0.012239242975703446,0.011477242696848909,decile_2
2012-04-02,0.891486457988278,0.445743228994139,0.000891486457988278,0.0005455111567941501,-0.014304929678169001,-0.01376722202011138,-0.014658708478099658,decile_2
2012-05-01,0.9197605983296023,0.45988029916480117,0.0009197605983296024,0.0004170019137972172,0.005245734085514797,0.0056649234804648785,0.004745162882135276,decile_2
2012-06-01,0.9676142075439021,0.4838071037719511,0.0009676142075439022,0.0001170210192943455,0.015491678698564645,0.015610512569890878,0.014642898362346975,decile_2
2012-07-02,0.8428757261909394,0.4214378630954697,0.0008428757261909394,4.843298041546068e-06,-0.003889136981110139,-0.0038843125193182004,-0.00472718824550914,decile_2
2012-08-01,0.9804692655373224,0.4902346327686612,0.0009804692655373225,-0.00012450566560064506,-0.010107581391477004,-0.010230828605928943,-0.011211297871466266,decile_2
2012-09-03,1.044498644756958,0.522249322378479,0.001044498644756958,0.000421069846293448,-0.022386641112521328,-0.02197499760576016,-0.023019496250517118,decile_2
2012-10-01,0.9528186164334214,0.4764093082167107,0.0009528186164334214,0.0005627877718485421,-0.01757546977658594,-0.017022573264212082,-0.017975391880645505,decile_2
2012-11-01,1.0381670250876083,0.5190835125438041,0.0010381670250876082,-6.126038710579029e-05,-0.021065551154698332,-0.021125521057985708,-0.022163688083073316,decile_2
2012-12-03,1.0653431871048489,0.5326715935524244,0.0010653431871048488,-0.00037575352608124307,0.0069261721486022386,0.00654781608891386,0.0054824729018090115,decile_2
2013-01-01,0.8821786961409915,0.44108934807049577,0.0008821786961409916,0.0001677278423137068,0.017754433231268026,0.01792513898635928,0.017042960290218286,decile_2
2013-02-01,1.0159865851551397,0.5079932925775699,0.0010159865851551398,0.001367818102769119,0.011399973587702748,0.01278338478071639,0.01176739819556125,decile_2
2013-03-01,0.7758267478518008,0.3879133739259004,0.0007758267478518009,-0.000812741211414001,0.0032817569821438084,0.002466348551584563,0.0016905218037327622,decile_2
2013-04-01,0.7326544596515593,0.36632722982577964,0.0007326544596515593,0.0005196131449016353,0.0309522179573046,0.03148791428152076,0.030755259821869198,decile_2
2013-05-01,1.0791538473916757,0.5395769236958379,0.0010791538473916757,0.0002729850997221301,-0.002359198612210937,-0.0020868575385571964,-0.003166011385948872,decile_2
2013-06-03,0.960563006932481,0.4802815034662405,0.000960563006932481,0.0009558735782157345,-0.011224253265242448,-0.010279108654158153,-0.011239671661090635,decile_2
2013-07-01,0.9588847969370083,0.47944239846850417,0.0009588847969370084,-0.00010121677425026823,0.00657243556807975,0.006470553553102443,0.005511668756165434,decile_2
2013-08-01,0.8506817226110774,0.4253408613055387,0.0008506817226110775,-3.2552803522805174e-05,0.007135919331324747,0.007103134233622077,0.0062524525110109995,decile_2
2013-09-02,0.996471710345739,0.4982358551728695,0.0009964717103457391,-0.00031828529997164894,-0.0025168684201604145,-0.0028343526379119854,-0.0038308243482577248,decile_2
2013-10-01,0.7329278661855844,0.3664639330927922,0.0007329278661855844,0.0004317302693075643,-0.0034995323209822456,-0.003069312905706112,-0.0038022407718916965,decile_2
2013-11-01,0.8754284293604813,0.43771421468024063,0.0008754284293604812,7.790346273514528e-05,-0.006263552705095983,-0.006186137194805541,-0.007061565624166022,decile_2
2013-12-02,0.8117350566963407,0.40586752834817036,0.0008117350566963407,-0.0001762836913718493,-0.0017773977166303041,-0.0019533680817717114,-0.0027651031384680522,decile_2
2014-01-01,0.9138850628234731,0.4569425314117366,0.0009138850628234731,0.0008295918144717481,0.004131454082711723,0.00496447331767258,0.004050588254849106,decile_2
2014-02-03,0.8003766413237958,0.4001883206618979,0.0008003766413237958,-0.0002456323881508051,-0.0076977842143895366,-0.007941525777420244,-0.00874190241874404,decile_2
2014-03-03,1.0348082173161783,0.5174041086580892,0.0010348082173161784,0.0008042102035595189,-0.015106449777215458,-0.01431438833470633,-0.015349196552022508,decile_2
2014-04-01,0.8861514644856366,0.4430757322428183,0.0008861514644856366,0.0006313837484265854,-0.0047706138564388295,-0.0041422421960711775,-0.005028393660556814,decile_2
2014-05-01,0.8509260556546154,0.4254630278273077,0.0008509260556546155,-0.00028489736204238,-0.022264178461267194,-0.022542732817597888,-0.023393658873252503,decile_2
2014-06-02,0.8989897497053378,0.4494948748526689,0.0008989897497053378,0.0005219972014365654,0.009106472539214924,0.009633223293831872,0.008734233544126535,decile_2
2014-07-01,0.7876034399621487,0.3938017199810743,0.0007876034399621486,0.0007859373756722085,0.003242730904868034,0.004031216863957576,0.0032436134239954275,decile_2
2014-08-01,0.8940114778985422,0.4470057389492711,0.0008940114778985422,0.0003614687494950076,0.023559605995009312,0.023929590805822132,0.023035579327923588,decile_2
2014-09-01,0.7518166566040416,0.3759083283020208,0.0007518166566040416,0.000514189140280698,-0.012819790018803675,-0.012312192675331346,-0.013064009331935387,decile_2
2014-10-01,0.85875796091504,0.42937898045752,0.00085875796091504,0.00027263250608233975,0.009973891586718197,0.010249243299859323,0.009390485338944283,decile_2
2014-11-03,0.9720025610732901,0.48600128053664504,0.0009720025610732901,0.0003257751986894867,-0.004055610335311908,-0.003731156353885101,-0.004703158914958391,decile_2
2014-12-01,0.881874097430262,0.440937048715131,0.000881874097430262,-0.00012790542047462738,-0.012300535338634105,-0.012426867453964152,-0.013308741551394413,decile_2
2015-01-01,0.851704708193556,0.425852354096778,0.0008517047081935561,0.00044591970559098486,0.001432018132056592,0.001878576402751575,0.001026871694558019,decile_2
2015-02-02,0.9785176690184963,0.4892588345092482,0.0009785176690184963,0.0006273253767228135,0.005792533080522322,0.006423492260242192,0.005444974591223695,decile_2
2015-03-02,0.8177939472517598,0.4088969736258799,0.0008177939472517598,-0.00029342661151493933,0.0014069574504848982,0.0011131180002126317,0.00029532405296087193,decile_2
2015-04-01,0.815932180545115,0.4079660902725575,0.000815932180545115,-0.0004941442663989085,0.021078501412194348,0.020573941325178202,0.019758009144633087,decile_2
2015-05-01,0.9947933140458528,0.4973966570229264,0.0009947933140458528,0.0003793318119361421,-0.001414793718628753,-0.0010359985829574425,-0.002030791897003295,decile_2
2015-06-01,0.966460083489352,0.483230041744676,0.000966460083489352,-0.0005068309829878099,0.028590711241761324,0.028069389600490657,0.027102929517001304,decile_2
2015-07-01,0.7841696922764967,0.39208484613824834,0.0007841696922764967,0.0006001588946232279,-0.017803300460941623,-0.017213826375443664,-0.01799799606772016,decile_2
2015-08-03,0.7995681346372695,0.39978406731863475,0.0007995681346372695,-0.0004387931336076116,0.025150689116503325,0.02470086003320593,0.02390129189856866,decile_2
2015-09-01,0.6521499267934239,0.32607496339671194,0.0006521499267934239,-0.0006667661542440328,-0.01224702062535181,-0.012905620880752422,-0.013557770807545846,decile_2
2015-10-01,1.0491995461057004,0.5245997730528502,0.0010491995461057004,0.0002027394632730967,-0.012981013630684655,-0.012780905931147779,-0.013830105477253479,decile_2
2015-11-02,0.7711873563496171,0.38559367817480855,0.0007711873563496171,-0.00024954560517379606,-0.022629927061710506,-0.02287382546804062,-0.023645012824390237,decile_2
2015-12-01,0.7598275984102162,0.3799137992051081,0.0007598275984102162,0.0001371008660171772,0.0027208360186742175,0.0028583099136656465,0.0020984823152554303,decile_2
2016-01-01,0.847833006086101,0.4239165030430505,0.000847833006086101,-0.00016320251963857077,-0.004716646403130467,-0.004879079154191834,-0.005726912160277936,decile_2
2016-02-01,0.7349551066798481,0.36747755333992405,0.0007349551066798481,-0.00027163841556760213,-0.022546214095943255,-0.02281172809363685,-0.0235466832003167,decile_2
2016-03-01,0.8333180311854359,0.41665901559271795,0.000833318031185436,0.00012486635367793973,0.005242305893153178,0.005367826834452805,0.004534508803267369,decile_2
2016-04-01,0.946964665207428,0.473482332603714,0.000946964665207428,-0.0006639318461786339,-0.005216043780383684,-0.005876512528985467,-0.006823477194192895,decile_2
2016-05-02,0.9545417010525525,0.47727085052627627,0.0009545417010525525,-0.000520090642519495,0.010579182995230942,0.01005359021863006,0.009099048517577507,decile_2
2016-06-01,1.0050256399646147,0.5025128199823073,0.0010050256399646146,3.2380454099824026e-05,0.002708825294660035,0.0027412934617530027,0.001736267821788388,decile_2
2016-07-01,0.8117699628465784,0.4058849814232892,0.0008117699628465785,-0.00020528078016158433,0.006166186821005398,0.005959640241202546,0.005147870278355967,decile_2
2016-08-01,0.9105244866788631,0.45526224333943155,0.0009105244866788631,0.0006358382625190171,-0.0028972252928695227,-0.00226322919704669,-0.0031737536837255532,decile_2
2016-09-01,0.8939624722449353,0.44698123612246765,0.0008939624722449353,8.073015076938422e-05,0.0003756143062817953,0.00045637478045090774,-0.0004375876917940276,decile_2
2016-10-03,0.876399547300036,0.438199773650018,0.0008763995473000361,0.0007070534928640893,-0.00897682327561472,-0.00827611687700236,-0.009152516424302396,decile_2
2016-11-01,0.8948021125753534,0.4474010562876767,0.0008948021125753533,0.00047509140256869834,-0.026437261063218837,-0.025974729776088834,-0.026869531888664186,decile_2
2016-12-01,0.9487621700774469,0.47438108503872345,0.0009487621700774469,-1.9185400458779595e-05,0.002791233736805218,0.0027719947854094595,0.0018232326153320125,decile_2
2017-01-02,0.9882217953063692,0.4941108976531846,0.0009882217953063692,0.00033241711111683177,0.007620983470570895,0.007955933926996783,0.006967712131690414,decile_2
2017-02-01,0.9289255532561347,0.46446277662806734,0.0009289255532561347,0.00045008439169983284,-0.0030840631458722506,-0.0026353668428573673,-0.003564292396113502,decile_2
2017-03-01,0.9652743347495272,0.4826371673747636,0.0009652743347495272,0.00038102383168917784,-0.0013919692311632685,-0.001011475772924042,-0.001976750107673569,decile_2
2017-04-03,1.0061533467034836,0.5030766733517418,0.0010061533467034835,0.001102550574461755,-0.011239718813325209,-0.01014956059729788,-0.011155713944001363,decile_2
2017-05-01,0.9043338297436649,0.45216691487183247,0.000904333829743665,-0.0011654760098545327,0.007186685154069686,0.00601283323507773,0.005108499405334066,decile_2
2017-06-01,1.047193910787458,0.523596955393729,0.001047193910787458,-0.00010743662412349532,-0.0134306662357484,-0.013536659914431759,-0.014583853825219217,decile_2
2017-07-03,0.8108467096490345,0.40542335482451725,0.0008108467096490345,-0.0002588815488804287,0.01289849063866793,0.01263626990855271,0.011825423198903676,decile_2
2017-08-01,0.8083495465136175,0.40417477325680873,0.0008083495465136174,-0.00036014309034185124,0.002102725842637366,0.0017418254701124791,0.0009334759235988617,decile_2
2017-09-01,0.9140230053973698,0.4570115026986849,0.0009140230053973699,-0.00020059201011612648,-0.0009206552371908289,-0.0011210625712223532,-0.002035085576619723,decile_2
2017-10-02,1.1151009363549715,0.5575504681774858,0.0011151009363549716,9.357730068536708e-05,-0.012397367164683358,-0.012304949976152835,-0.013420050912507807,decile_2
2017-11-01,0.901175657146522,0.450587828573261,0.000901175657146522,-8.051654616187549e-05,-0.00397460496752958,-0.004054801492227145,-0.0049559771493736665,decile_2
2017-12-01,1.081080582768286,0.540540291384143,0.001081080582768286,-0.000746432453377932,0.0008330942323876483,8.603993043809766e-05,-0.0009950406523301883,decile_2
2018-01-01,0.834717996764999,0.4173589983824995,0.000834717996764999,-0.0005371701674200789,-0.005063697680277238,-0.005598147780366602,-0.0064328657771316015,decile_2
2018-02-01,0.7809262819241133,0.39046314096205664,0.0007809262819241133,0.0010029774850766934,0.003443662820079523,0.004450094221430945,0.0036691679395068314,decile_2
2018-03-01,0.9889958262853284,0.4944979131426642,0.0009889958262853285,4.903976172353805e-05,0.009972189333144163,0.010021718128656376,0.009032722302371048,decile_2
2018-04-02,0.8402825517206306,0.4201412758603153,0.0008402825517206306,-0.0007660365383181393,0.013344309410241277,0.012568050643336104,0.011727768091615473,decile_2
2018-05-01,0.8898008844865041,0.44490044224325204,0.0008898008844865041,-0.00027732897956214144,-0.005041533138507552,-0.005317463954828905,-0.006207264839315409,decile_2
2018-06-01,0.9524375938201722,0.4762187969100861,0.0009524375938201723,-0.0002456117277146297,-0.01792743903063585,-0.018168647569076657,-0.01912108516289683,decile_2
2018-07-02,0.8659014359942947,0.43295071799714735,0.0008659014359942947,0.0005022999981277006,-0.001275740875339295,-0.0007740816818508911,-0.0016399831178451857,decile_2
2018-08-01,0.9195472152703417,0.45977360763517083,0.0009195472152703416,0.0006199388802870829,-0.0045029059446649675,-0.003885758590847388,-0.004805305806117729,decile_2
2018-09-03,0.7603620184452056,0.3801810092226028,0.0007603620184452055,-0.00011776543038875465,-0.011877218596810927,-0.01199358530143979,-0.012753947319884997,decile_2
2018-10-01,0.7389236678233607,0.36946183391168036,0.0007389236678233607,0.0003106592401774722,0.00046256430764563374,0.0007733672476994968,3.4443579876136145e-05,decile_2
2018-11-01,0.9243687387516076,0.4621843693758038,0.0009243687387516077,-0.00031246551807155034,0.007673656426004807,0.007358793154902621,0.006434424416151013,decile_2
2018-12-03,0.756034144531906,0.378017072265953,0.000756034144531906,0.0009591126247009339,-0.02029404484623498,-0.01935439649615245,-0.020110430640684355,decile_2
2019-01-01,0.9599854838827988,0.4799927419413994,0.0009599854838827989,0.00023982516985295675,-0.006133222025794502,-0.00589486775695558,-0.006854853240838378,decile_2
2019-02-01,0.9951612019898988,0.4975806009949494,0.0009951612019898988,0.0003153424865306389,-0.006874240892006493,-0.006561066145691852,-0.00755622734768175,decile_2
2019-03-01,0.9183743635766167,0.45918718178830836,0.0009183743635766167,0.00042691442107622524,-0.02014520120959495,-0.019726887065430576,-0.020645261429007192,decile_2
2019-04-01,0.8029495497267675,0.40147477486338373,0.0008029495497267674,-0.0003601044153860777,0.023790623672306804,0.02342195214829168,0.022619002598564912,decile_2
2019-05-01,0.9959693843765957,0.49798469218829783,0.0009959693843765956,-0.0005517822405652639,-0.003218871588786345,-0.0037688777131742457,-0.0047648470975508415,decile_2
2019-06-03,0.8806224901840465,0.44031124509202324,0.0008806224901840465,-0.00030075540074900174,0.014028629182957345,0.013723654596216495,0.012843032106032447,decile_2
2019-07-01,0.873344087401594,0.436672043700797,0.000873344087401594,0.0002121452570458951,-0.021939778036217848,-0.02173228719902298,-0.022605631286424576,decile_2
2019-08-01,1.009382930632452,0.504691465316226,0.001009382930632452,-0.0005250014162637309,0.010899048541312704,0.010368325109128884,0.009358942178496431,decile_2
2019-09-02,1.0559641524110908,0.5279820762055454,0.0010559641524110909,1.4115729981102715e-05,0.0188895813235324,0.01890396369374292,0.01784799954133183,decile_2
2019-10-01,0.9256810826938213,0.46284054134691066,0.0009256810826938213,-0.00012388881011027425,-0.0035601499747263078,-0.003683597722092369,-0.0046092788047861905,decile_2
2019-11-01,0.6216813814508682,0.3108406907254341,0.0006216813814508682,-0.00012297940480981832,-0.006804654741135126,-0.006926797313554833,-0.007548478695005701,decile_2
2019-12-02,1.0853014682644915,0.5426507341322457,0.0010853014682644915,0.0004222990418618171,-0.0014871189350830827,-0.001065447902122707,-0.0021507493703871988,decile_2
2020-01-01,0.7412768210087264,0.3706384105043632,0.0007412768210087264,-0.0003843132296097663,0.009571370072707367,0.009183378438953227,0.0084421016179445,decile_2
2020-02-03,0.9230897071216574,0.4615448535608287,0.0009230897071216574,-0.000195502277097245,-0.009597571827357751,-0.009791197757308079,-0.010714287464429737,decile_2
2020-03-02,0.8349445623941771,0.41747228119708857,0.0008349445623941771,-0.0005149371247203603,-0.013433603475854462,-0.013941623139426373,-0.01477656770182055,decile_2
2020-04-01,0.9128337895044186,0.4564168947522093,0.0009128337895044186,-0.00013903418214153185,0.012338518206156224,0.012197768548227073,0.011284934758722654,decile_2
2020-05-01,0.9943829128768267,0.49719145643841334,0.0009943829128768267,-0.0004618306619816656,0.0075880477145892685,0.007122712659508368,0.006128329746631541,decile_2
2020-06-01,0.8800344847322117,0.44001724236610584,0.0008800344847322118,0.000189616286274468,0.006545976760232789,0.0067368342703104656,0.005856799785578254,decile_2
2020-07-01,0.8477607920674248,0.4238803960337124,0.0008477607920674248,0.0002784046841428396,0.027703787703845652,0.027989905252253866,0.02714214446018644,decile_2
2020-08-03,0.9313654978849211,0.46568274894246053,0.0009313654978849211,0.00022744246251933225,-0.014234799479224796,-0.014010594614552563,-0.014941960112437484,decile_2
2020-09-01,0.8395572953803504,0.4197786476901752,0.0008395572953803504,-0.00047563340813766103,0.004750394934819748,0.0042725020801492875,0.003432944784768937,decile_2
2020-10-01,0.8774458969219824,0.4387229484609912,0.0008774458969219823,-7.280347202090397e-05,-0.008924448285668478,-0.008996602026868361,-0.009874047923790343,decile_2
2020-11-02,0.8565291685309702,0.4282645842654851,0.0008565291685309702,-0.00029808526731073606,0.01748475955447027,0.01718146233793383,0.01632493316940286,decile_2
2020-12-01,1.006832473902713,0.5034162369513565,0.0010068324739027131,-4.1552691923742096e-05,-0.002308391078501071,-0.0023498478505615816,-0.0033566803244642947,decile_2
2021-01-01,0.9264051642509735,0.46320258212548676,0.0009264051642509735,-0.00020737147105768643,-0.009709090719464632,-0.009914448802097242,-0.010840853966348216,decile_2
2021-02-01,0.93166573821941,0.465832869109705,0.00093166573821941,-0.0001973262962792114,0.003678840626033335,0.003480788397758783,0.002549122659539373,decile_2
2021-03-01,0.9040323290376602,0.4520161645188301,0.0009040323290376602,0.0002009257090943523,0.013677452674068858,0.013881126535040256,0.012977094206002595,decile_2
2021-04-01,1.044453728386224,0.522226864193112,0.001044453728386224,8.620853795893982e-05,-0.0009439207330849842,-0.0008577935691523875,-0.0019022472975386115,decile_2
2021-05-03,1.1203160155808067,0.5601580077904034,0.0011203160155808067,0.00042448167913700487,0.007383840707834037,0.00781145669207306,0.006691140676492253,decile_2
2021-06-01,0.9664172392374717,0.48320861961873585,0.0009664172392374718,0.00043095692402376676,0.0016769787503883847,0.0021086583800160597,0.001142241140778588,decile_2
2021-07-01,0.8098868675888948,0.4049434337944474,0.0008098868675888948,-0.00015307689973691102,-0.007038101948989468,-0.007190101477900002,-0.007999988345488896,decile_2
2021-08-02,0.8132967746716802,0.4066483873358401,0.0008132967746716801,-0.0006645428967209309,0.011948831022877589,0.011276347615376325,0.010463050840704645,decile_2
2021-09-01,1.0733897572039734,0.5366948786019867,0.0010733897572039735,-0.00037844273924037035,-0.008398716524253901,-0.008773980830206751,-0.009847370587410725,decile_2
2021-10-01,0.9148377107932759,0.45741885539663796,0.000914837710793276,4.420272153748023e-05,0.0021859663534489295,0.002230265700648326,0.0013154279898550502,decile_2
2021-11-01,1.0726175939373797,0.5363087969686898,0.0010726175939373796,-0.0002180185683096561,-0.006443487794782,-0.006660101563107701,-0.007732719157045081,decile_2
2021-12-01,1.0008124372502891,0.5004062186251446,0.0010008124372502892,-0.00044625406359796634,-0.01800756222709475,-0.018445780342873475,-0.019446592780123763,decile_2
2022-01-03,0.8131165379122175,0.40655826895610875,0.0008131165379122175,0.0007222635477491805,-0.011554827964725992,-0.010840910048016128,-0.011654026585928345,decile_2
2022-02-01,0.8918544591221269,0.44592722956106345,0.0008918544591221269,-5.16888450934267e-05,0.007658721896704341,0.007606637181121201,0.006714782721999074,decile_2
2022-03-01,1.0325467585875256,0.5162733792937628,0.0010325467585875258,0.00042567471508696785,0.015846788744745197,0.016279209037115994,0.015246662278528469,decile_2
2022-04-01,1.0320865981456908,0.5160432990728454,0.0010320865981456907,-0.000144008113912383,0.017018728813883895,0.016872269864933953,0.015840183266788262,decile_2
2022-05-02,1.163793537544443,0.5818967687722215,0.001163793537544443,0.00015248854917178915,-0.00846941135626784,-0.008318214295346182,-0.009482007832890625,decile_2
2022-06-01,0.9161953513596377,0.45809767567981885,0.0009161953513596377,9.753886232164867e-05,0.010139026268381044,0.010237554079790101,0.009321358728430464,decile_2
2022-07-01,1.0377201495357673,0.5188600747678837,0.0010377201495357672,3.0057623547451303e-05,0.005892758480188818,0.0059229932260524976,0.00488527307651673,decile_2
2022-08-01,0.9180387119510749,0.45901935597553745,0.000918038711951075,-0.00045948399710961336,0.010553059756127508,0.010088726796939396,0.00917068808498832,decile_2
2022-09-01,0.9647075091581283,0.48235375457906415,0.0009647075091581283,-0.00011206300157532025,0.026842400763478838,0.026727329721904614,0.025762622212746486,decile_2
2022-10-03,1.1533101672531063,0.5766550836265532,0.0011533101672531064,-0.0010721514466921036,0.007681325555197861,0.006600938564199188,0.005447628396946081,decile_2
2022-11-01,1.0712708772563588,0.5356354386281794,0.001071270877256359,-0.0005114409332537867,0.0013760546738071549,0.0008639099698666275,-0.00020736090738973146,decile_2
2022-12-01,1.1561233357084693,0.5780616678542346,0.0011561233357084693,0.0003777248328022079,0.0034982139824211167,0.003877260177514996,0.002721136841806527,decile_2
2023-01-02,0.9547233151823009,0.47736165759115046,0.0009547233151823009,0.0002131591402542619,-0.01590325287115269,-0.015693483654607654,-0.016648206969789955,decile_2
2023-02-01,1.0749155139588762,0.5374577569794381,0.0010749155139588762,0.00014130151279409599,-0.0023460418163969363,-0.0022050718028606697,-0.003279987316819546,decile_2
2023-03-01,0.8082055087800195,0.40410275439000976,0.0008082055087800195,0.0002205357485107974,0.0012805581397693057,0.0015013762971278766,0.000693170788347857,decile_2
2023-04-03,0.8039850209318895,0.40199251046594475,0.0008039850209318895,-7.861566357791757e-05,-1.0150379089150265e-05,-8.87652446882603e-05,-0.0008927502656201498,decile_2
2023-05-01,0.8929333290106479,0.44646666450532396,0.000892933329010648,0.0001873077700919799,-0.022427831894782185,-0.02224472503187036,-0.023137658360881008,decile_2
2023-06-01,1.2256033630135423,0.6128016815067712,0.0012256033630135424,0.00045009920500152447,0.007367087233790862,0.007820502358899528,0.006594898995885986,decile_2
2023-07-03,0.8453103529664105,0.4226551764832053,0.0008453103529664106,-0.000225138914913353,-0.002632855872799085,-0.002857402029398104,-0.0037027123823645145,decile_2
2023-08-01,0.8880520739587204,0.4440260369793602,0.0008880520739587204,0.0006497573903378362,0.0015461199074403176,0.0021968819006144003,0.0013088298266556797,decile_2
2023-09-01,1.0213697828951378,0.5106848914475689,0.0010213697828951379,8.294201714924168e-06,0.01021741787505605,0.01022579682209579,0.00920442703920065,decile_2
2023-10-02,0.824449847921532,0.412224923960766,0.000824449847921532,5.233849577494489e-05,-0.009882327767311055,-0.009830506497706226,-0.010654956345627757,decile_2
2023-11-01,1.0718086771687814,0.5359043385843907,0.0010718086771687814,-0.0005974673740896273,0.012072457931922246,0.011467777658093148,0.010395968980924366,decile_2
2023-12-01,0.9866781103233166,0.4933390551616583,0.0009866781103233166,0.0007283155577536439,0.001847665678229149,0.0025773269196416315,0.001590648809318315,decile_2
2024-01-01,0.9979360637308781,0.49896803186543903,0.000997936063730878,-3.9642286826509264e-05,0.008257950478413472,0.008217980827545546,0.007220044763814668,decile_2
2024-02-01,1.036850393827427,0.5184251969137135,0.001036850393827427,-0.0005417552708467288,-0.011702494737498834,-0.012237910120139528,-0.013274760513966956,decile_2
2024-03-01,0.9909395768415329,0.49546978842076644,0.000990939576841533,-0.0005855089287509932,-0.0007471549870868603,-0.001332226449921814,-0.002323166026763347,decile_2
2024-04-01,0.8118123669164166,0.4059061834582083,0.0008118123669164166,0.0002002515234499594,0.009282212333874128,0.009484322634484954,0.008672510267568538,decile_2
2024-05-01,0.986699809857071,0.4933499049285355,0.000986699809857071,0.0003404284703734179,-0.00650398339971775,-0.006165769070464511,-0.007152468880321582,decile_2
2024-06-03,0.8131017352632651,0.40655086763163256,0.0008131017352632651,-0.0001748687746328677,0.006701143411971276,0.006525102816601347,0.005712001081338082,decile_2
2024-07-01,0.8968256899847221,0.44841284499236106,0.0008968256899847221,-0.0003514962218365751,-0.017945933502684797,-0.018291121796697896,-0.019187947486682618,decile_2
2024-08-01,0.945690829940331,0.4728454149701655,0.0009456908299403311,3.712248573245362e-05,0.013974989012693404,0.0140126302847563,0.01306693945481597,decile_2
2024-09-02,0.9528649977193167,0.4764324988596583,0.0009528649977193167,-0.00011791616381964332,0.007585508671257979,0.007466698053355092,0.006513833055635776,decile_2
2024-10-01,0.8781563176797389,0.43907815883986945,0.0008781563176797389,0.00028658268334197325,0.03280020980958191,0.03309619246506523,0.03221803614738549,decile_2
2024-11-01,0.7747925157145142,0.3873962578572571,0.0007747925157145142,0.0003753509296374296,0.0009367708019320353,0.0013124733493607987,0.0005376808336462845,decile_2
2024-12-02,1.0679202041923896,0.5339601020961948,0.0010679202041923898,-0.0003681075106068655,-0.019799479407906984,-0.02016029858143764,-0.02122821878563003,decile_2
2025-01-01,0.8160535931899529,0.4080267965949764,0.0008160535931899528,0.0005358758457678386,-0.01433062984828182,-0.01380243344090426,-0.014618487034094213,decile_2
2025-02-03,0.8457709329195733,0.42288546645978664,0.0008457709329195733,6.322869133887761e-05,0.019291983171056924,0.019356431669245167,0.018510660736325592,decile_2
2025-03-03,1.0737249721015272,0.5368624860507636,0.0010737249721015272,-0.00035138456638038025,-0.00788251361791013,-0.00823112839066098,-0.009304853362762508,decile_2
2025-04-01,0.936447260223608,0.468223630111804,0.000936447260223608,-0.0007121755454266991,-0.007067031915632038,-0.00777417449374973,-0.008710621753973339,decile_2
2025-05-01,0.9369769195943657,0.46848845979718284,0.0009369769195943657,0.0003341638388938861,-0.01823111947935825,-0.017903047821337004,-0.01884002474093137,decile_2
2025-06-02,0.961617624504273,0.4808088122521365,0.0009616176245042731,0.0003203058883652285,0.008855423530602143,0.009178565863268151,0.008216948238763878,decile_2
2011-01-03,1.0,0.5,0.001,0.0,-0.008683746441264031,-0.008683746441264018,-0.009683746441264018,decile_3
2011-02-01,1.2235374944422408,0.6117687472211204,0.0012235374944422409,-0.0002505447693530031,0.009850810916887873,0.009597798078385678,0.008374260583943437,decile_3
2011-03-01,1.1718956696029728,0.5859478348014864,0.0011718956696029727,0.0001246960647927206,0.010141932525876933,0.010267893249745086,0.009095997580142113,decile_3
2011-04-01,1.2397488640842138,0.6198744320421069,0.0012397488640842138,0.00015499285770129666,0.015083041809533765,0.01524037243098797,0.014000623566903755,decile_3
2011-05-02,1.2932156984657044,0.6466078492328522,0.0012932156984657044,-3.484956955161856e-05,-0.007341584193408335,-0.007376177911910919,-0.008669393610376623,decile_3
2011-06-01,1.3349471086945497,0.6674735543472748,0.0013349471086945496,0.0003326302726550655,0.005180714864507166,0.005515068399760015,0.004180121291065465,decile_3
2011-07-01,1.00398691332358,0.50199345666179,0.0010039869133235799,-0.00025591318909800925,-0.023705479041161437,-0.023955325685518947,-0.024959312598842525,decile_3
2011-08-01,1.2977965780339533,0.6488982890169767,0.0012977965780339533,6.844692611049634e-05,-0.024102263635636556,-0.024035466435384123,-0.025333263013418077,decile_3
2011-09-01,1.2369783255536146,0.6184891627768073,0.0012369783255536146,2.9707778771583373e-06,0.012205234460482097,0.012208241497399852,0.010971263171846237,decile_3
2011-10-03,1.1229910014896007,0.5614955007448004,0.0011229910014896008,0.0005672950145054013,0.008425976091445669,0.00899805112018015,0.00787506011869055,decile_3
2011-11-01,1.0752725849150173,0.5376362924575087,0.0010752725849150174,8.971587893163566e-05,-0.004480312432992792,-0.004390998509228861,-0.0054662710941438784,decile_3
2011-12-01,0.9216571990261637,0.46082859951308186,0.0009216571990261637,-0.00014083906270149113,-0.005855173880291527,-0.00599518830579171,-0.006916845504817874,decile_3
2012-01-02,1.0239790113626621,0.5119895056813311,0.001023979011362662,0.0003155198881257209,-0.008053226673610485,-0.007740247738663886,-0.008764226750026548,decile_3
2012-02-01,1.1162749547254212,0.5581374773627106,0.0011162749547254211,4.443915808474886e-05,-0.0031054708440120464,-0.0030611696904371266,-0.004177444645162547,decile_3
2012-03-01,1.071860191804547,0.5359300959022735,0.001071860191804547,0.0003420254957151071,0.016433154749350077,0.016780800802964624,0.01570894061116008,decile_3
2012-04-02,1.04215264354912,0.52107632177456,0.00104215264354912,0.00016806302872495935,-0.008654027404018664,-0.008487418797350044,-0.009529571440899163,decile_3
2012-05-01,0.9935010471885213,0.49675052359426064,0.0009935010471885213,-0.0007249798587038558,-0.0012575819659567536,-0.001981650103064614,-0.002975151150253135,decile_3
2012-06-01,1.082263980411954,0.541131990205977,0.001082263980411954,-0.00015268071947458612,0.02229873269984642,0.022142647393819992,0.02106038341340804,decile_3
2012-07-02,1.0833668064361492,0.5416834032180746,0.0010833668064361493,-0.00024823148578153687,-0.0039556798358759806,-0.004202929397374655,-0.005286296203810804,decile_3
2012-08-01,1.1731948367127019,0.5865974183563509,0.001173194836712702,-0.00047366300199312456,-0.02071732884856452,-0.021181178818381885,-0.022354373655094587,decile_3
2012-09-03,1.2652822199114155,0.6326411099557078,0.0012652822199114156,0.0006787141233047872,-0.023630549713239656,-0.022967873977766562,-0.024233156197677977,decile_3
2012-10-01,1.126122414858664,0.563061207429332,0.001126122414858664,-0.00029538590784741,-0.021887886851697902,-0.022176807386216635,-0.0233029298010753,decile_3
2012-11-01,1.1927255939949044,0.5963627969974522,0.0011927255939949044,-0.00035483166532810436,-0.02615350005100336,-0.026499051626354242,-0.027691777220349146,decile_3
2012-12-03,1.1956487887295615,0.5978243943647807,0.0011956487887295616,-7.323045480731518e-05,0.0007620682063982319,0.0006887819449894472,-0.0005068668437401144,decile_3
2013-01-01,1.1861245516964505,0.5930622758482252,0.0011861245516964504,-0.00020040944577303586,0.01741029077120319,0.017206392138706006,0.016020267587009557,decile_3
2013-02-01,1.1852628122111148,0.5926314061055574,0.0011852628122111148,0.0003792157160770583,0.014518200521637077,0.014902921767521171,0.013717658955310056,decile_3
2013-03-01,1.1390814319623483,0.5695407159811742,0.0011390814319623484,8.906947151990046e-05,-0.009869268792595913,-0.009781078371631668,-0.010920159803594016,decile_3
2013-04-01,0.9143548593312514,0.4571774296656257,0.0009143548593312514,9.198468682037822e-05,0.030567212477171916,0.030662008879458913,0.029747654020127662,decile_3
2013-05-01,1.3011093790535062,0.6505546895267531,0.0013011093790535062,0.0008820897764068254,-0.010590434436896532,-0.009717686374434265,-0.01101879575348777,decile_3
2013-06-03,1.0956866336822717,0.5478433168411359,0.0010956866336822718,-0.0003807365833594945,-0.007614674199808154,-0.007992511598129304,-0.009088198231811576,decile_3
2013-07-01,1.0420128228146945,0.5210064114073473,0.0010420128228146946,0.00040934743499796935,0.008528347481756675,0.008941185973921018,0.007899173151106323,decile_3
2013-08-01,1.2055547414443386,0.6027773707221693,0.0012055547414443386,-3.776139380528643e-06,-0.0001487161828135731,-0.00015249176062104297,-0.0013580465020653816,decile_3
2013-09-02,1.2621607034032711,0.6310803517016356,0.0012621607034032712,-0.0005835964161074522,-0.001054827705929642,-0.0016378085283683674,-0.002899969231771639,decile_3
2013-10-01,0.8953302439024158,0.4476651219512079,0.0008953302439024158,0.0006096051818724655,-0.010503191442819682,-0.009899989060876857,-0.010795319304779272,decile_3
2013-11-01,1.2326324560387876,0.6163162280193938,0.0012326324560387877,0.00018530541593890553,-0.006772700288743723,-0.006588649890848952,-0.00782128234688774,decile_3
2013-12-02,0.885747420117972,0.442873710058986,0.0008857474201179721,0.0005666390749638131,0.005710284917345094,0.00628015966287232,0.005394412242754348,decile_3
2014-01-01,1.1508558948638794,0.5754279474319397,0.0011508558948638795,-0.00024125522293472036,0.007854465866636627,0.007611315712788169,0.00646045981792429,decile_3
2014-02-03,1.2854697803794368,0.6427348901897184,0.0012854697803794369,-0.0005430553711268596,-0.0047119548380031,-0.005252451356746679,-0.006537921137126116,decile_3
2014-03-03,1.1782001269128335,0.5891000634564167,0.0011782001269128334,3.43090849341308e-06,-0.018301889265128435,-0.01829852114874242,-0.01947672127565525,decile_3
2014-04-01,1.1453416814326234,0.5726708407163117,0.0011453416814326235,-0.0002910088720313509,-0.007355758914242927,-0.007644627195169673,-0.008789968876602296,decile_3
2014-05-01,1.124495969453322,0.562247984726661,0.0011244959694533222,0.0004549041766795754,-0.015618328955191553,-0.015170529621586493,-0.016295025591039815,decile_3
2014-06-02,1.2303365490492713,0.6151682745246356,0.0012303365490492714,0.0002760392297963436,0.010846600259708511,0.011125633576686278,0.009895297027637006,decile_3
2014-07-01,1.1898667268634213,0.5949333634317107,0.0011898667268634214,-0.000290874340519856,-0.0016056672090869158,-0.001896074502216294,-0.0030859412290797153,decile_3
2014-08-01,1.1446049414392503,0.5723024707196251,0.0011446049414392504,0.0005417654503135879,0.01747436787273593,0.018025600331828873,0.016880995390389623,decile_3
2014-09-01,1.0712196892639243,0.5356098446319622,0.0010712196892639244,-0.0004087999937332897,-0.024545974539905507,-0.024944740139400734,-0.02601595982866466,decile_3
2014-10-01,1.093061957178603,0.5465309785893016,0.001093061957178603,0.00019378937094626273,0.010096447284343939,0.01029219323945818,0.009199131282279577,decile_3
2014-11-03,1.1230448271129334,0.5615224135564667,0.0011230448271129334,5.2948212448411655e-05,-0.0070618413484245055,-0.007009267047851986,-0.00813231187496492,decile_3
2014-12-01,1.1256292091915165,0.5628146045957583,0.0011256292091915165,8.33651473550253e-05,-0.011021912110768056,-0.010939465806740212,-0.012065095015931728,decile_3
2015-01-01,1.2442042609715664,0.6221021304857832,0.0012442042609715665,0.0001923608696848146,-0.0025924472251153312,-0.002400585040833403,-0.0036447893018049693,decile_3
2015-02-02,1.3039689649728745,0.6519844824864373,0.0013039689649728746,-0.0001658388345360059,0.006783563244923213,0.006616599432164527,0.005312630467191652,decile_3
2015-03-02,0.8713775171290122,0.4356887585645061,0.0008713775171290122,0.00014186072046421878,0.007382902309410444,0.007525810373715469,0.006654432856586457,decile_3
2015-04-01,0.8413796213750511,0.42068981068752553,0.0008413796213750511,0.00016582555221188947,0.017413204828110672,0.01758191793462882,0.01674053831325377,decile_3
2015-05-01,1.0380131094086646,0.5190065547043323,0.0010380131094086646,0.0007021991102307932,-0.00358308315983272,-0.0028834000874087273,-0.003921413196817392,decile_3
2015-06-01,1.181613307624214,0.590806653812107,0.0011816133076242138,-0.00016319199326905186,0.02455614507422034,0.024388945714689747,0.023207332407065535,decile_3
2015-07-01,1.0795805194138854,0.5397902597069427,0.0010795805194138855,-0.0005275832180710347,-0.010925822210387817,-0.011447641148016996,-0.012527221667430881,decile_3
2015-08-03,1.0651257123502114,0.5325628561751057,0.0010651257123502115,0.0004792544947527519,0.028026976631262662,0.028519663180540222,0.027454537468190012,decile_3
2015-09-01,0.9773941546071476,0.4886970773035738,0.0009773941546071477,0.000262884241358197,-0.009509959367428746,-0.009249575144524291,-0.010226969299131439,decile_3
2015-10-01,1.1558644257095376,0.5779322128547688,0.0011558644257095377,-0.00042218952880266827,-0.012478059240725843,-0.012894980663577305,-0.014050845089286843,decile_3
2015-11-02,1.1082035204926888,0.5541017602463444,0.0011082035204926888,0.000207124815674489,-0.02613615116129213,-0.02593443979110932,-0.02704264331160201,decile_3
2015-12-01,1.1290141871208674,0.5645070935604337,0.0011290141871208674,-0.00045723147171349536,-0.0007161753520869411,-0.0011730793658901728,-0.0023020935530110405,decile_3
2016-01-01,1.2275588099002828,0.6137794049501414,0.0012275588099002828,0.00011277327113926836,-0.0019299539329889453,-0.001817398309067797,-0.00304495711896808,decile_3
2016-02-01,1.0568892250493167,0.5284446125246584,0.0010568892250493167,0.00024406207150910096,-0.015901422830542987,-0.0156612416932298,-0.016718130918279117,decile_3
2016-03-01,1.0304420259680382,0.5152210129840191,0.0010304420259680382,0.0003015713882096276,0.001069337014903659,0.0013712308845612586,0.00034078885859322046,decile_3
2016-04-01,0.8133611259100827,0.40668056295504135,0.0008133611259100827,9.624441374366899e-05,-0.01169522255694066,-0.011600103743035661,-0.012413464868945744,decile_3
2016-05-02,1.0662675718951649,0.5331337859475824,0.0010662675718951648,-4.11990635389871e-05,0.011814229038268134,0.011772543239556343,0.01070627566766118,decile_3
2016-06-01,1.1623984962362348,0.5811992481181174,0.0011623984962362349,-0.0007373292959261736,0.006522322978029313,0.005780184582294012,0.004617786086057778,decile_3
2016-07-01,0.9634356705863887,0.48171783529319434,0.0009634356705863887,-0.000278896695552223,0.003894104696611091,0.003614121948126714,0.002650686277540325,decile_3
2016-08-01,1.1172666799064905,0.5586333399532453,0.0011172666799064905,-0.00032581757972117965,-0.008557103219992394,-0.008880132745052949,-0.00999739942495944,decile_3
2016-09-01,1.1605274400351882,0.5802637200175941,0.0011605274400351881,-0.00012947387343031143,-0.002729061118634137,-0.002858181649950553,-0.004018709089985742,decile_3
2016-10-03,1.3696201824370893,0.6848100912185446,0.0013696201824370893,-0.0007545960756467497,-0.009543845907032342,-0.010291240234011179,-0.011660860416448269,decile_3
2016-11-01,1.0861891256933887,0.5430945628466943,0.0010861891256933886,-0.00013939489750316495,-0.01810429191750138,-0.018241163169088304,-0.01932735229478169,decile_3
2016-12-01,1.1652839977390563,0.5826419988695282,0.0011652839977390563,-0.0005308994100526356,-0.00015856696043395682,-0.0006893821873809047,-0.001854666185119961,decile_3
2017-01-02,1.2307683022032336,0.6153841511016168,0.0012307683022032337,0.0006293043968596981,0.01679093941294733,0.017430810421807053,0.016200042119603818,decile_3
2017-02-01,1.2390782224639487,0.6195391112319744,0.0012390782224639487,-0.0004267218851258974,-0.00549539414703944,-0.005919771027215526,-0.007158849249679474,decile_3
2017-03-01,1.0766377451042466,0.5383188725521233,0.0010766377451042466,7.620716730071393e-05,-0.007727488142778363,-0.007651869865459404,-0.008728507610563652,decile_3
2017-04-03,1.1151999981547238,0.5575999990773619,0.001115199998154724,-0.0005755848080877903,-0.010937417702959359,-0.011506707099577573,-0.012621907097732298,decile_3
2017-05-01,1.0354422495180484,0.5177211247590242,0.0010354422495180485,0.0002274936994738312,6.70123379225121e-05,0.0002945212822809129,-0.0007409209672371356,decile_3
2017-06-01,1.095824878560033,0.5479124392800165,0.0010958248785600331,-9.892355031618669e-05,-0.01647424342284689,-0.016571537282514814,-0.017667362161074847,decile_3
2017-07-03,1.0116979055850053,0.5058489527925026,0.0010116979055850052,0.000426968171909632,0.007008164724064481,0.007438125159254794,0.0064264272536697885,decile_3
2017-08-01,0.991280422350737,0.4956402111753685,0.000991280422350737,-0.0003201160912071109,0.0076791422613285585,0.007356567953116899,0.006365287530766163,decile_3
2017-09-01,0.9206815374959099,0.46034076874795493,0.0009206815374959099,-0.00022204525627767153,-0.00800470187123639,-0.008224969721435604,-0.009145651258931515,decile_3
2017-10-02,1.2713578381315596,0.6356789190657798,0.0012713578381315597,0.00017582458680420396,-0.014069484425963969,-0.013896133600445504,-0.015167491438577064,decile_3
2017-11-01,1.158945287417911,0.5794726437089555,0.0011589452874179109,-0.0007981418959192681,-0.0034713480144725126,-0.004266719282106091,-0.005425664569524001,decile_3
2017-12-01,1.2211786591690044,0.6105893295845022,0.0012211786591690044,-0.0005886841730387731,-0.002231106107248244,-0.0028184768634332835,-0.0040396555226022875,decile_3
2018-01-01,1.1620174484301007,0.5810087242150503,0.0011620174484301008,0.0009110493986641251,-0.0029484103545163983,-0.0020400471033327205,-0.0032020645517628213,decile_3
2018-02-01,0.9580075127641078,0.4790037563820539,0.0009580075127641078,0.00027910337210474497,0.00405235561308435,0.004332590011305593,0.0033745824985414847,decile_3
2018-03-01,1.12881580958256,0.56440790479128,0.00112881580958256,0.00048697543456671687,0.008243522706448979,0.008734512534068095,0.007605696724485535,decile_3
2018-04-02,1.1424039311714562,0.5712019655857281,0.0011424039311714563,0.000147776147316207,0.009562713783429369,0.00971190307174652,0.008569499140575063,decile_3
2018-05-01,0.7909550369445317,0.39547751847226587,0.0007909550369445317,0.00040987669697341826,0.0008556440234791722,0.0012658714289988104,0.0004749163920542787,decile_3
2018-06-01,1.2492436521190666,0.6246218260595333,0.0012492436521190666,0.00038806879798676866,-0.021186773013836157,-0.02080692614138624,-0.022056169793505307,decile_3
2018-07-02,0.9714016627452668,0.4857008313726334,0.0009714016627452669,0.0006381070262062869,-0.001066434842376839,-0.0004290083157364455,-0.0014004099784817124,decile_3
2018-08-01,1.1378490310371716,0.5689245155185858,0.0011378490310371716,0.0005111192757342966,-0.009167816323978596,-0.008661382895883807,-0.009799231926920978,decile_3
2018-09-03,1.1919898857880917,0.5959949428940459,0.0011919898857880918,0.00016127558857805804,-0.004716012282184365,-0.0045554972712628095,-0.005747487157050901,decile_3
2018-10-01,1.061581069811289,0.5307905349056445,0.0010615810698112892,0.00033089154153202293,0.0035249045718711825,0.003856962474510839,0.0027953814046995495,decile_3
2018-11-01,1.0793154467506172,0.5396577233753086,0.0010793154467506171,0.00020270701012574998,-1.7365655153745146e-05,0.00018533783483198896,-0.0008939776119186282,decile_3
2018-12-03,1.1684104553483725,0.5842052276741863,0.0011684104553483724,-0.00021923513083621816,-0.01618182068766243,-0.016397508194923027,-0.0175659186502714,decile_3
2019-01-01,1.2407887438341407,0.6203943719170704,0.0012407887438341408,0.00043040470636071206,-0.004436340604365574,-0.004007845319879966,-0.005248634063714106,decile_3
2019-02-01,1.2337019982204964,0.6168509991102482,0.0012337019982204965,8.052725127816662e-06,-0.0063180922345999965,-0.006310090387332323,-0.007543792385552819,decile_3
2019-03-01,0.9756727153045159,0.48783635765225797,0.0009756727153045159,0.00031326782099209825,-0.01578079090636009,-0.015472466699348764,-0.01644813941465328,decile_3
2019-04-01,0.9639394938794315,0.4819697469397157,0.0009639394938794315,-0.0002870860005615383,0.02220434003843353,0.02191087948269521,0.02094693998881578,decile_3
2019-05-01,1.266050025465577,0.6330250127327886,0.001266050025465577,0.00024106843916601008,0.0011240529619394146,0.0013653923747984908,9.934234933291382e-05,decile_3
2019-06-03,1.17946684059562,0.58973342029781,0.00117946684059562,-0.00017846266303907314,0.012025305672590938,0.011844696941477606,0.010665230100881986,decile_3
2019-07-01,0.9167556457966455,0.45837782289832274,0.0009167556457966455,0.00033620904198005167,-0.019438768550246024,-0.019109094998017606,-0.020025850643814253,decile_3
2019-08-01,1.12898263391206,0.56449131695603,0.0011289826339120602,-4.539572073412646e-05,0.01502076456738591,0.014974686968218132,0.013845704334306071,decile_3
2019-09-02,1.1898735186007956,0.5949367593003978,0.0011898735186007957,-0.00024778453099126937,0.018682856492375888,0.01843044263855087,0.017240569119950075,decile_3
2019-10-01,1.2294284599725487,0.6147142299862743,0.0012294284599725486,0.0005705636598552223,-0.006455234208974092,-0.005888353671174351,-0.0071177821311469,decile_3
2019-11-01,1.0038639211970404,0.5019319605985202,0.0010038639211970403,1.9934259379699023e-05,-0.005124340377205531,-0.005104508267756103,-0.006108372188953143,decile_3
2019-12-02,1.1488280258763504,0.5744140129381752,0.0011488280258763503,-7.1725275842494e-05,-0.007118463935895025,-0.007189678637948171,-0.008338506663824522,decile_3
2020-01-01,0.9335258930340347,0.46676294651701733,0.0009335258930340347,0.00013254659724527696,0.009157177369741138,0.009290937719687253,0.008357411826653218,decile_3
2020-02-03,1.0636875498784537,0.5318437749392269,0.0010636875498784538,5.232836414863054e-05,-0.0074110322724230656,-0.007359091715469779,-0.008422779265348233,decile_3
2020-03-02,1.0711302483669218,0.5355651241834609,0.0010711302483669219,-2.3105076403348265e-05,-0.018591991340649747,-0.018614666847672656,-0.019685797096039577,decile_3
2020-04-01,1.150453505419134,0.575226752709567,0.0011504535054191341,-0.00013823146566441631,0.011031770415622859,0.010892014012165108,0.009741560506745973,decile_3
2020-05-01,1.3144781424871599,0.6572390712435799,0.0013144781424871599,-0.0001426999177298436,0.0029091274174211953,0.002766012367448223,0.001451534224961063,decile_3
2020-06-01,1.1844693002928757,0.5922346501464378,0.0011844693002928757,0.0011010757107183364,0.0060868923329462695,0.0071946701729661555,0.006010200872673279,decile_3
2020-07-01,1.0523801654776936,0.5261900827388468,0.0010523801654776937,-4.6588528172694784e-05,0.02378750951013281,0.023739812756903067,0.022687432591425374,decile_3
2020-08-03,1.1397129361498477,0.5698564680749238,0.0011397129361498477,-0.0005489619144594492,-0.013802178417678824,-0.014343563461850395,-0.015483276398000243,decile_3
2020-09-01,1.19487760670683,0.597438803353415,0.0011948776067068302,0.0005000775206762841,0.003869778541371038,0.004371791251305934,0.003176913644599104,decile_3
2020-10-01,1.1935134058245584,0.5967567029122792,0.0011935134058245584,0.0006563053711977147,-0.016032709359245667,-0.015386926341315332,-0.01658043974713989,decile_3
2020-11-02,0.9231980148326839,0.46159900741634197,0.000923198014832684,-0.00011336982211948771,0.019810956044990433,0.01969534025830799,0.018772142243475308,decile_3
2020-12-01,1.258420072971922,0.629210036485961,0.001258420072971922,0.0006600797348879505,-0.006717955879536141,-0.006062310531184223,-0.0073207306041561445,decile_3
2021-01-01,1.1631030525748456,0.5815515262874228,0.0011631030525748457,0.00018792642385992133,-0.014152863153180609,-0.013967596426280426,-0.015130699478855272,decile_3
2021-02-01,1.0720934451381041,0.5360467225690521,0.0010720934451381042,0.0005555672263582948,0.009756941029975909,0.010317928892999761,0.009245835447861657,decile_3
2021-03-01,0.9903202320275982,0.4951601160137991,0.0009903202320275984,0.00032549285785042257,0.015044430317671425,0.015374820030140679,0.014384499798113081,decile_3
2021-04-01,1.3049447817533095,0.6524723908766548,0.0013049447817533096,3.127073862049588e-05,0.00035431078529575273,0.0003855926034761481,-0.0009193521782771615,decile_3
2021-05-03,1.120516073227896,0.560258036613948,0.001120516073227896,0.00018406287029708177,0.006658387289237926,0.00684367572141098,0.005723159648183084,decile_3
2021-06-01,1.30723223984455,0.653616119922275,0.00130723223984455,0.0001529093756219235,0.004871184895304598,0.005024839120767455,0.003717606880922905,decile_3
2021-07-01,1.0709594072680484,0.5354797036340242,0.0010709594072680485,0.0008364417821635107,-0.006496384155082781,-0.00566537622005947,-0.006736335627327519,decile_3
2021-08-02,1.0969563264760036,0.5484781632380018,0.0010969563264760036,-0.00022341283663674367,0.011229130435636104,0.011003208867115699,0.009906252540639695,decile_3
2021-09-01,1.3403512510781292,0.6701756255390646,0.0013403512510781293,-0.00013057455471210676,-0.00409451714278059,-0.004224557057740053,-0.0055649083088181815,decile_3
2021-10-01,1.0930631016018608,0.5465315508009304,0.0010930631016018608,0.00016405451217035394,-0.0008021271514549457,-0.0006382042318631154,-0.0017312673334649762,decile_3
2021-11-01,1.161777244794504,0.580888622397252,0.001161777244794504,9.070717623945053e-05,-0.006661503098778667,-0.006571400168674746,-0.00773317741346925,decile_3
2021-12-01,1.253467280586189,0.6267336402930945,0.0012534672805861891,-0.0004286718854726128,-0.018710439641186932,-0.019131090887220426,-0.020384558167806613,decile_3
2022-01-03,1.27093457161179,0.635467285805895,0.0012709345716117898,-0.0006566839046192919,-0.008512675219841526,-0.009163768987658694,-0.010434703559270484,decile_3
2022-02-01,1.0750074925475162,0.5375037462737581,0.0010750074925475162,-0.00022709395924155526,0.012558735550306298,0.012328789578085475,0.011253782085537959,decile_3
2022-03-01,1.0790973502973933,0.5395486751486966,0.0010790973502973933,-0.0002364779530087818,0.018663397610850625,0.018422506175778564,0.01734340882548117,decile_3
2022-04-01,1.147271430694877,0.5736357153474385,0.001147271430694877,-0.0004210402518378017,0.008741809219693303,0.008317088314300225,0.007169816883605348,decile_3
2022-05-02,1.339131390573263,0.6695656952866315,0.0013391313905732629,-0.00013922763399506135,-0.0036026160177760748,-0.0037413420680668663,-0.00508047345864013,decile_3
2022-06-01,1.2602477720090253,0.6301238860045126,0.0012602477720090252,0.0002571215322242699,0.008172774833023031,0.008431997761634724,0.007171749989625699,decile_3
2022-07-01,1.0828766496256534,0.5414383248128267,0.0010828766496256534,0.00014167187190531992,0.0024119397701372622,0.0025539533460647856,0.0014710766964391323,decile_3
2022-08-01,1.0024569379223582,0.5012284689611791,0.0010024569379223584,-0.00015242933217921424,0.004976793196254098,0.004823605254811625,0.0038211483168892665,decile_3
2022-09-01,1.0479599245317524,0.5239799622658762,0.0010479599245317524,-0.0005656122480852996,0.0374575107281139,0.036870712053177934,0.03582275212864618,decile_3
2022-10-03,1.1378770070329551,0.5689385035164776,0.0011378770070329552,9.721676181984154e-05,0.009264669446109682,0.009362786889092423,0.008224909882059468,decile_3
2022-11-01,1.1141701804544077,0.5570850902272039,0.0011141701804544078,-0.00020797318237010802,-0.002980332319498853,-0.003187685672672025,-0.004301855853126433,decile_3
2022-12-01,1.347214794489294,0.673607397244647,0.001347214794489294,-0.0008025305164352609,0.0038879798000284005,0.0030823290611563525,0.0017351142666670585,decile_3
2023-01-02,1.2616248970595745,0.6308124485297872,0.0012616248970595744,-3.389067711626146e-07,-0.020055912129084794,-0.020056244238771503,-0.02131786913583108,decile_3
2023-02-01,1.0445511184820764,0.5222755592410382,0.0010445511184820765,0.0002980220759051351,-0.006379215995688232,-0.006083095066976685,-0.007127646185458761,decile_3
2023-03-01,1.0042208724227906,0.5021104362113953,0.0010042208724227906,-8.252996753879146e-05,0.0051906261140121064,0.00510766776426852,0.004103446891845729,decile_3
2023-04-03,0.8870507942137328,0.4435253971068664,0.0008870507942137328,-0.0005930117825664723,0.00217501465974991,0.0015807130678628933,0.0006936622736491606,decile_3
2023-05-01,1.1273567960150144,0.5636783980075072,0.0011273567960150145,0.0001906288298878004,-0.02744254527652193,-0.027257147786929226,-0.02838450458294424,decile_3
2023-06-01,1.3426352019373955,0.6713176009686977,0.0013426352019373954,0.0003097886349484266,0.00516152348886592,0.0054729111051301516,0.004130275903192756,decile_3
2023-07-03,1.1565102151989868,0.5782551075994934,0.0011565102151989868,0.0013124924329841613,0.0020603771993602886,0.003375573861827741,0.0022190636466287543,decile_3
2023-08-01,1.0710813289780148,0.5355406644890074,0.0010710813289780147,-0.0006866626053735057,-0.004225454597093552,-0.004909215740804607,-0.005980297069782621,decile_3
2023-09-01,1.1035420815291193,0.5517710407645596,0.0011035420815291193,0.00012410588988475866,0.01635600322914542,0.01648213899536577,0.01537859691383665,decile_3
2023-10-02,1.1501552906519752,0.5750776453259876,0.0011501552906519753,0.0002802779295587824,-0.011196690808054126,-0.010919551063812927,-0.012069706354464901,decile_3
2023-11-01,1.2670924170813516,0.6335462085406758,0.0012670924170813515,9.363081784416298e-05,0.0010574841911282931,0.001151214022082181,-0.00011587839499917056,decile_3
2023-12-01,1.00779758031355,0.503898790156775,0.00100779758031355,-7.905310078161124e-05,0.0005781075208356843,0.000499008718862104,-0.000508788861451446,decile_3
2024-01-01,1.1921881532468261,0.5960940766234131,0.001192188153246826,0.00021612080048090927,0.0031987176877418012,0.003415529797649919,0.0022233416444030927,decile_3
2024-02-01,1.4591190504124185,0.7295595252062093,0.0014591190504124186,-0.00039045216059457383,-0.015630295402846463,-0.016014644680830137,-0.017473763731242556,decile_3
2024-03-01,1.3023396544714498,0.6511698272357249,0.00130233965447145,-0.0003516947510816171,-0.00829236308547462,-0.008641141455985046,-0.009943481110456497,decile_3
2024-04-01,0.9149965608535529,0.4574982804267764,0.0009149965608535529,-0.0002249858186240554,0.008811488678434658,0.008584520399816942,0.0076695238389633885,decile_3
2024-05-01,0.8862561884996643,0.4431280942498321,0.0008862561884996643,-0.00045962959850674566,-7.0533351384698476e-06,-0.0004666796917236482,-0.0013529358802233126,decile_3
2024-06-03,1.1146858913933464,0.5573429456966732,0.0011146858913933463,0.00041097566253389456,0.00211449938993937,0.0025263440602609766,0.0014116581688676303,decile_3
2024-07-01,1.1196056264471865,0.5598028132235933,0.0011196056264471865,0.0003118840745729639,-0.014965943709694719,-0.014658727274625694,-0.01577833290107288,decile_3
2024-08-01,1.0505769688202105,0.5252884844101052,0.0010505769688202106,-0.00027103411692316166,0.01163317124985824,0.011358984146638385,0.010308407177818174,decile_3
2024-09-02,1.1574161188880863,0.5787080594440431,0.0011574161188880863,0.0009181779179568887,0.004956266898030958,0.005878995550808952,0.0047215794319208654,decile_3
2024-10-01,1.145034208592407,0.5725171042962035,0.001145034208592407,0.0007765042324593158,0.030653315906741797,0.0314536225687414,0.030308588360148995,decile_3
2024-11-01,1.0024159903008811,0.5012079951504406,0.0010024159903008812,-0.0002709089329319505,-0.008073801159060348,-0.008342522827135546,-0.009344938817436426,decile_3
2024-12-02,1.2680792132637833,0.6340396066318916,0.0012680792132637832,-0.00013155717123604783,-0.007299250434802558,-0.0074298473372992335,-0.008697926550563017,decile_3
2025-01-01,1.1738945977409125,0.5869472988704563,0.0011738945977409125,-0.0005130383956125339,-0.01761930678313523,-0.01812330579786403,-0.019297200395604945,decile_3
2025-02-03,1.2266963085491578,0.6133481542745789,0.0012266963085491578,-0.00019611725817756214,0.01661581199070044,0.01641643608503296,0.015189739776483802,decile_3
2025-03-03,1.1524030413430832,0.5762015206715416,0.0011524030413430832,0.000923439346453984,-0.002956644226752998,-0.002035935161911584,-0.003188338203254667,decile_3
2025-04-01,1.3095900017177518,0.6547950008588759,0.0013095900017177518,0.00042359723073308797,-0.0034572698888367024,-0.0030351371480542566,-0.004344727149772009,decile_3
2025-05-01,1.2422759468481341,0.6211379734240671,0.0012422759468481341,0.0005859611485013056,-0.01289476934037029,-0.012316364025721338,-0.013558639972569472,decile_3
2025-06-02,1.223758446710264,0.611879223355132,0.001223758446710264,-0.00022159948217831976,0.0011377337917663128,0.0009158821883690216,-0.0003078762583412424,decile_3
2011-01-03,1.0,0.5,0.001,0.0,-0.004892149915255022,-0.004892149915254995,-0.005892149915254995,decile_4
2011-02-01,1.384233264721468,0.692116632360734,0.001384233264721468,-0.0002264405902207209,0.0016749865193752722,0.0014481666442185404,6.39333794970724e-05,decile_4
2011-03-01,1.531081308033213,0.7655406540166065,0.0015310813080332132,0.0008426721383216059,0.015603948701801908,0.016459769852942285,0.014928688544909072,decile_4
2011-04-01,1.2901612089727648,0.6450806044863824,0.0012901612089727648,0.00043903596686766726,0.010927749260895073,0.011371582902724997,0.010081421693752233,decile_4
2011-05-02,1.3399791780604369,0.6699895890302184,0.0013399791780604369,0.0005081103235239206,-0.014631882538943052,-0.014131206825989895,-0.015471186004050331,decile_4
2011-06-01,1.3446424007680153,0.6723212003840077,0.0013446424007680154,-1.5418460417337116e-05,-0.001365361922336275,-0.0013807593309748123,-0.0027254017317428275,decile_4
2011-07-01,1.155176307604704,0.577588153802352,0.001155176307604704,-0.000135563056530393,-0.023007553792162003,-0.02313999787437704,-0.02429517418198174,decile_4
2011-08-01,1.3225119394060332,0.6612559697030166,0.0013225119394060332,0.0002452627084389778,-0.022750696371074138,-0.022511013560045923,-0.023833525499451957,decile_4
2011-09-01,1.2268301301157556,0.6134150650578778,0.0012268301301157556,7.78178035727629e-05,0.013948457693097981,0.014027360935011668,0.012800530804895913,decile_4
2011-10-03,1.3816704088044445,0.6908352044022222,0.0013816704088044445,-0.00013186030577038346,0.01893244182721189,0.01879808508387315,0.017416414675068707,decile_4
2011-11-01,1.2790392831249466,0.6395196415624733,0.0012790392831249467,-2.884379153373048e-05,-0.007546680090451041,-0.007575306207117438,-0.008854345490242384,decile_4
2011-12-01,1.307436567650532,0.653718283825266,0.001307436567650532,9.40638493005403e-06,-0.0177456867319168,-0.01773644726974699,-0.019043883837397524,decile_4
2012-01-02,1.385670424145131,0.6928352120725655,0.001385670424145131,0.00011885669504062057,-0.005258119851594758,-0.005139888119301883,-0.006525558543447014,decile_4
2012-02-01,1.2682143486546487,0.6341071743273243,0.0012682143486546487,0.0006159829855874295,-0.0006785709443493681,-6.300594691821537e-05,-0.001331220295572864,decile_4
2012-03-01,1.3091144853319288,0.6545572426659644,0.0013091144853319288,-0.00033224558390404057,0.010012411752199827,0.00967683958870702,0.008367725103375091,decile_4
2012-04-02,1.2623639968747324,0.6311819984373662,0.0012623639968747326,0.0003427371910834615,-0.010682326802249443,-0.010343250841848506,-0.011605614838723239,decile_4
2012-05-01,1.2319427165617074,0.6159713582808537,0.0012319427165617075,4.804752102776432e-05,-0.0010821504959455954,-0.001034154969566492,-0.0022660976861281993,decile_4
2012-06-01,1.2165044012468993,0.6082522006234496,0.0012165044012468994,-0.00016417389159178962,0.025292386909304018,0.02512406066812578,0.02390755626687888,decile_4
2012-07-02,1.2058171687573398,0.6029085843786699,0.0012058171687573398,0.00012700311627958824,-0.002593449785706103,-0.0024667760456310583,-0.003672593214388398,decile_4
2012-08-01,1.2747492306834944,0.6373746153417472,0.0012747492306834944,0.0003230211700338414,-0.012844360778280493,-0.012525488608693625,-0.01380023783937712,decile_4
2012-09-03,1.234397017533376,0.617198508766688,0.0012343970175333762,0.0005114838131999193,-0.019444674602545488,-0.018943136425657814,-0.02017753344319119,decile_4
2012-10-01,1.3121839005141598,0.6560919502570799,0.0013121839005141597,8.825216443163384e-06,-0.02272040331909614,-0.022711778615129963,-0.024023962515644124,decile_4
2012-11-01,1.2251080788544775,0.6125540394272387,0.0012251080788544776,-8.695443010401854e-05,-0.023196066507942113,-0.023281003937302258,-0.024506112016156736,decile_4
2012-12-03,1.1556982369272544,0.5778491184636272,0.0011556982369272544,0.0011297583381612549,0.00677380642618769,0.007911217528640213,0.006755519291712959,decile_4
2013-01-01,1.07464672198989,0.537323360994945,0.00107464672198989,0.0005719834735926721,0.02152959550712689,0.022113893553542763,0.021039246831552873,decile_4
2013-02-01,1.2088427688543886,0.6044213844271943,0.0012088427688543887,-0.00047841319322450396,0.015428336646210572,0.014942542333184816,0.013733699564330428,decile_4
2013-03-01,1.3832881583928747,0.6916440791964373,0.0013832881583928746,0.00018482324291617914,0.004084786506449085,0.0042703647128541355,0.002887076554461261,decile_4
2013-04-01,1.1528824533241593,0.5764412266620796,0.0011528824533241593,0.00041912288707043026,0.027397770481792618,0.0278283764015268,0.02667549394820264,decile_4
2013-05-01,1.538651364626534,0.769325682313267,0.001538651364626534,-0.0008410261781224106,-0.003152140281359744,-0.003990515426988472,-0.0055291667916150065,decile_4
2013-06-03,1.110531896986188,0.555265948493094,0.001110531896986188,0.000289134820303023,-0.006955472638347185,-0.0066683488873754415,-0.00777888078436163,decile_4
2013-07-01,1.2248185513508503,0.6124092756754251,0.0012248185513508503,0.0001712246239729834,0.007296022201965487,0.007468496084596543,0.006243677533245693,decile_4
2013-08-01,1.154830401211286,0.577415200605643,0.0011548304012112861,0.0001552013063810066,0.006725495482197416,0.006881740594263386,0.0057269101930520995,decile_4
2013-09-02,1.2586817151960734,0.6293408575980367,0.0012586817151960734,-0.0002849136290762239,0.0038300003408057327,0.0035439954924332273,0.0022853137772371537,decile_4
2013-10-01,1.1518228300865618,0.5759114150432809,0.0011518228300865618,4.5391443437453924e-05,-0.002052560570138569,-0.002007262295388057,-0.003159085125474619,decile_4
2013-11-01,1.3146884638132077,0.6573442319066038,0.0013146884638132077,-0.0003789339105240878,-0.00591068819875598,-0.0062873823490869896,-0.0076020708129001975,decile_4
2013-12-02,1.2453847519020882,0.6226923759510441,0.0012453847519020883,7.5379044459001514e-06,0.004308109289510503,0.004315679668072558,0.00307029491617047,decile_4
2014-01-01,1.2299540526298784,0.6149770263149392,0.0012299540526298784,-0.0005003538907036951,0.0030381846258426414,0.0025363105676408093,0.0013063565150109309,decile_4
2014-02-03,1.3395383737635411,0.6697691868817706,0.001339538373763541,0.0002886838683617069,-0.0074920369895196395,-0.007205515951377861,-0.008545054325141401,decile_4
2014-03-03,1.2277316275983203,0.6138658137991602,0.0012277316275983205,-0.0006457865565978883,-0.011693212378942563,-0.012331447616182656,-0.013559179243780976,decile_4
2014-04-01,1.1393774624819928,0.5696887312409964,0.0011393774624819928,-4.026265769362607e-05,-0.007668187380478208,-0.007708141296568272,-0.008847518759050264,decile_4
2014-05-01,1.235211073257406,0.617605536628703,0.001235211073257406,0.0007347536635196854,-0.022238379361139288,-0.021519965428326016,-0.022755176501583423,decile_4
2014-06-02,1.4147190896727573,0.7073595448363786,0.0014147190896727573,-0.00015392239201644255,0.008000102001676715,0.007844948214823733,0.0064302291251509755,decile_4
2014-07-01,1.1101957406643281,0.5550978703321641,0.001110195740664328,-0.0006812361303291432,0.002461151035076945,0.0017782382797404406,0.0006680425390761125,decile_4
2014-08-01,1.1824611387944395,0.5912305693972197,0.0011824611387944396,-0.0008677006569199656,0.022251956923423195,0.021364948228862923,0.020182487090068483,decile_4
2014-09-01,1.1051729648265631,0.5525864824132816,0.0011051729648265632,-0.0005598726203364751,-0.019595370591442268,-0.02014427230029925,-0.021249445265125812,decile_4
2014-10-01,1.3032952445073254,0.6516476222536627,0.0013032952445073253,-0.0005480529896730276,0.007682818998848773,0.0071305554172542696,0.005827260172746944,decile_4
2014-11-03,1.3079162170363117,0.6539581085181558,0.0013079162170363118,-0.00034791599199858854,0.0022673053990383218,0.0019186005752327429,0.0006106843581964311,decile_4
2014-12-01,1.1956098413303349,0.5978049206651674,0.0011956098413303349,-0.0005750509087799367,-0.022991953562046585,-0.023553782927036138,-0.024749392768366473,decile_4
2015-01-01,1.164517944483944,0.582258972241972,0.001164517944483944,0.00014117967306801466,0.0049595337654556974,0.00510141362387917,0.003936895679395225,decile_4
2015-02-02,1.4997271441466133,0.7498635720733067,0.0014997271441466134,0.0002821186991490384,0.006947126960177728,0.007231205573747568,0.0057314784296009546,decile_4
2015-03-02,1.1872816442009855,0.5936408221004927,0.0011872816442009854,-0.00011156014593079415,0.004831826025307533,0.004719726840160199,0.0035324451959592136,decile_4
2015-04-01,0.9650071941048964,0.4825035970524482,0.0009650071941048965,-4.068456652397512e-06,0.018301168760176713,0.01829702584601245,0.017332018651907553,decile_4
2015-05-01,1.1195747780472494,0.5597873890236247,0.0011195747780472494,2.122312878028961e-05,-0.008143899320727493,-0.008122849030971158,-0.009242423809018407,decile_4
2015-06-01,1.2165391534437315,0.6082695767218658,0.0012165391534437317,-5.180608917848323e-05,0.027690370871577632,0.027637130252576414,0.02642059109913268,decile_4
2015-07-01,1.2561084448265805,0.6280542224132902,0.0012561084448265804,-3.3470652135683985e-05,-0.012750872699481879,-0.012783916571592946,-0.014040025016419527,decile_4
2015-08-03,1.1585491338264804,0.5792745669132402,0.0011585491338264803,-0.00037754492656820004,0.027550739190997264,0.027162792622624332,0.026004243488797853,decile_4
2015-09-01,1.238496265678786,0.619248132839393,0.001238496265678786,2.6404619456847904e-05,-0.011169156633007996,-0.01114304693088164,-0.012381543196560426,decile_4
2015-10-01,1.3456755384511752,0.6728377692255876,0.001345675538451175,-0.0003584552287156554,-0.00573255484465321,-0.006088955209110902,-0.007434630747562078,decile_4
2015-11-02,1.2359858100402445,0.6179929050201223,0.0012359858100402445,-0.0005984645139844165,-0.025434785628071273,-0.026018028325436426,-0.02725401413547667,decile_4
2015-12-01,1.2736882414493262,0.6368441207246631,0.0012736882414493263,-0.0006737386026178465,0.011992313107365251,0.011310494820472083,0.010036806579022757,decile_4
2016-01-01,1.2656914972696884,0.6328457486348442,0.0012656914972696885,8.94908088684243e-06,-0.004665971909278415,-0.004657064584551729,-0.005922756081821417,decile_4
2016-02-01,1.0337901893818526,0.5168950946909263,0.0010337901893818526,-0.00011169487377464977,-0.019360423225339395,-0.0194699556390856,-0.020503745828467455,decile_4
2016-03-01,1.308116870652436,0.654058435326218,0.001308116870652436,-0.00010670439611451516,0.0023554457908424014,0.0022484900583070733,0.0009403731876546373,decile_4
2016-04-01,0.9855120682221432,0.4927560341110716,0.0009855120682221432,-0.0005701229341390423,-0.01335146712255899,-0.013913978079087008,-0.014899490147309152,decile_4
2016-05-02,1.155864253198546,0.577932126599273,0.0011558642531985458,4.7415554552815865e-05,0.010339610073450613,0.010387515886348897,0.009231651633150352,decile_4
2016-06-01,1.1979378680645754,0.5989689340322877,0.0011979378680645753,0.0004761366470204516,0.0031174273934191474,0.0035950483618660822,0.0023971104938015067,decile_4
2016-07-01,1.3481368776693499,0.6740684388346749,0.00134813687766935,-9.181105783932889e-05,0.005947927656264318,0.005855570512895092,0.004507433635225742,decile_4
2016-08-01,1.4200263550773293,0.7100131775386647,0.0014200263550773293,-3.2854459313746306e-05,-0.004738500417769345,-0.004771199196213938,-0.006191225551291267,decile_4
2016-09-01,1.222825618109538,0.611412809054769,0.001222825618109538,0.00024416999416789094,0.010197481814043351,0.010444141727286471,0.009221316109176933,decile_4
2016-10-03,1.238361601743452,0.619180800871726,0.001238361601743452,-0.0003468031710558009,-0.004103728002202189,-0.004449107987373635,-0.005687469589117087,decile_4
2016-11-01,1.1155177164346253,0.5577588582173126,0.0011155177164346253,-0.000580733033379205,-0.02420204928513782,-0.024768727389021694,-0.02588424510545632,decile_4
2016-12-01,1.3436577301261265,0.6718288650630633,0.0013436577301261265,-9.514460734889033e-05,0.0017893889748679453,0.0016940741168076645,0.000350416386681538,decile_4
2017-01-02,1.5779859966535517,0.7889929983267758,0.0015779859966535516,-0.0007067635971550098,0.014251928204628683,0.013535091863429383,0.01195710586677583,decile_4
2017-02-01,1.1879478469614946,0.5939739234807473,0.0011879478469614946,-0.0004995798101614826,-0.0031858671584564947,-0.003683855373707745,-0.00487180322066924,decile_4
2017-03-01,1.3185917141081962,0.6592958570540981,0.0013185917141081962,0.000812294364502409,-0.0036066077063231236,-0.002797242968935576,-0.004115834683043772,decile_4
2017-04-03,1.3879614265422335,0.6939807132711168,0.0013879614265422337,-0.0008017123737680389,-0.007817174235085315,-0.008612619483541195,-0.010000580910083429,decile_4
2017-05-01,1.1966962193794428,0.5983481096897214,0.001196696219379443,0.00030933471956984455,0.009752414461119106,0.010064765941081522,0.00886806972170208,decile_4
2017-06-01,1.3775098430195905,0.6887549215097952,0.0013775098430195904,0.0007479411735557247,-0.01704126388402657,-0.01630606857337913,-0.01768357841639872,decile_4
2017-07-03,1.1954135623913977,0.5977067811956989,0.0011954135623913978,-0.0002298713631035468,0.004771348922643255,0.004540380763059071,0.0033449672006676734,decile_4
2017-08-01,1.2701602081886763,0.6350801040943381,0.0012701602081886764,0.0001770234552622918,-0.0015073922193639857,-0.0013306356078808257,-0.0026007958160695023,decile_4
2017-09-01,1.1551707102452675,0.5775853551226338,0.0011551707102452676,0.0002612765488751556,-0.005515170362656516,-0.005255334798460076,-0.006410505508705344,decile_4
2017-10-02,1.2370217261697074,0.6185108630848537,0.0012370217261697075,-0.0001274412326358996,-0.0021208496974516318,-0.0022480206463878494,-0.0034850423725575567,decile_4
2017-11-01,1.4619617145281434,0.7309808572640717,0.0014619617145281434,0.0006055982439229825,-0.0007810097236966174,-0.00017588445789074036,-0.0016378461724188837,decile_4
2017-12-01,1.382931288542584,0.691465644271292,0.001382931288542584,-0.00021545827489089382,-0.0013286830848478726,-0.0015438550839734777,-0.0029267863725160616,decile_4
2018-01-01,1.2966878995698803,0.6483439497849401,0.0012966878995698803,0.00028191881045156055,0.00039148907145203317,0.0006735182500368087,-0.0006231696495330717,decile_4
2018-02-01,1.1236454560506521,0.5618227280253261,0.0011236454560506523,0.00032216599426596493,0.002892045575989051,0.003215143288993527,0.0020914978329428747,decile_4
2018-03-01,1.4579155143884082,0.7289577571942041,0.0014579155143884081,-0.00021866528542775388,0.010066737387124408,0.009845870855692551,0.008387955341304144,decile_4
2018-04-02,1.154172503425153,0.5770862517125765,0.001154172503425153,-0.0008755446868213605,0.005826276678238524,0.004945630825827552,0.0037914583224023983,decile_4
2018-05-01,1.0776885378217846,0.5388442689108923,0.0010776885378217848,-3.310333127278745e-05,-0.00653511468797859,-0.00656800168518501,-0.007645690223006795,decile_4
2018-06-01,1.3482528882764695,0.6741264441382347,0.0013482528882764696,1.1920685750385033e-05,-0.01667366378064298,-0.01666194185639891,-0.01801019474467538,decile_4
2018-07-02,1.2489739964211384,0.6244869982105692,0.0012489739964211383,-0.0003834293029206697,-9.860232483121438e-05,-0.0004819938207312191,-0.0017309678171523574,decile_4
2018-08-01,1.2731117606461475,0.6365558803230738,0.0012731117606461476,0.00014625069783353475,-0.003424424068827379,-0.003278674195403508,-0.004551785956049655,decile_4
2018-09-03,1.1855090710830511,0.5927545355415256,0.001185509071083051,0.0002826138074405468,-0.007372606383441176,-0.007092076176361428,-0.008277585247444479,decile_4
2018-10-01,1.0590473855774623,0.5295236927887311,0.0010590473855774623,-0.00023644891827207697,-0.0002964966913657955,-0.0005328755033159327,-0.001591922888893395,decile_4
2018-11-01,1.2694663394132697,0.6347331697066348,0.0012694663394132698,0.00022678802210438683,0.0028723489765585188,0.003099788413005955,0.0018303220735926852,decile_4
2018-12-03,1.3806007830623876,0.6903003915311938,0.0013806007830623878,-0.0002540962990830525,-0.01812811001130237,-0.018377600024722107,-0.019758200807784496,decile_4
2019-01-01,1.2317241790302598,0.6158620895151299,0.0012317241790302598,-0.0001778772627521497,-0.006837510930963228,-0.00701417195598697,-0.008245896135017229,decile_4
2019-02-01,1.3425505284262402,0.6712752642131201,0.0013425505284262403,0.00019611707445840867,-0.008361353140741956,-0.008166875870399992,-0.009509426398826232,decile_4
2019-03-01,1.2231757075718968,0.6115878537859484,0.0012231757075718969,0.0006902548450968615,-0.014147255888629438,-0.01346676625545451,-0.014689941963026407,decile_4
2019-04-01,1.1589723521908526,0.5794861760954263,0.0011589723521908525,-0.0005268329726660791,0.011237670416935356,0.010704917068957709,0.009545944716766857,decile_4
2019-05-01,1.2334067303664549,0.6167033651832274,0.0012334067303664549,0.0006017811374510572,-0.003712567388392252,-0.003113020403966993,-0.004346427134333448,decile_4
2019-06-03,1.29184723635485,0.645923618177425,0.0012918472363548502,-0.0001531586697063548,0.005177730748968812,0.005023779064909029,0.0037319318285541784,decile_4
2019-07-01,1.1216704858145126,0.5608352429072563,0.0011216704858145125,-0.0009892526197442537,-0.021104532469023593,-0.02207290737473433,-0.02319457786054884,decile_4
2019-08-01,1.465525274343353,0.7327626371716764,0.001465525274343353,0.0006603809926676528,0.010340363620725244,0.01100757319298551,0.009542047918642157,decile_4
2019-09-02,1.3895085553255289,0.6947542776627644,0.0013895085553255289,-0.0005517890919296704,0.014550659133171728,0.013990841146251931,0.012601332590926401,decile_4
2019-10-01,1.2289918309391172,0.6144959154695586,0.0012289918309391172,0.0002421767355586635,0.00012304223788839113,0.00036524877141452805,-0.0008637430595245892,decile_4
2019-11-01,1.2668030820464773,0.6334015410232386,0.0012668030820464774,0.00010037796616353418,-0.00761883354267519,-0.007519220339527344,-0.008786023421573821,decile_4
2019-12-02,1.2353706264821618,0.6176853132410809,0.001235370626482162,0.0006008251964158901,-0.0022402964384072455,-0.001640817268539152,-0.0028761878950213137,decile_4
2020-01-01,1.118786654764881,0.5593933273824405,0.001118786654764881,-0.00030177127663136554,0.005219002972778753,0.00491565675095762,0.0037968700961927386,decile_4
2020-02-03,1.1577763956046696,0.5788881978023348,0.0011577763956046696,-8.65107130072818e-05,-0.006680492123763177,-0.006766424902633572,-0.007924201298238242,decile_4
2020-03-02,1.3403298469374885,0.6701649234687442,0.0013403298469374886,0.0005005029875214193,-0.02046435903345864,-0.0199740985187713,-0.02131442836570879,decile_4
2020-04-01,1.1560242581900206,0.5780121290950103,0.0011560242581900206,0.0002383418448984169,0.011687050692893502,0.011928178051015426,0.010772153792825406,decile_4
2020-05-01,1.3939299843927517,0.6969649921963759,0.0013939299843927517,0.0006894991033480754,0.007489282357676784,0.0081839453144954,0.006790015330102648,decile_4
2020-06-01,1.1530419164557242,0.5765209582278621,0.0011530419164557243,0.00011676260230947231,0.003954318594126096,0.004071542912965187,0.0029185009965094627,decile_4
2020-07-01,1.1111589242799997,0.5555794621399999,0.0011111589242799997,0.00014189507351020932,0.023327115446492453,0.0234723205227636,0.0223611615984836,decile_4
2020-08-03,1.2753180031954494,0.6376590015977247,0.0012753180031954494,0.00026284919466496785,-0.012156456760368826,-0.011896802880573265,-0.013172120883768715,decile_4
2020-09-01,1.3519886760495674,0.6759943380247837,0.0013519886760495674,-0.0011415816714145349,0.0029713585121619503,0.0018263847923307708,0.0004743961162812034,decile_4
2020-10-01,1.229720080584143,0.6148600402920715,0.001229720080584143,0.0010711217319554272,-0.011522936047544206,-0.010464156782805212,-0.011693876863389355,decile_4
2020-11-02,1.0968779295243467,0.5484389647621734,0.0010968779295243468,0.0002554106749638771,0.014362296743538696,0.014621375702407846,0.0135244977728835,decile_4
2020-12-01,1.3699868997450102,0.6849934498725051,0.0013699868997450102,-0.00013555226688934628,-7.300182447769581e-06,-0.0001428514597807684,-0.0015128383595257786,decile_4
2021-01-01,1.3770637335391425,0.6885318667695712,0.0013770637335391424,-0.0003173102720629616,-0.011957473854930461,-0.01227098989771136,-0.013648053631250502,decile_4
2021-02-01,1.3120731564262282,0.6560365782131141,0.0013120731564262283,-9.794391700233859e-05,0.003832900168285889,0.0037345808420277127,0.0024225076856014844,decile_4
2021-03-01,1.0397684576174973,0.5198842288087486,0.0010397684576174972,0.0005520892913444439,0.013632538564221666,0.014192154234121235,0.013152385776503737,decile_4
2021-04-01,1.4151459009269909,0.7075729504634954,0.0014151459009269908,0.00030993445912972105,-0.0075053711908804055,-0.0071977629049112535,-0.008612908805838244,decile_4
2021-05-03,1.2366241590739944,0.6183120795369972,0.0012366241590739944,-0.000498515569661149,0.008954717720679704,0.00845173808481281,0.007215113925738816,decile_4
2021-06-01,1.310658944559794,0.655329472279897,0.001310658944559794,-0.00024535943471056985,0.005851266493266767,0.0056044713951171055,0.004293812450557311,decile_4
2021-07-01,1.2685652124316442,0.6342826062158221,0.0012685652124316443,0.00020297633960646546,-0.009647370248625374,-0.009446352096918798,-0.010714917309350442,decile_4
2021-08-02,1.3772774104087806,0.6886387052043903,0.0013772774104087806,0.00016975323891356292,0.010209422916697276,0.01038090923821855,0.009003631827809768,decile_4
2021-09-01,1.2768197554309426,0.6384098777154713,0.0012768197554309426,0.0002616845242416505,-0.003875554752773557,-0.003614884401233587,-0.00489170415666453,decile_4
2021-10-01,1.2981080498125241,0.6490540249062621,0.0012981080498125242,-0.000292705013403885,0.0006220356576975396,0.0003291485713381448,-0.0009689594784743794,decile_4
2021-11-01,1.1848384348947143,0.5924192174473571,0.0011848384348947143,-0.0006282371280645364,-0.003913850400008443,-0.0045396287019381365,-0.005724467136832851,decile_4
2021-12-01,1.2322285219293918,0.6161142609646959,0.0012322285219293918,-0.0002865529747775066,-0.020865176119169236,-0.021145750115660555,-0.022377978637589946,decile_4
2022-01-03,1.3924181645352527,0.6962090822676263,0.0013924181645352527,0.0005453752756930627,-0.009533404844343615,-0.008993228851945867,-0.01038564701648112,decile_4
2022-02-01,1.4688629864225855,0.7344314932112928,0.0014688629864225856,-0.000754950414446129,0.008718439150437546,0.007956906746741543,0.006488043760318958,decile_4
2022-03-01,1.3075645715134558,0.6537822857567279,0.001307564571513456,5.33650877210487e-05,0.011617790732064311,0.011671775804206863,0.010364211232693408,decile_4
2022-04-01,1.3949226849796057,0.6974613424898028,0.0013949226849796056,0.0002766600304431352,0.0110618851097572,0.011341605521671516,0.00994668283669191,decile_4
2022-05-02,1.2605160162807962,0.6302580081403981,0.0012605160162807963,-0.00048756277596345997,-0.0055102019093953335,-0.005995078116019736,-0.007255594132300532,decile_4
2022-06-01,1.266257941577683,0.6331289707888414,0.001266257941577683,-0.00012200088480760287,0.010011728432066803,0.009888506107532002,0.008622248165954319,decile_4
2022-07-01,1.0315868444765748,0.5157934222382874,0.0010315868444765747,-7.607122110971833e-05,0.0008586220308616021,0.00078248549332538,-0.00024910135115119476,decile_4
2022-08-01,1.1903761978141016,0.5951880989070508,0.0011903761978141016,-0.0008321125073597296,0.009707812721313222,0.008867622221569116,0.007677246023755014,decile_4
2022-09-01,1.1999736457831134,0.5999868228915567,0.0011999736457831134,-0.000506322323620359,0.03657308436083982,0.036048244268164,0.034848270622380884,decile_4
2022-10-03,1.116585899247474,0.558292949623737,0.001116585899247474,-0.0005226800950431142,0.0067551892686810696,0.006228978370669047,0.005112392471421573,decile_4
2022-11-01,1.1464960238449386,0.5732480119224693,0.0011464960238449387,0.0003729887710413913,-0.0038015645197815298,-0.0034299936896184935,-0.004576489713463432,decile_4
2022-12-01,1.210825646313261,0.6054128231566305,0.001210825646313261,-0.0010080151887957513,0.006600305104410779,0.005585636707819086,0.004374811061505825,decile_4
2023-01-02,1.2465079176170346,0.6232539588085173,0.0012465079176170347,-9.552504103848186e-05,-0.021355968623390953,-0.02144945363465023,-0.022695961552267264,decile_4
2023-02-01,1.2393129860193386,0.6196564930096693,0.0012393129860193387,0.0004969790415095183,-0.003791914115689911,-0.0032968195760231245,-0.004536132562042463,decile_4
2023-03-01,1.149410736593862,0.574705368296931,0.0011494107365938619,0.00010348827902889805,0.0003669883229299642,0.00047051458094893306,-0.0006788961556449288,decile_4
2023-04-03,1.1140231095974795,0.5570115547987398,0.0011140231095974795,-0.00020878192564013917,0.0036009153116941125,0.003391381580021058,0.0022773584704235783,decile_4
2023-05-01,1.283541596369381,0.6417707981846905,0.001283541596369381,0.0005943670604646199,-0.018432204533221384,-0.01784879296798303,-0.01913233456435241,decile_4
2023-06-01,1.2620098868849767,0.6310049434424884,0.0012620098868849768,0.0001507979942031228,0.006899836503875458,0.0070516749795837,0.005789665092698723,decile_4
2023-07-03,1.1987632330708031,0.5993816165354016,0.0011987632330708032,-0.0006912361921296045,0.0023370519799124413,0.0016442003328713817,0.0004454370998005785,decile_4
2023-08-01,1.4599604378172542,0.7299802189086271,0.0014599604378172542,-0.00020509374711035955,-0.0011356320071308564,-0.0013404928432174668,-0.002800453281034721,decile_4
2023-09-01,1.1510348013344305,0.5755174006672152,0.0011510348013344305,-8.545152512704458e-05,0.015834495938208876,0.0157476913312542,0.014596656529919769,decile_4
2023-10-02,1.2717824857149187,0.6358912428574593,0.0012717824857149188,0.00020406200686696194,-0.010830720356567984,-0.010628868488232635,-0.011900650973947553,decile_4
2023-11-01,1.3854948474663198,0.6927474237331599,0.00138549484746632,0.00021619411128516496,0.0047964940084267455,0.005013725093471644,0.003628230246005324,decile_4
2023-12-01,1.1837525336637156,0.5918762668318578,0.0011837525336637156,-0.00014588671688962217,0.005193349030842503,0.00504670467331314,0.003862952139649425,decile_4
2024-01-01,1.2344850756263126,0.6172425378131563,0.0012344850756263127,-0.0004682969460295922,0.006733293061047043,0.00626184293444032,0.005027357858814007,decile_4
2024-02-01,1.3849209840752372,0.6924604920376186,0.0013849209840752373,0.0008670131580414243,-0.013262672529679515,-0.012407158283232023,-0.01379207926730726,decile_4
2024-03-01,1.2028667729995446,0.6014333864997723,0.0012028667729995447,2.689186722703937e-05,-0.00515253032408469,-0.005125777018018973,-0.006328643791018518,decile_4
2024-04-01,1.2221722946304592,0.6110861473152296,0.0012221722946304592,-0.0007692211874870993,0.00812315045165894,0.007347680764735243,0.006125508470104783,decile_4
2024-05-01,1.1623435647429239,0.5811717823714619,0.001162343564742924,7.284033085594735e-05,-2.9172643274353108e-05,4.3665562636574506e-05,-0.0011186780021063495,decile_4
2024-06-03,1.234376962714419,0.6171884813572095,0.001234376962714419,-0.00017426155444909142,0.003066044218155384,0.002891248370074706,0.001656871407360287,decile_4
2024-07-01,1.1758740626587907,0.5879370313293953,0.0011758740626587906,-0.000766297479114219,-0.01680243829940039,-0.017555860112402732,-0.018731734175061524,decile_4
2024-08-01,1.271367145662469,0.6356835728312344,0.0012713671456624689,-0.0002691243925821884,0.012156265414317224,0.011883869474189401,0.010612502328526932,decile_4
2024-09-02,1.1882434083492204,0.5941217041746102,0.0011882434083492204,-0.0002965753868516083,0.010397872628771357,0.01009821348882256,0.00890997008047334,decile_4
2024-10-01,1.1896947178539414,0.5948473589269707,0.0011896947178539415,-0.00018836171769034913,0.03086334568421115,0.030669170493714093,0.029479475775860152,decile_4
2024-11-01,1.2301622585965908,0.6150811292982954,0.001230162258596591,0.0008250238856444956,-0.00641492862494017,-0.005595197208636105,-0.006825359467232696,decile_4
2024-12-02,1.3109889876481897,0.6554944938240949,0.0013109889876481897,3.66596388904939e-05,-0.013348483862577813,-0.013312313574285417,-0.014623302561933607,decile_4
2025-01-01,1.232101797841208,0.616050898920604,0.0012321017978412082,-0.0005116506265584989,-0.02058379783825519,-0.021084916751752725,-0.022317018549593934,decile_4
2025-02-03,1.3969375882681125,0.6984687941340563,0.0013969375882681126,-0.0001177843861975786,0.016915882681112514,0.016796105868056355,0.015399168279788242,decile_4
2025-03-03,1.3062142084789479,0.6531071042394739,0.0013062142084789479,-0.0003797608027583342,-0.00031207751883408194,-0.0006917198067833974,-0.001997934015262345,decile_4
2025-04-01,1.4975793298838944,0.7487896649419472,0.0014975793298838945,-0.0006110842520558612,-0.0010588235326460605,-0.0016692607543155047,-0.003166840084199399,decile_4
2025-05-01,1.4242894964860089,0.7121447482430044,0.001424289496486009,-0.0007534330876396764,-0.01852156633036072,-0.01926104465709222,-0.020685334153578226,decile_4
2025-06-02,1.3644409754157454,0.6822204877078727,0.0013644409754157453,0.0003690507611381229,0.002169515581922108,0.00253936700443691,0.0011749260290211646,decile_4
2011-01-03,1.0,0.5,0.001,0.0,-0.008248594943343762,-0.008248594943343734,-0.009248594943343735,decile_5
2011-02-01,1.3804510483603363,0.6902255241801681,0.0013804510483603363,-0.00031298108955828076,0.012824001801866524,0.012507007042251939,0.011126555993891602,decile_5
2011-03-01,1.2443841642575237,0.6221920821287619,0.0012443841642575237,6.029585474260141e-05,0.016918156709479614,0.01697947265894162,0.015735088494684094,decile_5
2011-04-01,1.2862645934479364,0.6431322967239682,0.0012862645934479365,-0.0008543215879660052,0.004505712246599821,0.0036475413313923344,0.002361276737944398,decile_5
2011-05-02,1.4584917285885806,0.7292458642942903,0.0014584917285885807,-2.2054991972266972e-05,-0.007382851647154944,-0.007404743810393355,-0.008863235538981936,decile_5
2011-06-01,1.2766793202110889,0.6383396601055444,0.001276679320211089,0.0005482941981759624,0.006003949507396822,0.006555535636253884,0.005278856316042795,decile_5
2011-07-01,1.3537837620503037,0.6768918810251519,0.0013537837620503038,-0.0004453148543022554,-0.02082357819453393,-0.021259620000146473,-0.022613403762196775,decile_5
2011-08-01,1.3920761505190922,0.6960380752595461,0.001392076150519092,-0.0006455273939795003,-0.02445123991751709,-0.025080983366313037,-0.02647305951683213,decile_5
2011-09-01,1.4710255710732532,0.7355127855366266,0.0014710255710732533,-7.410118866437491e-05,0.015839779172410366,0.01576450423728115,0.014293478666207898,decile_5
2011-10-03,1.1627374891386013,0.5813687445693007,0.0011627374891386014,-0.00039545469533930214,0.009409859078628053,0.009010683210333603,0.007847945721195002,decile_5
2011-11-01,1.2348045323470882,0.6174022661735441,0.0012348045323470882,-0.00032841768875023036,-0.007655044981231214,-0.00798094861780152,-0.009215753150148609,decile_5
2011-12-01,1.4698641070976937,0.7349320535488468,0.0014698641070976938,9.403048164774764e-05,-0.009597245016898185,-0.009504116968821918,-0.010973981075919612,decile_5
2012-01-02,1.351263421689298,0.675631710844649,0.001351263421689298,0.0002588724652693726,-0.005834308678103937,-0.005576946554705198,-0.006928209976394496,decile_5
2012-02-01,1.4555137673983833,0.7277568836991917,0.0014555137673983834,-2.4437017703730446e-05,-0.0030568385901073893,-0.003081200907792403,-0.004536714675190786,decile_5
2012-03-01,1.390712101893159,0.6953560509465795,0.001390712101893159,-0.00022285833472455383,0.012223583037477729,0.01199800057539302,0.01060728847349986,decile_5
2012-04-02,1.3829652622810902,0.6914826311405451,0.0013829652622810902,0.00039952663686517294,-0.012697548629866204,-0.01230309500190141,-0.0136860602641825,decile_5
2012-05-01,1.2586850690448128,0.6293425345224064,0.0012586850690448129,-0.0001826329624977343,0.004516145418300015,0.004332687658785472,0.0030740025897406592,decile_5
2012-06-01,1.2939563316624203,0.6469781658312102,0.0012939563316624204,0.0006971083536654951,0.016285787983933313,0.01699424929644855,0.01570029296478613,decile_5
2012-07-02,1.188775850325984,0.594387925162992,0.001188775850325984,0.00023800955543430152,-0.0005903376108704593,-0.00035246856142834293,-0.001541244411754327,decile_5
2012-08-01,1.2646170309768805,0.6323085154884402,0.0012646170309768806,8.21156619309493e-05,-0.01735441021860688,-0.017273719625558348,-0.018538336656535228,decile_5
2012-09-03,1.300619251678116,0.650309625839058,0.001300619251678116,0.00021510799819397374,-0.017230212598871253,-0.0170188109572178,-0.018319430208895916,decile_5
2012-10-01,1.0755627729991275,0.5377813864995638,0.0010755627729991276,-0.00010685004479906785,-0.013335928155038512,-0.013441353255316701,-0.014516916028315828,decile_5
2012-11-01,1.3021049262288464,0.6510524631144232,0.0013021049262288466,0.00021308684302935295,-0.02642087493248919,-0.026213418030289204,-0.02751552295651805,decile_5
2012-12-03,1.2577763380420022,0.6288881690210011,0.001257776338042002,-0.00018148314080819456,0.0063240117384977985,0.0061413808961767735,0.004883604558134772,decile_5
2013-01-01,1.0848198489289775,0.5424099244644888,0.0010848198489289776,-0.00028287571208444396,0.01841527438790707,0.018127189441967007,0.01704236959303803,decile_5
2013-02-01,1.1839837117485907,0.5919918558742954,0.0011839837117485908,0.0004769541890260201,0.013628266658082904,0.014111720905980674,0.012927737194232083,decile_5
2013-03-01,1.301901657646504,0.650950828823252,0.001301901657646504,1.7869372220542367e-05,-0.0017403085442617948,-0.0017224702702622885,-0.0030243719279087924,decile_5
2013-04-01,1.2676087368923468,0.6338043684461734,0.0012676087368923468,-0.00016536934558021308,0.030706751128818065,0.03053630382789896,0.029268695091006613,decile_5
2013-05-01,1.42222860092099,0.711114300460495,0.00142222860092099,-8.070721212874785e-05,-0.008383038452190595,-0.008463069092656594,-0.009885297693577584,decile_5
2013-06-03,1.3836238565660233,0.6918119282830116,0.0013836238565660232,0.00013767879629807145,-0.009967252527962734,-0.0098309460109951,-0.011214569867561124,decile_5
2013-07-01,1.1528577104178264,0.5764288552089132,0.0011528577104178263,0.00026901674168904727,0.007170223999590284,0.007441169651576818,0.0062883119411589914,decile_5
2013-08-01,1.26595236546979,0.632976182734895,0.00126595236546979,-0.00010658163701939068,0.008195726398633425,0.00808827124767797,0.00682231888220818,decile_5
2013-09-02,1.2314336304260967,0.6157168152130483,0.0012314336304260966,5.212580897276099e-05,-0.006528249845908387,-0.006476464327240028,-0.007707897957666124,decile_5
2013-10-01,1.1952929897730353,0.5976464948865177,0.0011952929897730354,-0.00048543034775318467,-0.001681066003770736,-0.002165680311069118,-0.0033609733008421534,decile_5
2013-11-01,1.3078223697434506,0.6539111848717253,0.0013078223697434506,0.00014157114958474683,-0.0032454886658738746,-0.0031043769838506874,-0.004412199353594138,decile_5
2013-12-02,1.0721673235605866,0.5360836617802933,0.0010721673235605867,0.0009384245035363695,0.0004008253463003242,0.0013396259941633737,0.000267458670602787,decile_5
2014-01-01,1.295622688857926,0.647811344428963,0.0012956226888579262,-9.226426244621547e-05,0.003288207643347345,0.003195639996848243,0.0019000173079903168,decile_5
2014-02-03,1.1485882312241065,0.5742941156120532,0.0011485882312241066,0.00024137312178167084,-0.007946675604539124,-0.0077072205966559615,-0.008855808827880068,decile_5
2014-03-03,1.2972660598985888,0.6486330299492944,0.0012972660598985887,-2.7291493226044242e-05,-0.0114112168363289,-0.011438196900407926,-0.012735462960306514,decile_5
2014-04-01,1.4302810724385437,0.7151405362192719,0.0014302810724385437,0.0005333718895834171,-0.0037658768796293733,-0.0032345136029131583,-0.0046647946753517015,decile_5
2014-05-01,1.3130286131390498,0.6565143065695249,0.0013130286131390499,-2.0152610187686897e-05,-0.01325175730766314,-0.01327164286035154,-0.014584671473490591,decile_5
2014-06-02,1.2979035872154816,0.6489517936077408,0.0012979035872154815,-0.0003469498390703369,0.0019612786791642,0.0016136483747717367,0.0003157447875562552,decile_5
2014-07-01,1.4508288575884731,0.7254144287942366,0.0014508288575884733,0.00023516403884864677,0.0042394652179170685,0.0044756262265288616,0.0030247973689403883,decile_5
2014-08-01,1.3110447989351002,0.6555223994675501,0.0013110447989351003,-0.00024580688075751043,0.023391217676950314,0.023139661073938722,0.021828616275003623,decile_5
2014-09-01,1.5280368792313717,0.7640184396156858,0.0015280368792313717,0.0006890109862743833,-0.01739412691520496,-0.016717100673471874,-0.018245137552703246,decile_5
2014-10-01,1.2257680980913235,0.6128840490456617,0.0012257680980913236,-0.00011806760298821942,0.007558175808206391,0.007439215829517565,0.006213447731426241,decile_5
2014-11-03,1.3409290273369,0.67046451366845,0.0013409290273369,0.0006665403229433751,0.002228151121130324,0.002896176596641542,0.0015552475693046421,decile_5
2014-12-01,1.2277186028466431,0.6138593014233216,0.001227718602846643,9.992154739285494e-05,-0.016911823811441976,-0.016813592119653498,-0.01804131072250014,decile_5
2015-01-01,1.2391479207431042,0.6195739603715521,0.0012391479207431043,-0.00016960754434363774,0.0005797159330308158,0.00041001006449126187,-0.0008291378562518424,decile_5
2015-02-02,1.3009539015102338,0.6504769507551169,0.0013009539015102337,0.00025666412249136024,0.006362427935529147,0.006620725065003441,0.005319771163493208,decile_5
2015-03-02,1.2613974536348258,0.6306987268174129,0.001261397453634826,0.0009066670529046649,-0.0003838160712135426,0.0005225029883051402,-0.0007388944653296857,decile_5
2015-04-01,1.130241479411159,0.5651207397055795,0.0011302414794111591,0.0010503115821524447,0.014306440695461286,0.015371778497975663,0.014241537018564504,decile_5
2015-05-01,1.262466486003692,0.631233243001846,0.001262466486003692,-0.00010680764418361912,0.0003104698364945822,0.00020362903175930036,-0.0010588374542443916,decile_5
2015-06-01,1.384116821489203,0.6920584107446015,0.001384116821489203,-0.00026312747485395487,0.026951747496238597,0.026681528276123245,0.02529741145463404,decile_5
2015-07-01,1.2767960255074724,0.6383980127537362,0.0012767960255074724,0.00011355707614944861,-0.015604263057658552,-0.015492477955997286,-0.016769273981504757,decile_5
2015-08-03,1.1490963997379642,0.5745481998689821,0.0011490963997379641,-0.0006812086920987902,0.030000579726294375,0.029298934378517938,0.028149837978779974,decile_5
2015-09-01,1.3066541331017447,0.6533270665508724,0.0013066541331017447,-0.0001483804493273319,-0.011870058978809413,-0.012016678143451975,-0.01332333227655372,decile_5
2015-10-01,1.3805584201507366,0.6902792100753683,0.0013805584201507367,2.0760400861267016e-05,-0.010659514354143348,-0.01063897524907309,-0.012019533669223828,decile_5
2015-11-02,1.3928171931290503,0.6964085965645251,0.0013928171931290503,0.0006363324986749348,-0.02349444616429619,-0.022873063945254013,-0.024265881138383065,decile_5
2015-12-01,1.1867333145421257,0.5933666572710629,0.0011867333145421258,0.0005571748168315873,0.004386607240723792,0.004946226164641132,0.0037594928500990065,decile_5
2016-01-01,1.390830607109081,0.6954153035545405,0.0013908306071090811,-0.0003127365131118697,-0.001975889716211228,-0.002288008296463029,-0.0036788389035721097,decile_5
2016-02-01,1.416275477780455,0.7081377388902275,0.001416275477780455,-0.00048404714103597536,-0.02510530231218079,-0.025577197303407684,-0.02699347278118814,decile_5
2016-03-01,1.1068881109343012,0.5534440554671506,0.0011068881109343011,0.0002458831847885749,0.007525965681543489,0.007773699374742149,0.006666811263807848,decile_5
2016-04-01,1.3480397085292273,0.6740198542646136,0.0013480397085292274,0.0003290131003183326,-0.011639120968976813,-0.011313937291933418,-0.012661977000462645,decile_5
2016-05-02,1.380614353418784,0.690307176709392,0.001380614353418784,0.00047854540533116623,0.008984612292326964,0.009467457242589239,0.008086842889170455,decile_5
2016-06-01,1.0456656902836206,0.5228328451418103,0.0010456656902836205,-0.0003814134088355552,0.006869261651049932,0.00648522821371178,0.0054395625234281595,decile_5
2016-07-01,1.5504480691888507,0.7752240345944253,0.0015504480691888507,0.0005014496988711267,3.418785129497611e-05,0.0005356546936539086,-0.001014793375534942,decile_5
2016-08-01,1.5658645868616259,0.7829322934308129,0.0015658645868616258,-0.00015535198675424466,-0.00469363776631254,-0.004848260587114628,-0.006414125173976253,decile_5
2016-09-01,1.194430806607997,0.5972154033039985,0.001194430806607997,-0.0007171860671344311,0.000902888355654159,0.00018505474957075663,-0.0010093760570372404,decile_5
2016-10-03,1.2540589807492755,0.6270294903746377,0.0012540589807492756,0.00028489828814372905,-0.007605402366399609,-0.00732267084437066,-0.008576729825119936,decile_5
2016-11-01,1.1526777096900158,0.5763388548450079,0.001152677709690016,-0.0003136557669703675,-0.022757782189043983,-0.02306429984638736,-0.024216977556077376,decile_5
2016-12-01,1.225842544196795,0.6129212720983975,0.001225842544196795,-0.0002331842428156275,0.0009377066163839516,0.0007043037151610587,-0.0005215388290357363,decile_5
2017-01-02,1.3044100403375904,0.6522050201687952,0.0013044100403375905,-0.0005210023248575453,0.008001228219264902,0.007476057235903388,0.006171647195565798,decile_5
2017-02-01,1.5032326828211633,0.7516163414105816,0.0015032326828211633,-0.0005687880660167551,-0.0041443346084378725,-0.00471076542638782,-0.006213998109208983,decile_5
2017-03-01,1.1963949017015163,0.5981974508507582,0.0011963949017015163,-0.00016934445327037624,-0.0037531023107159546,-0.003921811196927361,-0.005118206098628877,decile_5
2017-04-03,1.3340083120299704,0.6670041560149852,0.0013340083120299705,0.0004929462911910508,-0.006350888165576385,-0.0058610725211522,-0.00719508083318217,decile_5
2017-05-01,1.2250277726747232,0.6125138863373616,0.0012250277726747233,-3.849207042531911e-05,0.014011874193740965,0.013972842777267402,0.01274781500459268,decile_5
2017-06-01,1.4666588452098153,0.7333294226049076,0.0014666588452098154,0.0011427103117059116,-0.007022024208593581,-0.005887338036359879,-0.007353996881569695,decile_5
2017-07-03,1.5089308481594177,0.7544654240797088,0.0015089308481594178,0.0001533636823913728,0.008083538787332607,0.008238142190999165,0.006729211342839747,decile_5
2017-08-01,1.101214244650965,0.5506071223254825,0.001101214244650965,8.042780832764254e-05,0.0022601215777359094,0.002340731162688625,0.0012395169180376602,decile_5
2017-09-01,1.4214551226353689,0.7107275613176844,0.001421455122635369,-0.0002902071621678677,-0.0038448776912950013,-0.00413396904241925,-0.005555424165054619,decile_5
2017-10-02,1.3003149091528172,0.6501574545764086,0.0013003149091528172,-0.0007334356888006442,-0.005911734425501123,-0.006640834237291449,-0.007941149146444266,decile_5
2017-11-01,1.4598306797394274,0.7299153398697137,0.0014598306797394274,-0.0005531797918872734,-0.0017150723053649484,-0.002267303353911232,-0.0037271340336506595,decile_5
2017-12-01,1.2357281361153212,0.6178640680576606,0.0012357281361153212,-0.00013821461707489466,-0.004767563742902747,-0.004905119412980552,-0.006140847549095873,decile_5
2018-01-01,1.2745275161367213,0.6372637580683607,0.0012745275161367214,0.0005952402092043163,0.00045974089907462317,0.0010552547645477084,-0.000219272751589013,decile_5
2018-02-01,1.3117333613523203,0.6558666806761602,0.0013117333613523203,-0.0005556936680858424,0.0055408841239485696,0.004982111421639512,0.003670378060287192,decile_5
2018-03-01,1.2989906171136942,0.6494953085568471,0.0012989906171136942,-0.0007705682731946122,0.010161841105907177,0.009383442440359158,0.008084451823245464,decile_5
2018-04-02,1.2295650511344125,0.6147825255672063,0.0012295650511344126,0.00010157226319307871,0.011288266497184006,0.011390985335152815,0.010161420284018402,decile_5
2018-05-01,1.2714622971096787,0.6357311485548394,0.0012714622971096788,0.00031359705532954757,0.002807895251027764,0.003122372854039712,0.0018509105569300334,decile_5
2018-06-01,1.4687177820945847,0.7343588910472924,0.0014687177820945847,-0.0004883952297117612,-0.013368942193144892,-0.01385080809526329,-0.015319525877357874,decile_5
2018-07-02,1.2830839224495385,0.6415419612247693,0.0012830839224495386,-0.00018603719021595042,-0.0013424051959351102,-0.0015281926488602826,-0.002811276571309821,decile_5
2018-08-01,1.382618221092422,0.691309110546211,0.001382618221092422,-0.00011449189042326885,-0.0025888328590117737,-0.0027030283490669937,-0.004085646570159416,decile_5
2018-09-03,1.2226475135534591,0.6113237567767296,0.0012226475135534592,0.00024913337367277644,-0.0044835898328184805,-0.004235573471007004,-0.005458220984560462,decile_5
2018-10-01,1.3084724910295844,0.6542362455147922,0.0013084724910295844,-0.00021148002726157283,-0.006080669325463988,-0.00629086341261087,-0.007599335903640455,decile_5
2018-11-01,1.2824022661651084,0.6412011330825542,0.0012824022661651084,-0.0007670170738306858,0.005416645677143599,0.004645473943595713,0.0033630716774306043,decile_5
2018-12-03,1.4630143899293424,0.7315071949646712,0.0014630143899293424,-0.0003901449037082388,-0.021155105364576564,-0.021536996711739365,-0.023000011101668705,decile_5
2019-01-01,1.188508161304467,0.5942540806522335,0.001188508161304467,0.00015338052471737968,-0.009517375569910376,-0.009365454825251862,-0.01055396298655633,decile_5
2019-02-01,1.4195374563755854,0.7097687281877927,0.0014195374563755853,-0.0008642495688725855,-0.008774250082883812,-0.009630916509904996,-0.011050453966280582,decile_5
2019-03-01,1.2592562116320267,0.6296281058160134,0.0012592562116320268,0.0005004105263437686,-0.014445104912961306,-0.013951922869170241,-0.015211179080802268,decile_5
2019-04-01,1.3841053295285826,0.6920526647642913,0.0013841053295285826,4.694394448021425e-06,0.014328267841571336,0.014333029498560412,0.012948924169031829,decile_5
2019-05-01,1.259373065444564,0.629686532722282,0.001259373065444564,0.00031258026325677285,-0.001871607576713974,-0.0015596123410461793,-0.0028189854064907434,decile_5
2019-06-03,0.9866333230529306,0.4933166615264653,0.0009866333230529305,-0.0005649593312981359,0.01274849648445571,0.012176334771108577,0.011189701448055646,decile_5
2019-07-01,1.3117109853390962,0.6558554926695481,0.0013117109853390963,-0.0002731519119056766,-0.018583262426444848,-0.018851338284689323,-0.02016304927002842,decile_5
2019-08-01,1.3470594626508885,0.6735297313254442,0.0013470594626508886,-0.0005648618992250755,0.012705043127233313,0.012133004633217537,0.010785945170566648,decile_5
2019-09-02,1.5802992411104488,0.7901496205552244,0.001580299241110449,-0.00024228880461573687,0.01708785109562145,0.016841422095990266,0.015261122854879816,decile_5
2019-10-01,1.1816732493679094,0.5908366246839547,0.0011816732493679094,-0.0008491161101244623,-0.0019873087001818423,-0.00283473735447326,-0.0040164106038411695,decile_5
2019-11-01,1.5417835204447083,0.7708917602223542,0.0015417835204447083,0.00037173112494951003,-0.006244429510545673,-0.005875019634402734,-0.007416803154847442,decile_5
2019-12-02,1.1877382718587841,0.5938691359293921,0.0011877382718587842,0.0003551969346829312,0.00580031593818414,0.006157573127308469,0.004969834855449684,decile_5
2020-01-01,1.4150741422047861,0.7075370711023931,0.0014150741422047862,-0.0004227240308546449,0.005474030718689367,0.005048992683504228,0.0036339185412994413,decile_5
2020-02-03,1.2527140469699471,0.6263570234849736,0.001252714046969947,0.0007663052968587619,-0.005015981349197765,-0.004253519825415886,-0.005506233872385833,decile_5
2020-03-02,1.399728014246598,0.699864007123299,0.001399728014246598,-0.00010727712438380913,-0.017241818169645335,-0.017347245641356812,-0.018746973655603412,decile_5
2020-04-01,1.1614983407342185,0.5807491703671093,0.0011614983407342186,0.00028667888856591877,0.009359698133270922,0.009649060249694807,0.008487561908960588,decile_5
2020-05-01,1.4524991572191368,0.7262495786095684,0.001452499157219137,0.0003102055591241982,0.004530783937532009,0.004842394971020791,0.0033898958138016545,decile_5
2020-06-01,1.1480273057244603,0.5740136528622302,0.0011480273057244603,-6.740990601124611e-05,0.006018472073669229,0.0059506564630209535,0.004802629157296493,decile_5
2020-07-01,1.2679872466836186,0.6339936233418093,0.0012679872466836186,0.0003988684263918808,0.022867291987143126,0.023275281454305574,0.022007294207621955,decile_5
2020-08-03,1.194517032209891,0.5972585161049455,0.001194517032209891,-0.0005550307401674761,-0.016710157296382193,-0.017255913385577082,-0.018450430417786972,decile_5
2020-09-01,1.3351670713227728,0.6675835356613864,0.0013351670713227727,-0.0007046493284989237,0.003583747511567659,0.0028765728977913074,0.0015414058264685347,decile_5
2020-10-01,1.1985044071453002,0.5992522035726501,0.0011985044071453,-9.689596684612992e-05,-0.0011260439573931923,-0.0012228308151214229,-0.002421335222266723,decile_5
2020-11-02,1.2696998043503984,0.6348499021751992,0.0012696998043503984,-0.0005592159044393828,0.021647089262263743,0.021075767961224123,0.019806068156873725,decile_5
2020-12-01,1.3459032152786772,0.6729516076393386,0.0013459032152786771,-0.00046145873648198346,-0.004683160119834839,-0.0051424577711651764,-0.006488360986443854,decile_5
2021-01-01,1.5764170369222357,0.7882085184611178,0.0015764170369222358,0.0002447371852728544,-0.013981950565013867,-0.013740635282966762,-0.015317052319888998,decile_5
2021-02-01,1.1588158331030325,0.5794079165515162,0.0011588158331030324,-0.00036988397782500873,0.006594076855273298,0.0062217538340709755,0.005062938000967943,decile_5
2021-03-01,1.1968533106601855,0.5984266553300928,0.0011968533106601856,9.25836257292707e-06,0.013424688665362927,0.013434071318570773,0.012237218007910586,decile_5
2021-04-01,1.3427732962228793,0.6713866481114397,0.0013427732962228794,0.00041860543853940516,-0.0067333609114387915,-0.006317574094396705,-0.007660347390619585,decile_5
2021-05-03,1.2134348873314895,0.6067174436657448,0.0012134348873314895,0.00013880174545720408,0.011663073923255518,0.01180349452373064,0.010590059636399151,decile_5
2021-06-01,1.298280253539903,0.6491401267699515,0.001298280253539903,-0.0002772509955047273,-0.0002734586646122248,-0.0005506338434299041,-0.001848914096969807,decile_5
2021-07-01,1.2247407515681163,0.6123703757840582,0.0012247407515681163,0.0005286154420258477,-0.012231498757368928,-0.011709349074465303,-0.01293408982603342,decile_5
2021-08-02,1.5049342336478593,0.7524671168239296,0.0015049342336478594,-0.00025636932418113804,0.014876567746571158,0.01461638452677061,0.01311145029312275,decile_5
2021-09-01,1.2307943583011915,0.6153971791505958,0.0012307943583011916,-4.8099055951095524e-05,0.00010747325739098197,5.936903207759414e-05,-0.0011714253262235974,decile_5
2021-10-01,1.3033004227779164,0.6516502113889582,0.0013033004227779165,0.00019976253516357473,0.004006097834488013,0.004206660637910975,0.0029033602151330587,decile_5
2021-11-01,1.080472051158503,0.5402360255792515,0.001080472051158503,-1.8814212549021786e-05,-0.006737202459181011,-0.006755889916570945,-0.007836361967729449,decile_5
2021-12-01,1.24343473952029,0.621717369760145,0.0012434347395202901,-9.003634061926764e-06,-0.015046873197046683,-0.015055741354568553,-0.016299176094088843,decile_5
2022-01-03,1.232402734067297,0.6162013670336485,0.001232402734067297,0.0006930331922290917,-0.0038404494056315363,-0.0031500777723136864,-0.004382480506380983,decile_5
2022-02-01,1.2624409637516119,0.6312204818758059,0.0012624409637516118,-0.0001466382946394484,0.007851525223874712,0.007703735594966066,0.006441294631214454,decile_5
2022-03-01,1.115964519649494,0.557982259824747,0.0011159645196494941,3.00656137798672e-05,0.013674783778585707,0.013705260533133368,0.012589296013483874,decile_5
2022-04-01,1.3550837922106629,0.6775418961053314,0.001355083792210663,0.0009181771387620585,0.010601614557550546,0.011529525856433187,0.010174442064222524,decile_5
2022-05-02,1.3599161610918356,0.6799580805459178,0.0013599161610918355,-0.0004902993842469121,-0.009953238647093892,-0.010438657964560893,-0.011798574125652729,decile_5
2022-06-01,1.3009413569563777,0.6504706784781888,0.0013009413569563778,0.0004783906603809358,0.015073220364165292,0.01555882191239033,0.014257880555433953,decile_5
2022-07-01,1.4236042444159729,0.7118021222079864,0.001423604244415973,-0.00026228911188110927,0.007536580768322057,0.007272314893364662,0.005848710648948689,decile_5
2022-08-01,1.1464310446405312,0.5732155223202656,0.0011464310446405313,-0.00048324545872738506,0.010056358906276975,0.009568253757776812,0.008421822713136282,decile_5
2022-09-01,1.296034497388625,0.6480172486943125,0.001296034497388625,0.0005838255769720854,0.03441407886382542,0.035017996260246154,0.03372196176285753,decile_5
2022-10-03,1.2980285596531447,0.6490142798265723,0.0012980285596531447,0.00010286248994304886,0.010956752371225932,0.011060741899999504,0.00976271334034636,decile_5
2022-11-01,1.1720991661634805,0.5860495830817403,0.0011720991661634806,-0.00021301047941317148,0.006557755355639072,0.006343348005613869,0.005171248839450388,decile_5
2022-12-01,1.2414682694489707,0.6207341347244854,0.0012414682694489706,3.2913932760592264e-05,0.004161862231329612,0.004194913147343771,0.0029534448778947998,decile_5
2023-01-02,1.2732049920648012,0.6366024960324006,0.0012732049920648012,0.0003210059366458956,-0.016282013763994865,-0.015966234450427774,-0.017239439442492576,decile_5
2023-02-01,1.106623351604613,0.5533116758023064,0.001106623351604613,-0.0005034838639412422,-0.009450699579308199,-0.009949425168508386,-0.011056048520112998,decile_5
2023-03-01,1.3412864188794602,0.6706432094397301,0.0013412864188794603,-0.0005516483694513865,0.007721447866393117,0.007165539972816548,0.005824253553937088,decile_5
2023-04-03,1.2744782441411118,0.6372391220705559,0.0012744782441411117,0.0002156086614003843,-0.004905651600852101,-0.004691100640426549,-0.0059655788845676605,decile_5
2023-05-01,1.2811240017942387,0.6405620008971193,0.0012811240017942386,-0.00020252003749277378,-0.023037167088388932,-0.023235021637939224,-0.024516145639733464,decile_5
2023-06-01,1.2412057011762379,0.6206028505881189,0.001241205701176238,0.0005614827248773677,0.00538013428103451,0.005944637858368296,0.0047034321571920576,decile_5
2023-07-03,1.1705336509260869,0.5852668254630434,0.001170533650926087,-0.0005048449417927674,-0.0009782978914717956,-0.0014826489445224356,-0.0026531825954485225,decile_5
2023-08-01,1.53812433521116,0.76906216760558,0.00153812433521116,-0.00015538848249783423,-0.0005354361145215346,-0.0006907413964141185,-0.0022288657316252786,decile_5
2023-09-01,1.3482543262865891,0.6741271631432946,0.0013482543262865892,-0.00023433378013883817,0.014490622300100274,0.014252892877661294,0.012904638551374704,decile_5
2023-10-02,1.2722293199312207,0.6361146599656103,0.0012722293199312208,-0.00042181102439662883,-0.015660203509771955,-0.016075408887683884,-0.017347638207615104,decile_5
2023-11-01,1.5374863889129804,0.7687431944564902,0.0015374863889129804,-9.786540675125937e-05,0.004645786576395234,0.0045474665078508725,0.0030099801189378923,decile_5
2023-12-01,1.3353060236816603,0.6676530118408301,0.0013353060236816602,0.00011858723406457083,0.004773508185721311,0.004892661496918471,0.0035573554732368107,decile_5
2024-01-01,1.3528362447418498,0.6764181223709249,0.0013528362447418499,-4.4094725934031774e-05,-0.003016997158836661,-0.003060958851107798,-0.0044137950958496475,decile_5
2024-02-01,1.1271882705899205,0.5635941352949603,0.0011271882705899206,0.0003044795671823182,-0.008221970141555193,-0.00791999399628307,-0.00904718226687299,decile_5
2024-03-01,1.1236897088064706,0.5618448544032353,0.0011236897088064705,-3.8050098190901404e-05,-0.012213695521458137,-0.01225128088733518,-0.013374970596141652,decile_5
2024-04-01,1.292535268017238,0.646267634008619,0.001292535268017238,-0.0007328166337510153,0.00801451860015087,0.00727582879385813,0.005983293525840892,decile_5
2024-05-01,1.2663851677501965,0.6331925838750982,0.0012663851677501966,-0.0002471503697909548,-0.0014209032380931295,-0.0016677024311232413,-0.002934087598873438,decile_5
2024-06-03,1.3870430129017173,0.6935215064508586,0.0013870430129017174,-0.00033939959095413333,0.005553781546542735,0.005212497004403405,0.0038254539915016875,decile_5
2024-07-01,1.1088347614021166,0.5544173807010583,0.0011088347614021167,-0.00010392957682770203,-0.02271876666137775,-0.022820335086400245,-0.023929169847802363,decile_5
2024-08-01,1.2740705229363014,0.6370352614681507,0.0012740705229363014,-0.00014502357273375217,0.008041894623859045,0.007895704786835323,0.006621634263899021,decile_5
2024-09-02,1.3425212674619371,0.6712606337309686,0.001342521267461937,-0.00022920734325900747,0.007779181222675543,0.007548190833955637,0.0062056695664937,decile_5
2024-10-01,1.160029946288619,0.5800149731443095,0.001160029946288619,0.0002928909572189562,0.036662849853730764,0.036966479028137655,0.03580644908184904,decile_5
2024-11-01,1.3406745955272217,0.6703372977636108,0.0013406745955272218,-0.0012287999314014812,-4.035353224751681e-05,-0.0012691038772313368,-0.0026097784727585585,decile_5
2024-12-02,1.3059907413836678,0.6529953706918339,0.0013059907413836677,0.0003716306089055723,-0.017911771314312246,-0.01754679726788666,-0.018852788009270326,decile_5
2025-01-01,1.3509340800795724,0.6754670400397862,0.0013509340800795723,4.195812311516477e-05,-0.012491109991853289,-0.012449675972268981,-0.013800610052348554,decile_5
2025-02-03,1.375499376511186,0.687749688255593,0.001375499376511186,0.0003355798873438857,0.011278978156709037,0.011618343042272272,0.010242843665761087,decile_5
2025-03-03,1.193050245293065,0.5965251226465325,0.001193050245293065,0.0005549085351030494,-0.008066493330244198,-0.007516060961138438,-0.008709111206431502,decile_5
2025-04-01,1.262498663296758,0.631249331648379,0.0012624986632967581,-0.0002217829124094996,-0.00010448257677031915,-0.0003262423167296191,-0.0015887409800263773,decile_5
2025-05-01,1.353286589261594,0.676643294630797,0.001353286589261594,-0.00035517316254808255,-0.006505128120692743,-0.006857990836313332,-0.008211277425574925,decile_5
2025-06-02,1.4561439497544608,0.7280719748772304,0.0014561439497544609,0.00038579495978203473,-0.0016532443577860147,-0.0012680872113444153,-0.002724231161098876,decile_5
2011-01-03,1.0,0.5,0.001,0.0,-0.008009093772364771,-0.008009093772364806,-0.009009093772364807,decile_6
2011-02-01,1.3797989481947521,0.6898994740973761,0.001379798948194752,-0.0002201984103997312,0.013418268103267244,0.013195115011560787,0.011815316063366036,decile_6
2011-03-01,1.2383315469827596,0.6191657734913798,0.0012383315469827597,-5.6192050286077135e-06,0.016309209228579855,0.016303498378760883,0.015065166831778123,decile_6
2011-04-01,1.5292286992826871,0.7646143496413436,0.0015292286992826872,-0.0005708197384136427,0.009374428360308941,0.008798257513150887,0.0072690288138682,decile_6
2011-05-02,1.3016833111361035,0.6508416555680517,0.0013016833111361035,-4.9468210900670756e-05,-0.009212902370837757,-0.009261914835940965,-0.01056359814707707,decile_6
2011-06-01,1.3109628429438525,0.6554814214719262,0.0013109628429438525,-3.510755724622284e-05,-0.00261522248090089,-0.002650238224074064,-0.0039612010670179165,decile_6
2011-07-01,1.3180285961915064,0.6590142980957532,0.0013180285961915065,-0.0006375819004560407,-0.019003629917703494,-0.0196290954476811,-0.020947124043872604,decile_6
2011-08-01,1.2759617298340165,0.6379808649170082,0.0012759617298340165,-0.00032192232496071604,-0.024237006025541533,-0.024551125917172456,-0.02582708764700647,decile_6
2011-09-01,1.3096170480723885,0.6548085240361943,0.0013096170480723886,0.00037396023276318346,0.011239219867154732,0.011617383121195646,0.010307766073123257,decile_6
2011-10-03,1.3777956396805786,0.6888978198402893,0.0013777956396805787,-8.928012767234306e-05,0.013842648502952337,0.013752132501854364,0.012374336862173785,decile_6
2011-11-01,1.1882237258321902,0.5941118629160951,0.0011882237258321901,-0.00024660572028399196,-0.010560500962754602,-0.010804502403092164,-0.011992726128924354,decile_6
2011-12-01,1.199503386330628,0.599751693165314,0.0011995033863306278,-0.0008081317147877823,-0.0102101090020597,-0.011009989603951387,-0.012209492990282015,decile_6
2012-01-02,1.3063162696917234,0.6531581348458617,0.0013063162696917235,0.0003364710185702784,-0.0068461670244836514,-0.006511999542705427,-0.00781831581239715,decile_6
2012-02-01,1.346199541308135,0.6730997706540675,0.001346199541308135,-0.0009138940931686318,-0.0025546213469714815,-0.003466180786780848,-0.004812380328088983,decile_6
2012-03-01,1.3019379933525892,0.6509689966762946,0.0013019379933525892,2.9571003575609852e-05,0.012177218200877533,0.01220714929701594,0.010905211303663351,decile_6
2012-04-02,1.355467942919912,0.677733971459956,0.001355467942919912,-0.0003814267357695902,-0.009560257557072136,-0.009938037755008566,-0.011293505697928478,decile_6
2012-05-01,1.2801707679599816,0.6400853839799908,0.0012801707679599816,4.461710730175266e-05,0.0037459406950225943,0.003790724935362366,0.0025105541674023844,decile_6
2012-06-01,1.307846360495052,0.653923180247526,0.001307846360495052,-0.0007605333719598503,0.01730526806889241,0.016531573463055338,0.015223727102560286,decile_6
2012-07-02,1.1134701020188098,0.5567350510094049,0.00111347010201881,0.0011307779207443127,0.001257670295525779,0.002389870362071944,0.0012764002600531342,decile_6
2012-08-01,1.1779873646058427,0.5889936823029214,0.0011779873646058428,-0.0002319266529293425,-0.012593309248351482,-0.012822315177217547,-0.01400030254182339,decile_6
2012-09-03,1.3077143687603607,0.6538571843801804,0.0013077143687603608,4.7342777367645524e-05,-0.018337391235817804,-0.018290916601480856,-0.019598630970241216,decile_6
2012-10-01,1.3417305390003595,0.6708652695001798,0.0013417305390003595,1.6646251475509514e-05,-0.015137856212187054,-0.015121461949272996,-0.016463192488273357,decile_6
2012-11-01,1.3769854251509506,0.6884927125754753,0.0013769854251509505,0.000413351805458606,-0.0211775354842207,-0.02077293745128972,-0.02214992287644067,decile_6
2012-12-03,1.4475990915093355,0.7237995457546678,0.0014475990915093356,-0.00014467425505085594,0.0012312142301693463,0.0010863618501169015,-0.0003612372413924342,decile_6
2013-01-01,1.3864288683452477,0.6932144341726239,0.0013864288683452478,0.00044683773283171204,0.021389615135626452,0.021846010555591544,0.020459581687246296,decile_6
2013-02-01,1.239147277238945,0.6195736386194725,0.001239147277238945,0.0002835930795199265,0.009361877870075232,0.009648125913370498,0.008408978636131553,decile_6
2013-03-01,1.148825460302578,0.574412730151289,0.001148825460302578,-0.00011986504936732737,0.0015552081128064653,0.0014351566483419287,0.0002863311880393507,decile_6
2013-04-01,1.4585160340660273,0.7292580170330136,0.0014585160340660273,-0.0008181062875668492,0.032675957141196386,0.03183111844764008,0.030372602413574055,decile_6
2013-05-01,1.364673401214004,0.682336700607002,0.0013646734012140041,0.0006107334810506231,-0.002604066786592316,-0.001994923696315154,-0.003359597097529158,decile_6
2013-06-03,1.1467037708207584,0.5733518854103792,0.0011467037708207584,-0.0006404724928294828,-0.006264535470405374,-0.006900995700585777,-0.008047699471406536,decile_6
2013-07-01,1.1840405438585762,0.5920202719292881,0.0011840405438585761,0.0003773492230982455,0.01490517819456015,0.015288151875070266,0.014104111331211689,decile_6
2013-08-01,1.0578043579028256,0.5289021789514128,0.0010578043579028255,-0.0005888844428651527,0.004001408004536499,0.0034101671947479595,0.002352362836845134,decile_6
2013-09-02,1.3056837867576776,0.6528418933788388,0.0013056837867576776,0.0002904501740226305,-0.001664354305950075,-0.0013743875439251596,-0.002680071330682837,decile_6
2013-10-01,1.3023491042327762,0.6511745521163881,0.0013023491042327762,-0.0005494655592636812,-0.0030565936188602953,-0.003604379685201886,-0.0049067287894346626,decile_6
2013-11-01,1.350188610690655,0.6750943053453275,0.0013501886106906552,-0.00012853494804423418,-0.0036253121166201297,-0.0037533810853597194,-0.005103569696050374,decile_6
2013-12-02,1.2215528328142122,0.6107764164071061,0.0012215528328142122,-0.0004566064127365842,-0.005029072372729315,-0.005483382478770449,-0.006704935311584661,decile_6
2014-01-01,1.3480760505663354,0.6740380252831677,0.0013480760505663353,6.966747417383127e-05,0.0021191877633522796,0.00218900287598478,0.0008409268254184448,decile_6
2014-02-03,1.1526561690499366,0.5763280845249683,0.0011526561690499365,-0.000360198194709835,-0.007978703607472503,-0.008336027887546837,-0.009488684056596773,decile_6
2014-03-03,1.30850475782858,0.65425237891429,0.00130850475782858,0.0005445058016567797,-0.012957935270504324,-0.01242048513977978,-0.01372898989760836,decile_6
2014-04-01,1.3443726167418193,0.6721863083709096,0.0013443726167418192,-0.0004614633527620991,-0.008324546608400946,-0.008782168487974973,-0.010126541104716792,decile_6
2014-05-01,1.393465633096156,0.696732816548078,0.001393465633096156,-0.00011331151850561185,-0.021164511180147214,-0.021275424515752484,-0.02266889014884864,decile_6
2014-06-02,1.295019832586831,0.6475099162934155,0.001295019832586831,0.0001506792665865626,0.011203964614790299,0.01135633208654796,0.01006131225396113,decile_6
2014-07-01,1.2646727515896545,0.6323363757948273,0.0012646727515896546,-0.0003783956518370985,-0.0005288576685989941,-0.0009070532029937795,-0.0021717259545834342,decile_6
2014-08-01,1.4658600407179376,0.7329300203589688,0.0014658600407179377,0.0002073735284393483,0.012562339157635926,0.01277231778267196,0.011306457741954023,decile_6
2014-09-01,1.1963247805343862,0.5981623902671931,0.0011963247805343862,-2.654480161458036e-05,-0.021665631477464614,-0.021691601169189778,-0.022887925949724164,decile_6
2014-10-01,1.3358537234322343,0.6679268617161171,0.0013358537234322344,-0.00022035867411301794,0.004349725623239733,0.004128408449355581,0.0027925547259233462,decile_6
2014-11-03,1.3794006467654811,0.6897003233827406,0.0013794006467654813,-0.00014772965120043153,-0.003101573565216344,-0.003248845022035818,-0.004628245668801299,decile_6
2014-12-01,1.2593916148317,0.62969580741585,0.0012593916148317,-0.00043114044354907767,-0.012183939294328563,-0.01260982674888611,-0.01386921836371781,decile_6
2015-01-01,1.3827522588218264,0.6913761294109132,0.0013827522588218265,-0.00013138297550637897,-0.0054744707019160205,-0.005605134425172298,-0.006987886683994124,decile_6
2015-02-02,1.4333413900512142,0.7166706950256071,0.0014333413900512143,-0.0002980261168953704,0.005828523103827461,0.005528759934824379,0.004095418544773164,decile_6
2015-03-02,1.267872786690667,0.6339363933453335,0.001267872786690667,0.0006775214695651467,0.0060105717921618475,0.006692165553160656,0.005424292766469989,decile_6
2015-04-01,1.2595062742236722,0.6297531371118361,0.0012595062742236723,-0.0003238513998841089,0.013050061733301296,0.012721984052656454,0.011462477778432782,decile_6
2015-05-01,1.2273335435875665,0.6136667717937833,0.0012273335435875666,0.0002156465367532642,-0.009915400619809354,-0.009701892304860182,-0.010929225848447749,decile_6
2015-06-01,1.268106322999067,0.6340531614995335,0.0012681063229990671,0.00031494409788642254,0.01923890006282992,0.019559903338741025,0.01829179701574196,decile_6
2015-07-01,1.2735542449946742,0.6367771224973371,0.0012735542449946742,0.0002837125966996339,-0.01220005754505594,-0.011919806258362198,-0.013193360503356871,decile_6
2015-08-03,1.2396936168516277,0.6198468084258139,0.0012396936168516278,0.00048413156909488895,0.025993561357650435,0.02649027723039188,0.02525058361354025,decile_6
2015-09-01,1.1669883392319984,0.5834941696159992,0.0011669883392319985,-0.0009679402365638148,-0.010769834031909474,-0.011727349712772672,-0.012894338052004671,decile_6
2015-10-01,1.3794270650910196,0.6897135325455098,0.0013794270650910197,-0.00043092503299521775,-0.015103618974613413,-0.01552803548010373,-0.01690746254519475,decile_6
2015-11-02,1.226408782374934,0.613204391187467,0.001226408782374934,0.0003644961712801906,-0.022903862986218125,-0.022547715185304074,-0.023774123967679008,decile_6
2015-12-01,1.3843772185963963,0.6921886092981981,0.0013843772185963964,-0.00020187826727685943,-0.0013428601550473163,-0.001544467328043031,-0.002928844546639427,decile_6
2016-01-01,1.2715786944737621,0.6357893472368811,0.0012715786944737621,-0.00019326488969944024,-0.00829844785559974,-0.008490108946689667,-0.00976168764116343,decile_6
2016-02-01,1.3942118559049428,0.6971059279524714,0.0013942118559049429,0.00032958092185825173,-0.02221031803556746,-0.021888057210802225,-0.02328226906670717,decile_6
2016-03-01,1.310350922445509,0.6551754612227545,0.001310350922445509,0.0005002434599236642,0.0034541008383793394,0.0039560721896572115,0.0026457212672117026,decile_6
2016-04-01,1.26145687414092,0.63072843707046,0.00126145687414092,-0.0001384451357061978,-0.0056450487791951266,-0.005782712385356992,-0.007044169259497912,decile_6
2016-05-02,1.3893869712507116,0.6946934856253558,0.0013893869712507116,0.00019365283686935777,0.009648020375421121,0.009843541578806514,0.008454154607555803,decile_6
2016-06-01,1.0984519082652762,0.5492259541326381,0.0010984519082652762,-0.0005158284447841525,0.003665553918745623,0.003147834676984207,0.0020493827687189307,decile_6
2016-07-01,1.305506115989561,0.6527530579947805,0.001305506115989561,-5.485249172296082e-05,0.006992085242415724,0.006936849217394903,0.005631343101405341,decile_6
2016-08-01,1.4201176492985221,0.7100588246492611,0.001420117649298522,0.0005448219011723555,-0.002903009742105251,-0.0023597694642196743,-0.0037798871135181966,decile_6
2016-09-01,1.358820631260195,0.6794103156300975,0.0013588206312601949,0.00013357630650506113,-0.0037421364803415335,-0.0036090600346058155,-0.004967880665866011,decile_6
2016-10-03,1.5433128560169938,0.7716564280084969,0.0015433128560169939,0.00016739750557410912,-0.004728640928311545,-0.004562034985433727,-0.006105347841450721,decile_6
2016-11-01,1.2788094762154991,0.6394047381077496,0.0012788094762154992,-0.0007079172572352175,-0.023076428280002302,-0.02376800933542278,-0.02504681881163828,decile_6
2016-12-01,1.1962678566990568,0.5981339283495284,0.0011962678566990567,0.0006509810237444766,0.002910664353252339,0.003563540164257306,0.0023672723075582494,decile_6
2017-01-02,1.3034826094291145,0.6517413047145573,0.0013034826094291145,-0.0004262258689805297,0.011237519926269576,0.010806504335593159,0.009503021726164044,decile_6
2017-02-01,1.4166808698130458,0.7083404349065229,0.0014166808698130458,-1.902905702834683e-05,-0.008125467459307017,-0.008144341896351603,-0.00956102276616465,decile_6
2017-03-01,1.4273618666493895,0.7136809333246947,0.0014273618666493894,-0.0006303400969414159,-0.007322402437968391,-0.007948126931047295,-0.009375488797696684,decile_6
2017-04-03,1.3943404819219773,0.6971702409609887,0.0013943404819219774,-2.2160633987981272e-06,-0.011076074232234466,-0.011078265750350536,-0.012472606232272513,decile_6
2017-05-01,1.2761153563001848,0.6380576781500924,0.0012761153563001849,-0.000629208141558725,0.004570239416288453,0.003938155642880137,0.0026620402865799517,decile_6
2017-06-01,1.5336427286847338,0.7668213643423669,0.0015336427286847339,0.00043072717005993445,-0.01717890873226795,-0.016755580984951002,-0.018289223713635734,decile_6
2017-07-03,1.385901280766986,0.692950640383493,0.001385901280766986,-0.0007280245597101678,0.006501789142279511,0.005769031120391732,0.004383129839624746,decile_6
2017-08-01,1.1826045941260053,0.5913022970630026,0.0011826045941260052,0.00025409578808828563,0.01074134891329701,0.010998174032902597,0.009815569438776591,decile_6
2017-09-01,1.3876625076399667,0.6938312538199833,0.0013876625076399667,-0.0001667000712557902,-0.0063865622549066445,-0.006552197685779415,-0.007939860193419381,decile_6
2017-10-02,1.3790497724435347,0.6895248862217673,0.0013790497724435347,-0.00040697367671847193,-0.0037866989929126777,-0.004192131582819503,-0.0055711813552630374,decile_6
2017-11-01,1.3494402230484464,0.6747201115242232,0.0013494402230484464,-8.358051664819223e-05,-0.0035669844914128918,-0.003650266877654351,-0.004999707100702798,decile_6
2017-12-01,1.147859269713852,0.573929634856926,0.0011478592697138522,0.00021172880432956351,-0.004045687758815646,-0.003834815543118042,-0.004982674812831894,decile_6
2018-01-01,1.2659322066293588,0.6329661033146794,0.0012659322066293588,-0.00034878071562127283,0.0038769137822621024,0.0035267808738774775,0.002260848667248119,decile_6
2018-02-01,1.2668530107105707,0.6334265053552853,0.0012668530107105707,-5.238996578595146e-05,0.006814364419855001,0.006761617449750235,0.005494764439039664,decile_6
2018-03-01,1.3974911951044966,0.6987455975522483,0.0013974911951044966,5.3033060346991664e-05,0.009223599269414422,0.009277121485458117,0.007879630290353622,decile_6
2018-04-02,1.4685316312763903,0.7342658156381952,0.0014685316312763902,0.0005998156013943748,0.007181368940862704,0.007785492039387165,0.006316960408110775,decile_6
2018-05-01,1.1960137396660822,0.5980068698330411,0.0011960137396660822,-0.000163279583462648,-6.242795627719273e-05,-0.0002256973465291079,-0.00142171108619519,decile_6
2018-06-01,1.499022924036823,0.7495114620184115,0.001499022924036823,0.00038375234271168017,-0.01582091930220969,-0.015443238274344018,-0.01694226119838084,decile_6
2018-07-02,1.4108550063820902,0.7054275031910451,0.00141085500638209,-0.0005117384812749449,0.0017066502591492336,0.0011940384192625775,-0.0002168165871195126,decile_6
2018-08-01,1.243243747916169,0.6216218739580845,0.001243243747916169,-0.00018402751260431272,-0.0066412975570467134,-0.006824102888181027,-0.008067346636097197,decile_6
2018-09-03,1.3003015724331584,0.6501507862165792,0.0013003015724331584,-8.663343202924134e-05,-0.012316821169896484,-0.012402387553436034,-0.013702689125869192,decile_6
2018-10-01,1.3927892377568307,0.6963946188784154,0.0013927892377568307,-0.00030606846922002546,0.00603701068781078,0.005729094479970831,0.004336305242214,decile_6
2018-11-01,1.200172468599261,0.6000862342996305,0.001200172468599261,-8.388600033280441e-05,0.004029632498791223,0.003945408468705169,0.002745236000105908,decile_6
2018-12-03,1.3561437973921593,0.6780718986960796,0.0013561437973921592,0.000264038240933259,-0.023462595924592516,-0.023204752706214804,-0.024560896503606964,decile_6
2019-01-01,1.4528945020607023,0.7264472510303511,0.0014528945020607022,0.0005499212874742582,-0.008398640394315966,-0.007853337697980356,-0.009306232200041058,decile_6
2019-02-01,1.2711565128298707,0.6355782564149354,0.0012711565128298709,0.00025635822081966403,-0.007344198408623874,-0.007089722933441567,-0.008360879446271438,decile_6
2019-03-01,1.2803953443810216,0.6401976721905108,0.0012803953443810217,-0.000152322653563499,-0.012780607604501101,-0.012930983482000058,-0.01421137882638108,decile_6
2019-04-01,1.4506327808380683,0.7253163904190342,0.0014506327808380683,0.0007560106412685321,0.018271654942126198,0.01904147914896459,0.017590846368126523,decile_6
2019-05-01,1.347417094711051,0.6737085473555255,0.0013474170947110511,3.5150463248065424e-05,0.0011230859138062924,0.0011582758540444882,-0.00018914124066656294,decile_6
2019-06-03,1.5434925654062872,0.7717462827031436,0.0015434925654062872,9.742437226979272e-05,0.013262074240760502,0.013360790662288125,0.011817298096881838,decile_6
2019-07-01,1.377033197935496,0.688516598967748,0.001377033197935496,3.6103805842152965e-05,-0.023530833258231635,-0.023495579005024858,-0.024872612202960356,decile_6
2019-08-01,1.2797688881534586,0.6398844440767293,0.0012797688881534587,-0.000491248878828604,0.010086579386260173,0.009590375486616898,0.008310606598463438,decile_6
2019-09-02,1.3949668312468337,0.6974834156234169,0.0013949668312468338,0.0004381618052386576,0.016178500936257664,0.016623751542672593,0.015228784711425759,decile_6
2019-10-01,1.4224388642775467,0.7112194321387734,0.0014224388642775467,6.023956086487344e-06,-0.0015696937441177683,-0.0015636792437975222,-0.002986118108075069,decile_6
2019-11-01,1.312245802964109,0.6561229014820545,0.0013122458029641091,0.0002410047054120782,-0.007450487330735681,-0.007211278227828077,-0.008523524030792186,decile_6
2019-12-02,1.2892706759209234,0.6446353379604617,0.0012892706759209233,-0.0005054142860395692,-4.8202611543755316e-05,-0.0005535925352947446,-0.001842863211215668,decile_6
2020-01-01,1.2681741852863124,0.6340870926431562,0.0012681741852863125,-2.2286564619659888e-05,-0.00025908345880732786,-0.0002813642493467716,-0.0015495384346330841,decile_6
2020-02-03,1.4315057635765416,0.7157528817882708,0.0014315057635765416,-0.00024121246031841176,-0.003843655477373491,-0.004083940800097552,-0.005515446563674094,decile_6
2020-03-02,1.3394722917109512,0.6697361458554756,0.0013394722917109512,-0.0001633669799865217,-0.0147905302037598,-0.014951480899494496,-0.016290953191205448,decile_6
2020-04-01,1.0764215338278986,0.5382107669139493,0.0010764215338278987,-0.000844868205642785,0.005693639531694751,0.0048439609510371184,0.0037675394172092197,decile_6
2020-05-01,1.16955701767635,0.584778508838175,0.0011695570176763499,-1.299529206662e-05,0.008796286819664576,0.008783177217281501,0.007613620199605152,decile_6
2020-06-01,1.231768027120058,0.615884013560029,0.001231768027120058,0.0006466927040863784,0.007443239276296658,0.008094745468917752,0.006862977441797694,decile_6
2020-07-01,1.414470627387292,0.707235313693646,0.001414470627387292,5.3220225481779036e-05,0.02054940665657659,0.020603720526114033,0.01918924989872674,decile_6
2020-08-03,1.2377841478527338,0.6188920739263669,0.0012377841478527338,-0.0002979475409152268,-0.013799083946436627,-0.014092920084223137,-0.015330704232075871,decile_6
2020-09-01,1.2306372877256015,0.6153186438628008,0.0012306372877256015,0.0002530198583138724,0.0060935915898955246,0.006348153247889954,0.005117515960164352,decile_6
2020-10-01,1.1894448176836225,0.5947224088418113,0.0011894448176836226,0.00017226764474764124,-0.012220021183741546,-0.012049858653262135,-0.013239303470945759,decile_6
2020-11-02,1.180748097063774,0.590374048531887,0.001180748097063774,-0.000868757967016875,0.02126241678459459,0.020375186923597965,0.019194438826534193,decile_6
2020-12-01,1.2227726596785828,0.6113863298392914,0.0012227726596785828,-0.0002384351285332544,-0.0011380418404450968,-0.0013762056198258765,-0.0025989782795044596,decile_6
2021-01-01,1.3080954503257909,0.6540477251628954,0.001308095450325791,0.00030877632769311247,-0.012128208154355993,-0.011823176730238139,-0.01313127218056393,decile_6
2021-02-01,1.300012406926308,0.650006203463154,0.0013000124069263079,0.000152790129418858,0.006260463141578031,0.006414209807970694,0.005114197401044386,decile_6
2021-03-01,1.3334698442260502,0.6667349221130251,0.0013334698442260503,-5.6831327734018985e-05,0.018152655898929337,0.01809479293165861,0.01676132308743256,decile_6
2021-04-01,1.3734068260612071,0.6867034130306036,0.001373406826061207,-8.985504480010002e-05,-0.004023818281298179,-0.0041133117657262686,-0.005486718591787476,decile_6
2021-05-03,1.4351796592422277,0.7175898296211138,0.0014351796592422276,0.0007704663478266257,0.003534102502081753,0.004307291756955989,0.002872112097713761,decile_6
2021-06-01,1.1803811427989273,0.5901905713994636,0.0011803811427989273,0.00031633545173034996,0.004709345942553315,0.005027171127359731,0.0038467899845608033,decile_6
2021-07-01,1.4355801205344392,0.7177900602672196,0.0014355801205344393,0.00025735453651613274,-0.0061308822405104655,-0.005875105514351886,-0.007310685634886325,decile_6
2021-08-02,1.400123720801963,0.7000618604009815,0.0014001237208019631,-0.00031939124966760607,0.015920241494945683,0.015595765459452071,0.014195641738650108,decile_6
2021-09-01,1.1182264588642439,0.5591132294321219,0.0011182264588642439,-0.0002445140076224366,-0.002383180607838966,-0.002627111894420109,-0.0037453383532843527,decile_6
2021-10-01,1.1668906407299129,0.5834453203649564,0.001166890640729913,-6.527148597894939e-05,0.007983956800237503,0.007918164189534282,0.0067512735488043695,decile_6
2021-11-01,1.0767541147761304,0.5383770573880652,0.0010767541147761303,0.0005891631077444804,-0.003907306313267545,-0.003320445246253634,-0.004397199361029764,decile_6
2021-12-01,1.2244859026463937,0.6122429513231968,0.0012244859026463936,0.00024293906502990427,-0.017582907083684388,-0.017344239593661936,-0.01856872549630833,decile_6
2022-01-03,1.2373936679085635,0.6186968339542818,0.0012373936679085636,-0.0004996811145034368,-0.0041100020191395205,-0.004607629443253436,-0.005845023111161999,decile_6
2022-02-01,1.23044065513893,0.615220327569465,0.00123044065513893,0.00017571866714869024,0.0053898969821102255,0.005566562754772741,0.004336122099633811,decile_6
2022-03-01,1.297131874770361,0.6485659373851805,0.0012971318747703612,-0.0002658095679220706,0.014141230496628165,0.013871662054337985,0.012574530179567625,decile_6
2022-04-01,1.2947946573670068,0.6473973286835034,0.001294794657367007,-0.00015645706233870276,0.011848393208255408,0.011690082381121902,0.010395287723754896,decile_6
2022-05-02,1.420814622545759,0.7104073112728795,0.001420814622545759,9.417206280722958e-05,-7.571836280527682e-05,1.8446569447494454e-05,-0.0014023680530982645,decile_6
2022-06-01,1.27978904116011,0.639894520580055,0.0012797890411601102,-0.0001952729315723139,0.013204647270494821,0.013006795828739648,0.011727006787579538,decile_6
2022-07-01,1.4601801008644846,0.7300900504322423,0.0014601801008644847,8.470964001697082e-05,0.004043415458904991,0.004128467615190035,0.00266828751432555,decile_6
2022-08-01,1.3372630143005177,0.6686315071502589,0.0013372630143005178,-0.00039882123497210324,0.01066653134426167,0.010263456070086052,0.008926193055785535,decile_6
2022-09-01,1.251639372093233,0.6258196860466165,0.001251639372093233,-3.162346191717215e-05,0.03633454855447657,0.036301776068346836,0.035050136696253606,decile_6
2022-10-03,1.5322723276577621,0.7661361638288811,0.0015322723276577621,0.0002504474900739042,0.010104647016535854,0.0103576251900932,0.008825352862435439,decile_6
2022-11-01,1.2658893738245205,0.6329446869122602,0.0012658893738245205,4.664511350423574e-06,0.004489577819853632,0.004494263272890819,0.003228373899066299,decile_6
2022-12-01,1.4211379194048501,0.7105689597024251,0.00142113791940485,-0.00010006448909797953,0.00333447114762036,0.003234072996370685,0.0018129350769658349,decile_6
2023-01-02,1.2657338468048496,0.6328669234024248,0.0012657338468048496,0.0005273852896125143,-0.018924872901669103,-0.018407468311632647,-0.019673202158437497,decile_6
2023-02-01,1.4192017439675522,0.7096008719837761,0.0014192017439675522,0.0003493635585590012,-0.0025664118505989843,-0.002217944902816904,-0.0036371466467844562,decile_6
2023-03-01,1.15382254628317,0.576911273141585,0.00115382254628317,-0.00036261936533897625,-0.0011358802206495417,-0.0014980876938238685,-0.002651910240107039,decile_6
2023-04-03,1.2874294393058934,0.6437147196529467,0.0012874294393058934,0.00027469516167119286,5.9103381337257364e-05,0.00033381477842131524,-0.0009536146608845782,decile_6
2023-05-01,1.4094995819259424,0.7047497909629712,0.0014094995819259424,-0.000104910281591104,-0.022868138254089884,-0.022970649432857204,-0.024380149014783147,decile_6
2023-06-01,1.3084613506874891,0.6542306753437446,0.0013084613506874892,0.000631192690197584,0.014033601761569186,0.014673652358615952,0.013365191007928462,decile_6
2023-07-03,1.3494651967455065,0.6747325983727532,0.0013494651967455066,4.7523010181092676e-05,-0.0045736604662343795,-0.004526354810166278,-0.005875820006911784,decile_6
2023-08-01,1.4701453079516371,0.7350726539758186,0.0014701453079516372,0.00016746430911607346,-0.0030373645394306866,-0.0028704088804687444,-0.004340554188420382,decile_6
2023-09-01,1.4975898658934577,0.7487949329467288,0.0014975898658934578,-0.00023548487452711066,0.016372205227342354,0.016132864946121428,0.01463527508022797,decile_6
2023-10-02,1.078540214090339,0.5392701070451695,0.001078540214090339,5.892260995880985e-05,-0.006534403719081273,-0.006475866133244246,-0.007554406347334584,decile_6
2023-11-01,1.4898999869050429,0.7449499934525214,0.001489899986905043,-0.0008342559615308925,0.008219300538594654,0.007378187576589923,0.00588828758968488,decile_6
2023-12-01,1.3423651112605017,0.6711825556302509,0.0013423651112605018,0.00030101435103233363,0.006734452394041679,0.00703749391189068,0.005695128800630178,decile_6
2024-01-01,1.400235309991543,0.7001176549957715,0.001400235309991543,-0.0006162459821849027,0.002730585093449591,0.0021126563991717973,0.0007124210891802543,decile_6
2024-02-01,1.3100777088244777,0.6550388544122389,0.0013100777088244778,-0.00023993093037679537,-0.012800458788895928,-0.013037318493286265,-0.014347396202110743,decile_6
2024-03-01,1.4688370602335117,0.7344185301167558,0.0014688370602335117,-0.00026479161374657554,-0.0034407140064007333,-0.003704594547933149,-0.00517343160816666,decile_6
2024-04-01,1.2349119140468592,0.6174559570234296,0.0012349119140468592,-0.0003670006650940669,0.009433539541329167,0.009063076760949196,0.007828164846902337,decile_6
2024-05-01,1.3839604350090293,0.6919802175045147,0.0013839604350090293,0.0001252801016459709,-0.004019453792424638,-0.003894677248358236,-0.005278637683367265,decile_6
2024-06-03,1.267725014169461,0.6338625070847305,0.0012677250141694609,0.0001516226940863856,0.004712484547836049,0.004864821761525473,0.0035970967473560123,decile_6
2024-07-01,1.185938413290273,0.5929692066451365,0.001185938413290273,-0.0007670153514034988,-0.013672690349070121,-0.014429218537080901,-0.015615156950371174,decile_6
2024-08-01,1.4218867725540294,0.7109433862770147,0.0014218867725540295,0.000268779358024897,0.013405816983604681,0.013678199548512238,0.012256312775958208,decile_6
2024-09-02,1.268857004980315,0.6344285024901575,0.001268857004980315,-0.00031202071202309135,0.009143109150994125,0.00882823559954371,0.007559378594563395,decile_6
2024-10-01,1.2729412008937364,0.6364706004468682,0.0012729412008937364,0.0003148215782099055,0.02646350102581229,0.02678665388517998,0.025513712684286243,decile_6
2024-11-01,1.3545230751040833,0.6772615375520417,0.0013545230751040834,-0.00010766808904303995,0.0012437946222657236,0.0011359926162324285,-0.00021853045887165485,decile_6
2024-12-02,1.3006855574462255,0.6503427787231127,0.0013006855574462255,0.00033765706698841503,-0.011721620563859739,-0.011387921384891309,-0.012688606942337534,decile_6
2025-01-01,1.4671164960845227,0.7335582480422613,0.0014671164960845227,-9.471947862938794e-05,-0.013809319018198986,-0.01390273048533075,-0.015369846981415273,decile_6
2025-02-03,1.421944243745919,0.7109721218729596,0.0014219442437459191,0.0002417768248718977,0.014938814809409359,0.015184203493493253,0.013762259249747335,decile_6
2025-03-03,1.3429349019767605,0.6714674509883802,0.0013429349019767605,-0.0006082415179780729,-0.002223751527063549,-0.002830640467037293,-0.004173575369014053,decile_6
2025-04-01,1.3878349760205018,0.6939174880102509,0.0013878349760205017,-0.0003815082523466906,-0.007161882486498506,-0.007540658421574364,-0.008928493397594866,decile_6
2025-05-01,1.2788938579776459,0.6394469289888229,0.0012788938579776459,0.00014056985494489602,-0.007763113337366139,-0.007623634742137009,-0.008902528600114654,decile_6
2025-06-02,1.5124026412043303,0.7562013206021652,0.0015124026412043304,0.0006158029088115107,0.004190770694609339,0.004809154292204854,0.003296751651000523,decile_6
2011-01-03,1.0,0.5,0.001,0.0,-0.009142588326192701,-0.009142588326192747,-0.010142588326192747,decile_7
2011-02-01,1.1894659743991676,0.5947329871995838,0.0011894659743991677,0.0002431282632775814,0.014532440319685435,0.014779101829939023,0.013589635855539855,decile_7
2011-03-01,1.3475910476314135,0.6737955238157067,0.0013475910476314136,-0.00030446219372080944,0.01390543988153119,0.013596744007079442,0.012249152959448029,decile_7
2011-04-01,1.3389750961672915,0.6694875480836457,0.0013389750961672914,-0.0005772428428066671,0.009723050305022731,0.009140194901017251,0.00780121980484996,decile_7
2011-05-02,1.3051598733620247,0.6525799366810123,0.0013051598733620246,3.6288787961436295e-06,-0.009075941060035907,-0.00907234511672994,-0.010377504990091966,decile_7
2011-06-01,1.315674527419567,0.6578372637097835,0.001315674527419567,0.0005269743912370008,-0.0008060087905049952,-0.00027945914525961957,-0.0015951336726791865,decile_7
2011-07-01,1.182758827791658,0.591379413895829,0.001182758827791658,-0.0005589012909455772,-0.014699600859742817,-0.015250286524791545,-0.016433045352583203,decile_7
2011-08-01,1.2978908823152278,0.6489454411576139,0.0012978908823152277,3.217274743640959e-05,-0.018218492231714047,-0.01818690562322689,-0.019484796505542117,decile_7
2011-09-01,1.4225884624642084,0.7112942312321042,0.0014225884624642084,0.00032706408326514983,0.00913306681844675,0.009463117999838344,0.008040529537374136,decile_7
2011-10-03,1.3002553276894138,0.6501276638447069,0.0013002553276894137,0.000311215748548675,0.009644064747998168,0.009958281881376374,0.00865802655368696,decile_7
2011-11-01,1.3139318168810592,0.6569659084405296,0.0013139318168810593,-0.0003049121112729585,-0.007573631425311851,-0.007876234244636904,-0.009190166061517964,decile_7
2011-12-01,1.260713347372211,0.6303566736861055,0.001260713347372211,0.00041759423893809454,-0.011266946490534868,-0.010854057263541494,-0.012114770610913705,decile_7
2012-01-02,1.3534617232109345,0.6767308616054672,0.0013534617232109345,-3.6821326530162154e-05,-0.00342298301480992,-0.0034596783025647726,-0.004813140025775707,decile_7
2012-02-01,1.501117151637492,0.750558575818746,0.001501117151637492,0.0003083549645629816,-0.00048526987191122896,-0.0001770645427223716,-0.0016781816943598636,decile_7
2012-03-01,1.2242573590518673,0.6121286795259336,0.0012242573590518673,6.640530691121266e-05,0.013095366841291442,0.013162641750056991,0.011938384391005124,decile_7
2012-04-02,1.4238768015607086,0.7119384007803543,0.0014238768015607086,0.000322804734220788,-0.006426026546630412,-0.0061052961642010795,-0.007529172965761788,decile_7
2012-05-01,1.4093256106060725,0.7046628053030363,0.0014093256106060725,0.00034159413066311197,0.00027853163218330163,0.0006202209076171528,-0.0007891047029889198,decile_7
2012-06-01,1.159130937534599,0.5795654687672995,0.0011591309375345992,3.7714677684737725e-05,0.016971155082858375,0.017009509822186963,0.015850378884652364,decile_7
2012-07-02,1.1115817494407765,0.5557908747203882,0.0011115817494407765,-7.79342974205941e-05,-0.0059485916871031925,-0.006026062385209974,-0.00713764413465075,decile_7
2012-08-01,1.145511957047632,0.572755978523816,0.001145511957047632,-0.00021229873373096667,-0.009010991616883634,-0.009221377328504698,-0.01036688928555233,decile_7
2012-09-03,1.2257184386869855,0.6128592193434927,0.0012257184386869856,-0.0001753688133539852,-0.019067482059002012,-0.01923950703065369,-0.020465225469340678,decile_7
2012-10-01,1.3017002508539086,0.6508501254269543,0.0013017002508539086,7.99065489523502e-05,-0.014541762307280999,-0.014463017740370399,-0.01576471799122431,decile_7
2012-11-01,1.4770372243742584,0.7385186121871292,0.0014770372243742584,-0.00026609760899246043,-0.03006702698176088,-0.030325123826764,-0.031802161051138256,decile_7
2012-12-03,1.3697126845227896,0.6848563422613948,0.0013697126845227897,1.826780293386209e-05,0.007931791420403423,0.007950204119739901,0.006580491435217111,decile_7
2013-01-01,1.2931915360410835,0.6465957680205418,0.0012931915360410834,0.0002521186912018748,0.017422305781866355,0.017678816961999688,0.016385625425958606,decile_7
2013-02-01,1.2315838081681667,0.6157919040840834,0.0012315838081681668,0.0002118266591422868,0.007065450719289162,0.007278774029252588,0.006047190221084422,decile_7
2013-03-01,1.234058597196254,0.617029298598127,0.0012340585971962542,-0.00021989784911533006,0.0011180843921486641,0.0008979406786802091,-0.00033611791851604505,decile_7
2013-04-01,1.1864205431569825,0.5932102715784913,0.0011864205431569826,0.0001606159381623653,0.03567934016963008,0.035845686778486874,0.03465926623532989,decile_7
2013-05-01,1.5120408390406528,0.7560204195203264,0.0015120408390406528,0.00010873397172336101,0.00012475503600067883,0.00023350257283460962,-0.0012785382662060432,decile_7
2013-06-03,1.3052634123607931,0.6526317061803966,0.0013052634123607932,-4.2124145173179784e-05,-0.006122724002806215,-0.006164590233464606,-0.0074698536458253995,decile_7
2013-07-01,1.1974231116004914,0.5987115558002457,0.0011974231116004914,0.00048569771399030535,0.011285861643056581,0.011777040874247247,0.010579617762646754,decile_7
2013-08-01,1.2418026109090887,0.6209013054545444,0.0012418026109090887,-0.00036561456992223506,0.009614406193230694,0.009245276456322893,0.008003473845413804,decile_7
2013-09-02,1.3802406227039639,0.6901203113519819,0.001380240622703964,0.00028173608575983406,-0.0015482503201402343,-0.0012669504323653547,-0.0026471910550693186,decile_7
2013-10-01,1.3442423302927118,0.6721211651463559,0.0013442423302927119,0.0003271779563746468,-0.008231631967094437,-0.007907147219244348,-0.00925138954953706,decile_7
2013-11-01,1.315141598436068,0.657570799218034,0.001315141598436068,0.00034949149149931716,-0.0031291156036136257,-0.0027807177113937653,-0.004095859309829833,decile_7
2013-12-02,1.4183107963856565,0.7091553981928282,0.0014183107963856565,-0.00013163036765246873,0.0009695711019681165,0.0008378131093149666,-0.00058049768707069,decile_7
2014-01-01,1.1381033141695707,0.5690516570847853,0.0011381033141695707,6.917278839010805e-05,0.002623012275192,0.002692366504655208,0.0015542631904856374,decile_7
2014-02-03,1.110659092415317,0.5553295462076585,0.001110659092415317,0.00018969790370282152,-0.007420836005758013,-0.0072325458190892755,-0.008343204911504592,decile_7
2014-03-03,1.3935369828527673,0.6967684914263836,0.0013935369828527674,0.0003656259429500885,-0.016313689007065653,-0.0159540277720418,-0.01734756475489457,decile_7
2014-04-01,1.4576071495718814,0.7288035747859407,0.0014576071495718814,0.0009457747013598141,-0.00851348309322031,-0.0075757602287903625,-0.009033367378362245,decile_7
2014-05-01,1.389362658669736,0.694681329334868,0.001389362658669736,-0.0005229770928178257,-0.018865613052073987,-0.019378723861423586,-0.02076808652009332,decile_7
2014-06-02,1.1997767991030497,0.5998883995515248,0.0011997767991030496,-0.0005859466999436104,0.009827066069652496,0.00923536123277513,0.008035584433672081,decile_7
2014-07-01,1.262322503344442,0.631161251672221,0.001262322503344442,-0.00030811962085485747,-0.0008388460921314712,-0.0011467072480464413,-0.0024090297513908836,decile_7
2014-08-01,1.3721046175165648,0.6860523087582824,0.0013721046175165649,-0.00041374714122119534,0.022628368746789182,0.022205259182688453,0.020833154565171888,decile_7
2014-09-01,1.2768032050290699,0.6384016025145349,0.0012768032050290699,0.00017595370254754844,-0.019880576977019476,-0.019708121335599738,-0.020984924540628808,decile_7
2014-10-01,1.2182573308323272,0.6091286654161636,0.0012182573308323272,-0.0008064324287319748,0.009580337913901104,0.008766179589996925,0.007547922259164598,decile_7
2014-11-03,1.4191234757003928,0.7095617378501964,0.0014191234757003927,-0.0004349958621295884,0.0030239574722432036,0.0025876462011260593,0.0011685227254256665,decile_7
2014-12-01,1.2133590849374238,0.6066795424687119,0.0012133590849374239,-0.00035340544933210906,-0.014941585805132777,-0.015289710816619784,-0.016503069901557206,decile_7
2015-01-01,1.3027539446127667,0.6513769723063834,0.0013027539446127667,-0.0006170335263905389,0.007187697484481486,0.006566228907765481,0.0052634749631527145,decile_7
2015-02-02,1.3006391843672,0.6503195921836,0.0013006391843672,0.0010515478273590147,0.006695283645400575,0.0077538718837304454,0.006453232699363246,decile_7
2015-03-02,1.0360515456173554,0.5180257728086777,0.0010360515456173554,0.0003794572163467188,0.009843584294854003,0.01022677673029615,0.009190725184678795,decile_7
2015-04-01,1.5002864613987166,0.7501432306993583,0.0015002864613987165,0.000532044556641249,0.012111271676345096,0.012649759969155738,0.011149473507757022,decile_7
2015-05-01,0.9287331720627807,0.46436658603139036,0.0009287331720627807,-6.905095340709787e-05,-0.008294530754396297,-0.008363008962546825,-0.009291742134609605,decile_7
2015-06-01,1.195592232916902,0.597796116458451,0.001195592232916902,0.001096010466623805,0.022013612723333607,0.023133750339910497,0.021938158106993594,decile_7
2015-07-01,1.1754049091527943,0.5877024545763971,0.0011754049091527944,-0.00043391071740910426,-0.013052404056179207,-0.013480651195580395,-0.01465605610473319,decile_7
2015-08-03,1.4202013695878768,0.7101006847939384,0.0014202013695878769,-0.00022697086367544245,0.02739201959268533,0.027158831538665273,0.025738630169077396,decile_7
2015-09-01,1.2700246095673429,0.6350123047836714,0.0012700246095673428,0.000529672883375587,-0.010069323152738983,-0.009544983716791244,-0.010815008326358587,decile_7
2015-10-01,1.6129815458597028,0.8064907729298514,0.0016129815458597028,0.00019520372766177051,-0.010319359647200954,-0.010126170297009351,-0.011739151842869054,decile_7
2015-11-02,1.0796597022154466,0.5398298511077233,0.0010796597022154466,0.00048027058907234937,-0.030253585311063796,-0.029787844629230453,-0.0308675043314459,decile_7
2015-12-01,1.1367189668685072,0.5683594834342536,0.0011367189668685072,-0.00039877090674093093,0.004711988134815442,0.004311338224293415,0.003174619257424908,decile_7
2016-01-01,1.357963515354201,0.6789817576771005,0.001357963515354201,0.00029648067761368154,-0.0019707723462382026,-0.001674875964545075,-0.003032839479899276,decile_7
2016-02-01,1.3436230460270877,0.6718115230135439,0.0013436230460270877,-0.0007041914975818444,-0.01927505406861963,-0.019965672237010956,-0.021309295283038043,decile_7
2016-03-01,1.34056835620133,0.670284178100665,0.00134056835620133,-0.0003598368294366387,0.008659566388390938,0.008296613528040897,0.006956045171839567,decile_7
2016-04-01,1.3335712411197476,0.6667856205598738,0.0013335712411197476,-0.000690029305441469,-0.014641229830723999,-0.015321156258514601,-0.01665472749963435,decile_7
2016-05-02,1.306123127870104,0.653061563935052,0.001306123127870104,0.0003848992340961903,0.009332723147782312,0.00972121453986996,0.008415091411999856,decile_7
2016-06-01,1.044716330222125,0.5223581651110625,0.001044716330222125,-0.0006290985003141992,0.006733938365278129,0.00610060355443709,0.0050558872242149645,decile_7
2016-07-01,1.2710349516982244,0.6355174758491122,0.0012710349516982244,-0.0003189541974028265,-0.00023852790880391894,-0.0005574060267290459,-0.0018284409784272704,decile_7
2016-08-01,1.293308267887089,0.6466541339435445,0.0012933082678870892,-0.00028445737572047926,-0.004182160212123231,-0.004465427941524935,-0.005758736209412025,decile_7
2016-09-01,1.2417173704869673,0.6208586852434836,0.0012417173704869673,-0.00032064204027720594,0.0003052221707815518,-1.5517736555170636e-05,-0.001257235107042138,decile_7
2016-10-03,1.3733998587112515,0.6866999293556257,0.0013733998587112516,-0.000344489049743645,-0.006314316820745156,-0.006656630657487339,-0.008030030516198591,decile_7
2016-11-01,1.217054660910379,0.6085273304551895,0.001217054660910379,0.00011620086304023431,-0.025708741051426252,-0.025595527566283915,-0.026812582227194293,decile_7
2016-12-01,1.2628677086773825,0.6314338543386913,0.0012628677086773826,-0.0005805577464673468,-0.0014906971092989128,-0.00207038942001192,-0.0033332571286893023,decile_7
2017-01-02,1.3456982212992092,0.6728491106496046,0.0013456982212992092,0.0003983553970551167,0.010550864256490796,0.010953422647266065,0.009607724425966855,decile_7
2017-02-01,1.305721973751314,0.652860986875657,0.0013057219737513139,-0.00025619737724618015,-0.004183941875788886,-0.004439067338099845,-0.005744789311851159,decile_7
2017-03-01,1.3702324977066473,0.6851162488533237,0.0013702324977066475,0.0004009438815816688,-0.003992386129719693,-0.0035930429709295497,-0.004963275468636197,decile_7
2017-04-03,1.1505149589848371,0.5752574794924186,0.0011505149589848371,-4.685818955225886e-06,-0.006988333048791016,-0.006992986121682754,-0.008143501080667592,decile_7
2017-05-01,1.4597460103374156,0.7298730051687078,0.0014597460103374156,0.00017714385343079535,0.0019887943803216304,0.002166290536452564,0.0007065445261151485,decile_7
2017-06-01,1.4611266074484264,0.7305633037242132,0.0014611266074484265,0.00030682198733980733,-0.015210138820803406,-0.014907983638484223,-0.01636911024593265,decile_7
2017-07-03,1.3904596007366616,0.6952298003683308,0.0013904596007366617,-2.9288448438633945e-05,0.010842450568336905,0.010812844561343793,0.009422384960607131,decile_7
2017-08-01,1.0920502023471217,0.5460251011735608,0.0010920502023471217,0.000504053472747786,0.0027790661146493336,0.003284520385323342,0.0021924701829762203,decile_7
2017-09-01,1.3879704245392526,0.6939852122696263,0.0013879704245392526,-0.00013955436275763034,-0.0028758176062228117,-0.003014970636086911,-0.0044029410606261634,decile_7
2017-10-02,1.4234192212869052,0.7117096106434526,0.0014234192212869052,0.000300376697333234,-0.011940915429908714,-0.01164412550531535,-0.013067544726602256,decile_7
2017-11-01,1.3878766062982693,0.6939383031491346,0.0013878766062982693,-0.00013228525557452045,0.0013083732773734001,0.0011759149433054894,-0.0002119616629927799,decile_7
2017-12-01,1.2734171106425043,0.6367085553212521,0.0012734171106425043,0.00011177275145015801,0.0037675640095701348,0.0038797578720159986,0.002606340761373494,decile_7
2018-01-01,1.2587925549101817,0.6293962774550909,0.0012587925549101817,0.0005065034157330896,0.0005628216636561431,0.0010696101504843458,-0.0001891824044258359,decile_7
2018-02-01,1.4662112659484203,0.7331056329742102,0.0014662112659484204,0.00034694617971324585,0.004089530448788604,0.004437895475467801,0.0029716842095193806,decile_7
2018-03-01,1.2713727526065,0.63568637630325,0.0012713727526065,6.857336873570749e-05,0.013126836939607499,0.013196310459773208,0.011924937707166709,decile_7
2018-04-02,1.4919698320594104,0.7459849160297052,0.0014919698320594104,0.0002719632441982113,0.005644225761702806,0.005917724027850291,0.0044257541957908805,decile_7
2018-05-01,1.3002731795567088,0.6501365897783544,0.001300273179556709,0.00035420476958257757,-0.0021457145078351996,-0.001792269760565457,-0.003092542940122166,decile_7
2018-06-01,1.389159360198013,0.6945796800990065,0.001389159360198013,-0.000693493002273381,-0.017549163931247697,-0.018230486711139027,-0.019619646071337038,decile_7
2018-07-02,1.2663441971261267,0.6331720985630633,0.0012663441971261266,-0.0004141523395635746,-0.009041140088704689,-0.009451548018948208,-0.010717892216074335,decile_7
2018-08-01,1.2815362370304162,0.6407681185152081,0.0012815362370304161,-0.0009658337750917614,-0.004741450377011944,-0.005702704699186656,-0.006984240936217072,decile_7
2018-09-03,1.5479403922547297,0.7739701961273648,0.0015479403922547298,0.0006482429551065412,-0.00890028158398476,-0.008257808173713577,-0.009805748565968306,decile_7
2018-10-01,1.4514275109281545,0.7257137554640772,0.0014514275109281545,-0.00039334135283602023,7.096475234240145e-05,-0.0003224045138652265,-0.001773832024793381,decile_7
2018-11-01,1.2159793655438516,0.6079896827719258,0.0012159793655438515,0.0003282554675336293,0.00364006121098936,0.003969511548517657,0.0027535321829738053,decile_7
2018-12-03,1.1037395592589734,0.5518697796294867,0.0011037395592589734,-1.4575148204770879e-05,-0.02273867685011525,-0.022752920578734903,-0.023856660137993875,decile_7
2019-01-01,1.503558825859829,0.7517794129299145,0.001503558825859829,-0.00015912206818072917,-0.005014702801530757,-0.005173026919830348,-0.006676585745690177,decile_7
2019-02-01,1.1218720860141298,0.5609360430070649,0.0011218720860141297,0.00022758835473806862,-0.0058897135132416675,-0.005663465588712002,-0.0067853376747261315,decile_7
2019-03-01,1.2597480626898774,0.6298740313449387,0.0012597480626898774,0.0007116829231219668,-0.016974569801336162,-0.01627496738966916,-0.01753471545235904,decile_7
2019-04-01,1.1779468083261193,0.5889734041630597,0.0011779468083261194,-0.0002888214808307656,0.020470347994957748,0.020175614237905926,0.018997667429579805,decile_7
2019-05-01,1.494897797177622,0.747448898588811,0.0014948977971776221,-0.00010738094470753276,0.0014508071185044828,0.0013432703847580107,-0.00015162741241961136,decile_7
2019-06-03,1.3505147446787031,0.6752573723393516,0.0013505147446787032,0.0002771322495796781,0.007925411711185121,0.008204740347941053,0.00685422560326235,decile_7
2019-07-01,1.2941960493571185,0.6470980246785593,0.0012941960493571185,-0.0004408310250916357,-0.024796848586761747,-0.025226748391671827,-0.026520944441028947,decile_7
2019-08-01,1.4102531677704997,0.7051265838852498,0.0014102531677704997,0.00013725878551789654,0.010926112658649489,0.011064871149121469,0.00965461798135097,decile_7
2019-09-02,1.5411954464916198,0.7705977232458099,0.0015411954464916197,3.6829355669931274e-05,0.019019594704535986,0.019057124539623826,0.017515929093132206,decile_7
2019-10-01,1.2777179429662282,0.6388589714831141,0.0012777179429662282,8.550931607859781e-05,-0.0008047807571836033,-0.0007193402573572039,-0.001997058200323432,decile_7
2019-11-01,1.2630194358699636,0.6315097179349818,0.0012630194358699636,-0.0005568277470308181,-0.007598002567934265,-0.008150599536313252,-0.009413618972183216,decile_7
2019-12-02,1.424737803109848,0.712368901554924,0.001424737803109848,0.00016055340998591793,-0.0005548035167366591,-0.0003943391823471032,-0.0018190769854569513,decile_7
2020-01-01,1.227026174961729,0.6135130874808645,0.0012270261749617291,-0.0001525377997734587,0.008930240666859147,0.008776340667822957,0.007549314492861228,decile_7
2020-02-03,1.3877023801819623,0.6938511900909812,0.0013877023801819623,0.00011322076810831738,-0.00862682291992842,-0.008514578887337532,-0.009902281267519493,decile_7
2020-03-02,1.4252971627083864,0.7126485813541932,0.0014252971627083863,-0.00012840831912763143,-0.019093083206476496,-0.0192190398148826,-0.020644336977590987,decile_7
2020-04-01,1.1762092328048295,0.5881046164024147,0.0011762092328048296,0.0004295573253883724,0.008240907827694113,0.008674005095407722,0.007497795862602893,decile_7
2020-05-01,1.3435684167331796,0.6717842083665898,0.0013435684167331797,-0.0004705836262731215,0.010858226917655098,0.01038253358758423,0.009038965170851052,decile_7
2020-06-01,1.3178096985796155,0.6589048492898077,0.0013178096985796155,-0.00026950435092014364,0.005644834627677804,0.005373808969265426,0.00405599927068581,decile_7
2020-07-01,1.4211523110924966,0.7105761555462483,0.0014211523110924966,-0.0009408055157169721,0.025691572214573764,0.024726595926009898,0.0233054436149174,decile_7
2020-08-03,1.2721038414896024,0.6360519207448012,0.0012721038414896025,-0.00010517735511034648,-0.021394358497463864,-0.021497285650533215,-0.02276938949202282,decile_7
2020-09-01,1.1666237975663085,0.5833118987831543,0.0011666237975663084,0.0005588569786412509,0.004920447615468532,0.005482054420597571,0.004315430623031262,decile_7
2020-10-01,1.2779109795324388,0.6389554897662194,0.0012779109795324388,-0.00028270639977255363,-0.014453290052751155,-0.014731910414928051,-0.01600982139446049,decile_7
2020-11-02,1.3557359299620524,0.6778679649810262,0.0013557359299620525,0.00032237140245489705,0.025960650312545148,0.026291390686250082,0.02493565475628803,decile_7
2020-12-01,1.3077419491606677,0.6538709745803338,0.0013077419491606677,-1.1828725116911335e-05,-0.00332806450691834,-0.003339853865275133,-0.004647595814435801,decile_7
2021-01-01,1.5104242234657348,0.7552121117328674,0.0015104242234657349,-0.00013943021584941816,-0.015272517778515567,-0.015409818543914544,-0.01692024276738028,decile_7
2021-02-01,1.5495142261046189,0.7747571130523094,0.0015495142261046189,4.903955534341488e-06,0.003906668417122234,0.003911591530784797,0.0023620773046801784,decile_7
2021-03-01,1.4183565227782529,0.7091782613891264,0.001418356522778253,0.00010344536037989096,0.014700636626933265,0.01480560269996678,0.013387246177188526,decile_7
2021-04-01,1.31801492177891,0.659007460889455,0.00131801492177891,6.403750334347578e-05,-0.01056371764054943,-0.010500356611309769,-0.011818371533088678,decile_7
2021-05-03,1.3858842157836901,0.6929421078918451,0.0013858842157836902,0.0002245046701303226,0.006922055069759915,0.007148113773580267,0.005762229557796577,decile_7
2021-06-01,1.2859335068706772,0.6429667534353386,0.0012859335068706773,-0.00026198430839268817,0.004230740704023343,0.0039676480079533505,0.002681714501082673,decile_7
2021-07-01,1.3950760317036894,0.6975380158518447,0.0013950760317036895,-0.00024307645733047224,-0.009264389046361707,-0.009505213548823499,-0.01090028958052719,decile_7
2021-08-02,1.3066160276572985,0.6533080138286492,0.0013066160276572986,-0.00013192150911930548,0.012159099070382925,0.01202557351456468,0.010718957486907382,decile_7
2021-09-01,1.2794733133191936,0.6397366566595968,0.0012794733133191937,-0.00024317804373301245,-0.0034386610798735353,-0.0036810029167321234,-0.004960476230051317,decile_7
2021-10-01,1.2377910761654154,0.6188955380827077,0.0012377910761654154,1.3752551019650169e-06,0.004886818961748694,0.00488820093747333,0.003650409861307915,decile_7
2021-11-01,1.2310193826466627,0.6155096913233313,0.0012310193826466627,-0.0004511700279695546,-0.006587318779801608,-0.007035516806973008,-0.00826653618961967,decile_7
2021-12-01,0.9783394847679123,0.48916974238395616,0.0009783394847679124,-0.0002255373704860034,-0.01824926777592456,-0.018470689254543093,-0.019449028739311005,decile_7
2022-01-03,1.3824591629493166,0.6912295814746583,0.0013824591629493165,0.0004598666737781076,-0.004323761795813872,-0.0038658834759910388,-0.005248342638940355,decile_7
2022-02-01,1.3828546572550373,0.6914273286275187,0.0013828546572550373,0.00027485710249081053,0.010642392406438708,0.010920174646070091,0.009537319988815053,decile_7
2022-03-01,1.189857400071198,0.594928700035599,0.0011898574000711979,0.0004234859801352396,0.011850880675064443,0.012279385337017779,0.011089527936946581,decile_7
2022-04-01,1.4675187558389151,0.7337593779194576,0.0014675187558389152,0.0003902648879188402,0.01788833818929324,0.01828558426751048,0.016818065511671563,decile_7
2022-05-02,1.3848236916776813,0.6924118458388406,0.0013848236916776814,0.0006304038739851814,-0.006805490318837428,-0.006179376652313606,-0.007564200343991288,decile_7
2022-06-01,1.2988162553435953,0.6494081276717977,0.0012988162553435954,-1.6794764298545543e-05,0.00982163415782793,0.009804674441498573,0.008505858186154978,decile_7
2022-07-01,1.3947454183663373,0.6973727091831686,0.0013947454183663372,-7.913234696583165e-05,0.0029699264217903673,0.002890559057576514,0.0014958136392101767,decile_7
2022-08-01,1.3124894274164758,0.6562447137082379,0.0013124894274164757,0.00025155562520446105,0.010977066842565107,0.011231383810682116,0.00991889438326564,decile_7
2022-09-01,1.255650001497322,0.627825000748661,0.001255650001497322,0.00036409652852039054,0.028743831936634413,0.02911839399457916,0.027862743993081838,decile_7
2022-10-03,1.2620284132044817,0.6310142066022408,0.0012620284132044816,0.0004233629612345421,0.00889308429854467,0.00932021226228219,0.00805818384907771,decile_7
2022-11-01,1.2782365094857397,0.6391182547428699,0.0012782365094857397,0.00044194304586857075,-9.704109382788055e-05,0.0003448590654040462,-0.0009333774440816935,decile_7
2022-12-01,1.3521197183965048,0.6760598591982524,0.0013521197183965048,-0.00014916889030108864,-0.000536719424933106,-0.0006858082533931498,-0.0020379279717896545,decile_7
2023-01-02,1.1960829017057315,0.5980414508528658,0.0011960829017057316,0.0005180506537578878,-0.016621801447200095,-0.016112361728548574,-0.017308444630254306,decile_7
2023-02-01,1.4258328471260886,0.7129164235630443,0.0014258328471260886,-0.00031305556612352774,-0.004169221862354078,-0.004480972230367253,-0.005906805077493341,decile_7
2023-03-01,1.1972026921934453,0.5986013460967227,0.0011972026921934454,0.00019639916224950746,0.008112280559337454,0.008310272966692844,0.007113070274499399,decile_7
2023-04-03,1.2389125505817191,0.6194562752908596,0.001238912550581719,-0.00031951953543958556,0.002348221766286742,0.0020279519281192204,0.0007890393775375013,decile_7
2023-05-01,1.3416605254218048,0.6708302627109024,0.0013416605254218048,-0.0007083533246484851,-0.015753119205419504,-0.01645031375570527,-0.017791974281127075,decile_7
2023-06-01,1.1074587218851915,0.5537293609425957,0.0011074587218851916,-0.000526468399927332,0.0027260622015822674,0.0021981586160495503,0.0010906998941643588,decile_7
2023-07-03,1.3392306763095645,0.6696153381547822,0.0013392306763095646,0.0011346365844919892,0.0010635871435698966,0.002199430512945577,0.0008601998366360125,decile_7
2023-08-01,1.3080487198309372,0.6540243599154686,0.0013080487198309373,0.00036457968806612325,0.002650746885886632,0.0030162929824255613,0.001708244262594624,decile_7
2023-09-01,1.3138824304033432,0.6569412152016716,0.0013138824304033431,-0.0008055881706220412,0.02050294384890461,0.01968083874925486,0.018366956318851515,decile_7
2023-10-02,1.3813892686824891,0.6906946343412446,0.0013813892686824892,-8.717479816721868e-05,-0.009288166286336568,-0.009374531390482388,-0.010755920659164878,decile_7
2023-11-01,1.3957874770091192,0.6978937385045596,0.0013957874770091192,0.00018972873795134883,-0.000291258994251531,-0.00010158551650163439,-0.0014973729935107536,decile_7
2023-12-01,1.30579001177846,0.65289500588923,0.00130579001177846,0.00023734300298070682,0.00216753811639792,0.00240539556938435,0.0010996055576058899,decile_7
2024-01-01,1.2993145411114801,0.6496572705557401,0.0012993145411114803,-0.00011811092333499026,0.008687558948978826,0.00856842193003482,0.007269107388923339,decile_7
2024-02-01,1.1132685804544098,0.5566342902272049,0.0011132685804544097,0.0006482777702828577,-0.009261813306762772,-0.0086195397641593,-0.00973280834461371,decile_7
2024-03-01,1.2249284334763941,0.6124642167381971,0.0012249284334763942,0.00037919213766142033,-0.008341187540348426,-0.007965158315420995,-0.009190086748897389,decile_7
2024-04-01,1.2342204214227315,0.6171102107113657,0.0012342204214227314,-0.000819557653464446,0.004414120458461215,0.00359094517879166,0.002356724757368929,decile_7
2024-05-01,1.3291291602362214,0.6645645801181107,0.0013291291602362215,-0.00027182582437841206,-0.008766941189818623,-0.009036383933180847,-0.010365513093417069,decile_7
2024-06-03,1.4299946448183758,0.7149973224091879,0.0014299946448183757,0.0002832969450569403,0.00649831385750081,0.006783451755021597,0.0053534571102032205,decile_7
2024-07-01,1.2568034062826532,0.6284017031413266,0.0012568034062826533,3.7721709447050206e-05,-0.020303486321436255,-0.020266530494200907,-0.02152333390048356,decile_7
2024-08-01,1.3566459888654085,0.6783229944327043,0.0013566459888654085,-0.00028272858600785595,0.009339634566528527,0.009054265398845684,0.0076976194099802765,decile_7
2024-09-02,1.3432388562222783,0.6716194281111392,0.0013432388562222785,-0.00025961475883462786,0.002470720051195972,0.002210463856971101,0.0008672250007488226,decile_7
2024-10-01,1.3551471789540246,0.6775735894770123,0.0013551471789540247,-0.0003616620076569865,0.03208236314403859,0.0317090981645165,0.030353950985562476,decile_7
2024-11-01,1.3459894448404626,0.6729947224202313,0.0013459894448404626,-1.995380989371404e-05,-0.0009732940464797672,-0.0009932284354490228,-0.0023392178802894856,decile_7
2024-12-02,1.2227083967403716,0.6113541983701858,0.0012227083967403715,0.00024308072611007702,-0.013811368244291805,-0.013571644795603244,-0.014794353192343615,decile_7
2025-01-01,1.3851405504059264,0.6925702752029632,0.0013851405504059265,-0.0003271600404735944,-0.009196672839873046,-0.009520824096488134,-0.01090596464689406,decile_7
2025-02-03,1.440176326366991,0.7200881631834956,0.0014401763263669912,0.0004978551967385344,0.015970763005477014,0.016476569329573643,0.015036393003206652,decile_7
2025-03-03,1.3388856538994451,0.6694428269497226,0.0013388856538994452,-8.932158703964416e-05,-0.007459431132869803,-0.007548086431682366,-0.00888697208558181,decile_7
2025-04-01,1.1526266623417718,0.5763133311708859,0.0011526266623417718,0.0005572592420631755,-0.00780402352416844,-0.007251113146339527,-0.0084037398086813,decile_7
2025-05-01,1.226200325554001,0.6131001627770005,0.001226200325554001,0.0003439127568008534,-0.013129020988852075,-0.012789623469853573,-0.014015823795407573,decile_7
2025-06-02,1.4316269407522966,0.7158134703761483,0.0014316269407522967,0.00014206417575830902,0.005360873999546825,0.00550369976345122,0.004072072822698923,decile_7
2011-01-03,1.0,0.5,0.001,0.0,-0.0036822785393879585,-0.003682278539387962,-0.004682278539387962,decile_8
2011-02-01,1.1990723010536477,0.5995361505268239,0.0011990723010536478,-0.0007314086259446011,0.01890519895192326,0.018159962900390125,0.01696089059933648,decile_8
2011-03-01,1.2068647152587395,0.6034323576293698,0.0012068647152587396,0.00012061534596674646,0.009722954699359507,0.009844742782871174,0.008637878067612435,decile_8
2011-04-01,1.177604824078525,0.5888024120392625,0.001177604824078525,0.00013241162353440833,0.010180901894100465,0.0103146615873837,0.009137056763305175,decile_8
2011-05-02,1.2884908336554544,0.6442454168277272,0.0012884908336554543,-0.001147203152358699,-0.009661951944347175,-0.010798070874977417,-0.01208656170863287,decile_8
2011-06-01,1.2725571403191576,0.6362785701595788,0.0012725571403191577,0.0009542822339816301,0.0030084408915087547,0.003965594027185215,0.0026930368868660574,decile_8
2011-07-01,1.4198095904404806,0.7099047952202403,0.0014198095904404805,-5.822882787406136e-06,-0.02013174507773157,-0.020137450735727036,-0.02155726032616752,decile_8
2011-08-01,0.9455902564784284,0.4727951282392142,0.0009455902564784284,2.641416323666466e-05,-0.02597113480486958,-0.02594540664742706,-0.02689099690390549,decile_8
2011-09-01,1.3390695096022114,0.6695347548011057,0.0013390695096022114,-8.617143735542421e-05,0.012304378490512441,0.012217146767176557,0.010878077257574345,decile_8
2011-10-03,1.0735550825209228,0.5367775412604614,0.0010735550825209227,-8.832148007626605e-05,0.012547898255947472,0.012458468526925337,0.011384913444404414,decile_8
2011-11-01,1.1937053576837604,0.5968526788418802,0.0011937053576837604,-0.0001701475445016194,-0.010576863060533046,-0.010745210977756381,-0.011938916335440142,decile_8
2011-12-01,1.2389042525177092,0.6194521262588546,0.0012389042525177093,0.00010308362057405207,-0.014506732949679519,-0.01440514473566068,-0.01564404898817839,decile_8
2012-01-02,1.2979611237501905,0.6489805618750952,0.0012979611237501905,0.0005002714870128287,-0.007862726110697653,-0.007366388121368139,-0.00866434924511833,decile_8
2012-02-01,1.3595067347516907,0.6797533673758454,0.0013595067347516908,-0.0003994509065384248,0.00022486674491741605,-0.00017467398484616314,-0.001534180719597854,decile_8
2012-03-01,1.1599470529344833,0.5799735264672417,0.0011599470529344833,5.5569194712081144e-05,0.018738983163177594,0.018795593668093913,0.017635646615159428,decile_8
2012-04-02,1.3091249851770503,0.6545624925885252,0.0013091249851770505,0.0002471271075770679,-0.011486817488431045,-0.011242529084835251,-0.012551654070012302,decile_8
2012-05-01,1.3463267685944358,0.6731633842972179,0.0013463267685944358,-0.00014305005287780726,0.002043639742508041,0.0019002973468569273,0.0005539705782624915,decile_8
2012-06-01,1.0861805876087907,0.5430902938043953,0.0010861805876087906,4.498577703673348e-05,0.016105596521509485,0.0161513068213206,0.015065126233711808,decile_8
2012-07-02,1.2346910160451894,0.6173455080225947,0.0012346910160451895,-9.11172447688193e-05,-0.0025905360559547387,-0.0026814172582156903,-0.003916108274260879,decile_8
2012-08-01,1.1988845459312498,0.5994422729656249,0.0011988845459312497,-0.00018906962646975174,-0.012993170857782054,-0.013179783870291173,-0.014378668416222422,decile_8
2012-09-03,1.1132036849897753,0.5566018424948876,0.0011132036849897753,0.00022664585667578173,-0.01759663728720247,-0.01737397963545928,-0.018487183320449057,decile_8
2012-10-01,1.211673928827575,0.6058369644137875,0.001211673928827575,-0.00042266208540707125,-0.021165506059715945,-0.02157922228819309,-0.022790896217020663,decile_8
2012-11-01,1.2873029721576437,0.6436514860788218,0.0012873029721576436,0.0001811227755828761,-0.02611002256850589,-0.02593362891268125,-0.027220931884838893,decile_8
2012-12-03,1.0156442806384594,0.5078221403192297,0.0010156442806384593,-0.0005257366726098387,0.006856970037596501,0.006327628404374952,0.005311984123736493,decile_8
2013-01-01,0.9644837564848601,0.48224187824243003,0.0009644837564848601,0.0006611660275142647,0.020057677575017283,0.020732105057534866,0.019767621301050007,decile_8
2013-02-01,1.2929079331969293,0.6464539665984647,0.0012929079331969293,1.3252378536665623e-05,0.004912233409307066,0.004925550886620389,0.0036326429534234597,decile_8
2013-03-01,1.2747367946776773,0.6373683973388387,0.0012747367946776772,-0.00019727676721198153,-0.0032827335722541446,-0.0034793627323993492,-0.0047540995270770265,decile_8
2013-04-01,1.2638408752081993,0.6319204376040997,0.0012638408752081993,-0.00032752680655608344,0.031671561334384535,0.03133366124248593,0.030069820367277733,decile_8
2013-05-01,1.300972159805027,0.6504860799025135,0.0013009721598050271,-0.00015435731124483553,0.00021155799044844724,5.716802368116447e-05,-0.0012438041361238627,decile_8
2013-06-03,1.0724361343183235,0.5362180671591618,0.0010724361343183236,0.000266179942719375,-0.01270218886182926,-0.01243938998701366,-0.013511826121331984,decile_8
2013-07-01,1.101479719213216,0.550739859606608,0.001101479719213216,9.947134032322678e-05,0.0044339799462044995,0.004533892340456092,0.003432412621242876,decile_8
2013-08-01,1.2754468261467165,0.6377234130733582,0.0012754468261467165,0.0006468829789495498,0.006634199162141793,0.00728537369160831,0.0060099268654615935,decile_8
2013-09-02,1.0096515654856906,0.5048257827428453,0.0010096515654856907,-0.00026466680355140824,0.0026126994709408076,0.0023473411725718485,0.0013376896070861578,decile_8
2013-10-01,1.313812404845015,0.6569062024225075,0.001313812404845015,7.875597240886522e-05,-0.007088642842889859,-0.00701044514344118,-0.008324257548286194,decile_8
2013-11-01,1.0763012171460415,0.5381506085730208,0.0010763012171460416,-0.000521614512175963,-0.002005512500171316,-0.002526080907922834,-0.0036023821250688757,decile_8
2013-12-02,1.1982376466674722,0.5991188233337361,0.0011982376466674722,0.00014352424089456871,0.010686766740458493,0.010831824791436961,0.009633587144769489,decile_8
2014-01-01,1.195170409809724,0.597585204904862,0.001195170409809724,-0.0005627167085399431,0.0029785487113030574,0.002414155923635919,0.0012189855138261948,decile_8
2014-02-03,1.3236907636759596,0.6618453818379798,0.0013236907636759597,0.0004213032118717865,-0.0030645229155268966,-0.002644510797002231,-0.003968201560678191,decile_8
2014-03-03,1.2006970658549152,0.6003485329274576,0.0012006970658549152,-0.00019034896424413583,-0.01842851080526641,-0.01861535192156616,-0.019816048987421075,decile_8
2014-04-01,1.314562393925454,0.657281196962727,0.0013145623939254541,-0.0006648556887624093,-0.005502491574924369,-0.00616368890086072,-0.007478251294786174,decile_8
2014-05-01,1.1709359764011589,0.5854679882005794,0.0011709359764011588,0.00012190380532001738,-0.015135112697635608,-0.015015053920147348,-0.016185989896548507,decile_8
2014-06-02,1.2230875113127688,0.6115437556563844,0.001223087511312769,0.00030602325834480843,0.014018215547861916,0.014328528706204713,0.013105441194891944,decile_8
2014-07-01,1.1463899542756537,0.5731949771378269,0.0011463899542756538,-0.00012475809337298083,-0.002027712933497206,-0.0021522180532707047,-0.0032986080075463583,decile_8
2014-08-01,1.1522457994822122,0.5761228997411061,0.0011522457994822123,0.00040383240250266403,0.02700179922555844,0.0274165358295142,0.026264290030031986,decile_8
2014-09-01,1.1126915110292235,0.5563457555146117,0.0011126915110292236,0.00021812991900091534,-0.02291756113987801,-0.022704430226632155,-0.02381712173766138,decile_8
2014-10-01,1.1521624898533638,0.5760812449266819,0.0011521624898533638,0.000926480381216021,0.008186441806360025,0.009120506765301739,0.007968344275448375,decile_8
2014-11-03,1.315100015578953,0.6575500077894765,0.0013151000155789529,-7.656079870120347e-05,0.001256368112759183,0.0011797111255116288,-0.00013538889006732406,decile_8
2014-12-01,1.1314020073856872,0.5657010036928436,0.0011314020073856872,-0.0003465645995588738,-0.0149224747066658,-0.01526386770475352,-0.016395269712139206,decile_8
2015-01-01,1.3525169817521263,0.6762584908760632,0.0013525169817521264,0.0007615392410779627,-0.0073429545680496686,-0.0065870072750207065,-0.007939524256772832,decile_8
2015-02-02,1.1907187796626546,0.5953593898313273,0.0011907187796626546,0.0003981389881515291,0.0032271017449619754,0.003626525568136918,0.0024358067884742633,decile_8
2015-03-02,0.9198546994079364,0.4599273497039682,0.0009198546994079364,0.0004052950352256035,0.0027225724559261227,0.0031289709362511964,0.00220911623684326,decile_8
2015-04-01,1.053083007550407,0.5265415037752035,0.001053083007550407,0.000471775234050333,0.01657975726879977,0.017059354421716133,0.016006271414165725,decile_8
2015-05-01,1.390883828705738,0.695441914352869,0.001390883828705738,0.00023097564464502005,-0.004333725538045885,-0.004103750878450718,-0.005494634707156457,decile_8
2015-06-01,1.4601010034389486,0.7300505017194743,0.0014601010034389487,6.664780194471438e-05,0.0324456358021801,0.03251444603443354,0.031054345030994593,decile_8
2015-07-01,1.3463320221804964,0.6731660110902482,0.0013463320221804964,-0.00010743375461639898,-0.012766228452081554,-0.012872290682843013,-0.014218622705023509,decile_8
2015-08-03,1.2817914174644371,0.6408957087322186,0.0012817914174644372,6.061963110846137e-05,0.023869561652447992,0.02393162824757855,0.022649836830114116,decile_8
2015-09-01,0.9659193915291708,0.4829596957645854,0.0009659193915291708,-3.0223018243515326e-05,-0.012774671382718778,-0.012804508311836105,-0.013770427703365276,decile_8
2015-10-01,1.071857966489012,0.535928983244506,0.001071857966489012,0.00013378266909779436,-0.01005331066444203,-0.009920872954078286,-0.010992730920567299,decile_8
2015-11-02,1.266859478108746,0.633429739054373,0.0012668594781087461,-0.001125690003329128,-0.02789927766352408,-0.02899356172888734,-0.030260421206996086,decile_8
2015-12-01,1.2379162536723087,0.6189581268361544,0.0012379162536723088,5.8441562590016624e-06,0.004306124701121357,0.004311994023045829,0.00307407776937352,decile_8
2016-01-01,1.3014240115484113,0.6507120057742056,0.0013014240115484113,-0.000513925843413878,-0.008055121652815744,-0.008564907761040463,-0.009866331772588874,decile_8
2016-02-01,1.2629554645121046,0.6314777322560523,0.0012629554645121046,0.00012742898524332357,-0.01629328854061003,-0.016167935792591792,-0.017430891257103898,decile_8
2016-03-01,1.348995132512583,0.6744975662562915,0.0013489951325125831,0.0002899851770387139,0.0011363747885850802,0.0014266894974681588,7.769436495557564e-05,decile_8
2016-04-01,1.2346921728997073,0.6173460864498537,0.0012346921728997073,-0.00022438321953832067,-0.0057383179349026646,-0.005961413572188046,-0.007196105745087753,decile_8
2016-05-02,1.0676653386420996,0.5338326693210498,0.0010676653386420996,-0.0006103272096668148,0.013041921656987004,0.012423634607666711,0.011355969269024612,decile_8
2016-06-01,1.1572527697227448,0.5786263848613724,0.0011572527697227449,-0.00010778043107940747,0.0014844325367917642,0.0013764921129335583,0.00021923934321081348,decile_8
2016-07-01,1.2362176874588116,0.6181088437294058,0.0012362176874588116,0.0007580855112875903,0.006186586401652352,0.006949361874455384,0.005713144186996573,decile_8
2016-08-01,1.301705278877657,0.6508526394388285,0.001301705278877657,-0.0002648565857071339,-0.006577671100072953,-0.006840785546270656,-0.008142490825148313,decile_8
2016-09-01,1.0779793027859634,0.5389896513929817,0.0010779793027859634,0.0007904307958791095,-0.0013425577075640222,-0.0005531881106421999,-0.0016311674134281632,decile_8
2016-10-03,1.1574460725907358,0.5787230362953679,0.0011574460725907358,-0.001415557599289601,-0.0038372019449535435,-0.005247327763869936,-0.0064047738364606715,decile_8
2016-11-01,1.187440025829993,0.5937200129149965,0.0011874400258299932,-0.0002875784170887685,-0.01743230313924446,-0.017714868402190276,-0.018902308428020268,decile_8
2016-12-01,1.31814038231534,0.65907019115767,0.00131814038231534,0.0011911124289226802,5.348323723314936e-05,0.001244659370704504,-7.348101161083601e-05,decile_8
2017-01-02,1.2371723792917697,0.6185861896458849,0.0012371723792917698,-7.730882713237965e-05,0.008527767359159003,0.008449799260334068,0.007212626881042298,decile_8
2017-02-01,1.1489832768308583,0.5744916384154292,0.0011489832768308583,0.0001824172112942962,0.00023023461841700484,0.00041269382846853553,-0.0007362894483623227,decile_8
2017-03-01,1.072857637827279,0.5364288189136395,0.001072857637827279,0.00013534716972677922,-0.00346848253173063,-0.0033336048112977412,-0.00440646244912502,decile_8
2017-04-03,1.1480040751539804,0.5740020375769902,0.0011480040751539805,0.000482097832151905,-0.012393013801835464,-0.011916890614771303,-0.013064894689925284,decile_8
2017-05-01,1.230970125841742,0.615485062920871,0.001230970125841742,-7.756230868700192e-05,0.008543512897441798,0.00846528793417023,0.007234317808328487,decile_8
2017-06-01,1.3241515588271537,0.6620757794135769,0.0013241515588271538,0.0003906042504184258,-0.009081924930197072,-0.00869486811825837,-0.010019019677085524,decile_8
2017-07-03,1.3180253310764654,0.6590126655382327,0.0013180253310764653,-0.00012959156146810126,0.0011816758880938598,0.0010519311914023444,-0.00026609413967412093,decile_8
2017-08-01,1.185917630836916,0.592958815418458,0.001185917630836916,0.00040801637323833377,0.004871098209221742,0.005281102070284982,0.0040951844394480665,decile_8
2017-09-01,1.2098721914801647,0.6049360957400823,0.0012098721914801647,0.0008164169023177978,-0.008418762032923037,-0.007609218350225544,-0.008819090541705708,decile_8
2017-10-02,1.1833748002632718,0.5916874001316359,0.0011833748002632717,0.000399854630276088,-0.004540685277027553,-0.004142646260784089,-0.00532602106104736,decile_8
2017-11-01,1.1891109185274662,0.5945554592637331,0.0011891109185274663,0.00048271853739119625,-0.0030085835084976663,-0.0025273172701372193,-0.0037164281886646854,decile_8
2017-12-01,1.165744469597476,0.582872234798738,0.001165744469597476,0.00021227788177966258,-0.008436477244073228,-0.00822599023981263,-0.009391734709410106,decile_8
2018-01-01,1.2925589930889239,0.6462794965444619,0.0012925589930889239,0.00012291691638876195,0.0031185521843324973,0.0032418524235393598,0.0019492934304504359,decile_8
2018-02-01,1.1905481101011068,0.5952740550505534,0.0011905481101011069,-6.272128272095281e-06,-0.003597124196266509,-0.003603373762914197,-0.004793921873015304,decile_8
2018-03-01,1.0765954367219277,0.5382977183609639,0.0010765954367219278,0.0006469659702956233,0.01831485681763665,0.01897367187704413,0.0178970764403222,decile_8
2018-04-02,1.2362796016353879,0.6181398008176939,0.0012362796016353878,-0.0006372633532470745,0.01120664005398135,0.010562235119714991,0.009325955518079604,decile_8
2018-05-01,1.1457346102509485,0.5728673051254742,0.0011457346102509485,0.0004885254383658693,-0.004539634023193991,-0.004053326311529215,-0.005199060921780164,decile_8
2018-06-01,1.2706890917233817,0.6353445458616909,0.0012706890917233817,-0.00014523147627490643,-0.01880696179678444,-0.01894946191023328,-0.02022015100195666,decile_8
2018-07-02,1.213693682846407,0.6068468414232036,0.001213693682846407,0.0005231029770376874,-0.005189036182368193,-0.0046686476056055914,-0.0058823412884519985,decile_8
2018-08-01,1.3502140065445494,0.6751070032722747,0.0013502140065445494,-0.00034649216903536606,-0.00918825342781953,-0.009531561938994959,-0.010881775945539508,decile_8
2018-09-03,1.1910921605810174,0.5955460802905087,0.0011910921605810174,-0.0003542746520204224,-0.008848870600355779,-0.009200010321823493,-0.01039110248240451,decile_8
2018-10-01,1.3016926546193481,0.6508463273096741,0.0013016926546193482,2.084255727892429e-05,0.005633052225173874,0.005654012189666657,0.004352319535047309,decile_8
2018-11-01,1.2642399064121919,0.6321199532060959,0.001264239906412192,-0.00020313892905256478,0.0021556099446650447,0.0019520331273170655,0.0006877932209048735,decile_8
2018-12-03,1.0272301383639242,0.5136150691819621,0.0010272301383639241,-2.112618082528926e-05,-0.016518720424757084,-0.01653949762810769,-0.017566727766471616,decile_8
2019-01-01,1.2338480956876068,0.6169240478438034,0.0012338480956876068,0.00035720100984661373,-0.00500159035709153,-0.004646175920371309,-0.005880024016058916,decile_8
2019-02-01,1.30827966628891,0.654139833144455,0.00130827966628891,-1.1233927452063803e-05,-0.008031950851536157,-0.008043094548635055,-0.009351374214923965,decile_8
2019-03-01,1.3110797324787167,0.6555398662393583,0.0013110797324787167,-0.00038698382166620787,-0.022336394219629883,-0.022714734218098775,-0.024025813950577492,decile_8
2019-04-01,1.0481421412816576,0.5240710706408288,0.0010481421412816576,-0.0007448292988063193,0.01869707356031286,0.01793831813331681,0.016890175992035152,decile_8
2019-05-01,1.290042879447677,0.6450214397238385,0.0012900428794476772,5.3717757055617306e-05,-0.001307416869473164,-0.0012537693439191866,-0.0025438122233668635,decile_8
2019-06-03,1.2257485578213008,0.6128742789106504,0.001225748557821301,0.00048562243424994645,0.010946878727588795,0.01143781721173398,0.010212068653912679,decile_8
2019-07-01,1.3052011277733315,0.6526005638866658,0.0013052011277733316,0.0001008726476643963,-0.02543553830522542,-0.025337231407654648,-0.02664243253542798,decile_8
2019-08-01,1.2336603577850105,0.6168301788925052,0.0012336603577850105,0.0002709266256058325,0.009488979150897341,0.009762476593605074,0.008528816235820063,decile_8
2019-09-02,1.2314272734851164,0.6157136367425582,0.0012314272734851165,-0.0002963093365922301,0.016318419911357712,0.016017275274587295,0.014785848001102178,decile_8
2019-10-01,1.078856249772353,0.5394281248861765,0.0010788562497723532,-0.00032245414491437495,-0.004028030828353564,-0.004349186118031478,-0.005428042367803832,decile_8
2019-11-01,1.224816292195082,0.612408146097541,0.001224816292195082,-0.00021197927592532789,-0.010381520052452178,-0.01059129866127373,-0.011816114953468812,decile_8
2019-12-02,1.1929018249099737,0.5964509124549868,0.0011929018249099738,5.220041048252757e-05,0.003960720993981799,0.004013128155726076,0.002820226330816102,decile_8
2020-01-01,1.3181477612752062,0.6590738806376031,0.0013181477612752063,-0.00023945913220075254,0.00245467293666608,0.0022146260106141735,0.0008964782493389673,decile_8
2020-02-03,1.3499116962218571,0.6749558481109286,0.0013499116962218572,0.0008227644518199757,-0.0068715925391465114,-0.006054481789395161,-0.0074043934856170175,decile_8
2020-03-02,1.233431968298211,0.6167159841491054,0.0012334319682982108,-0.00020046774853905812,-0.019735703561653585,-0.019932214938133797,-0.02116564690643201,decile_8
2020-04-01,1.1851667845863525,0.5925833922931762,0.0011851667845863526,0.00021501822744666099,0.010450097839397664,0.010667363028358468,0.009482196243772115,decile_8
2020-05-01,1.4226191531305146,0.7113095765652573,0.0014226191531305145,0.000749949175548438,0.007263141422923352,0.008018537585393837,0.0065959184322633225,decile_8
2020-06-01,1.3432372644264916,0.6716186322132458,0.0013432372644264917,-1.9882069057644623e-06,0.0058424910213325494,0.005840491198345843,0.004497253933919351,decile_8
2020-07-01,1.107423629808394,0.553711814904197,0.001107423629808394,0.0006880664910254282,0.022544588355498756,0.02324816702232546,0.02214074339251707,decile_8
2020-08-03,1.1609848192037098,0.5804924096018549,0.0011609848192037097,-4.2223271853176694e-05,-0.014023317774111449,-0.014064948935606059,-0.015225933754809769,decile_8
2020-09-01,1.1574835679571378,0.5787417839785689,0.0011574835679571379,0.0004951344566125936,0.0031781326259439973,0.0036748406855273696,0.0025173571175702318,decile_8
2020-10-01,1.2752533686678804,0.6376266843339402,0.0012752533686678804,-0.00022537631797969705,-0.010725363960540614,-0.010948323035481877,-0.012223576404149757,decile_8
2020-11-02,1.4242959234678052,0.7121479617339026,0.0014242959234678052,-0.00030399368094888844,0.02261816566453337,0.022307296204147953,0.020883000280680148,decile_8
2020-12-01,1.148501670268596,0.574250835134298,0.001148501670268596,0.00015126051397494183,-0.00892956864635703,-0.008779658823525271,-0.009928160493793867,decile_8
2021-01-01,1.3330244855697817,0.6665122427848909,0.0013330244855697818,0.001115874801927743,-0.012732565379036092,-0.011630898525978761,-0.012963923011548542,decile_8
2021-02-01,1.27635658732994,0.63817829366497,0.00127635658732994,9.636140867976814e-05,-0.003700687969562993,-0.003604683164389111,-0.004881039751719051,decile_8
2021-03-01,1.4343095072624794,0.7171547536312397,0.0014343095072624793,-0.0007279420901341472,0.01648558755128564,0.015745644908092382,0.014311335400829902,decile_8
2021-04-01,1.2645771610999246,0.6322885805499623,0.0012645771610999247,1.6517383629766644e-05,-0.006974379273230842,-0.006957977088099199,-0.008222554249199123,decile_8
2021-05-03,1.376118852079474,0.688059426039737,0.001376118852079474,0.00017835208194436154,0.00827134507127724,0.008451172364835502,0.007075053512756028,decile_8
2021-06-01,1.0253827449702069,0.5126913724851034,0.0010253827449702069,0.0002927167462723917,0.005163060742063377,0.0054572888026769295,0.004431906057706722,decile_8
2021-07-01,1.5069020322975022,0.7534510161487511,0.0015069020322975022,8.462139445713167e-05,-0.00030553266023215526,-0.00022093712037474234,-0.0017278391526722445,decile_8
2021-08-02,1.3059109197346932,0.6529554598673466,0.0013059109197346933,-0.00014165272780377144,0.01112790817672536,0.0109846791503736,0.009678768230638906,decile_8
2021-09-01,1.3160932972592203,0.6580466486296102,0.0013160932972592202,0.0003908008480420049,-0.003696542317266163,-0.0033071860810965914,-0.004623279378355811,decile_8
2021-10-01,1.2004189222935353,0.6002094611467677,0.0012004189222935354,-0.00032598380911817867,0.012024593118594556,0.011694689486808407,0.010494270564514872,decile_8
2021-11-01,1.2586693694441047,0.6293346847220523,0.0012586693694441047,0.0007781094147299068,-0.00997439986204426,-0.009204051621753306,-0.01046272099119741,decile_8
2021-12-01,1.0527430551944552,0.5263715275972276,0.0010527430551944552,0.00020478490179661667,-0.018335591415781286,-0.018134561366272228,-0.019187304421466683,decile_8
2022-01-03,1.1501605075137915,0.5750802537568958,0.0011501605075137915,0.0002918855080663231,-0.006664045190926955,-0.006374104821077031,-0.0075242653285908226,decile_8
2022-02-01,1.2260245320030219,0.6130122660015109,0.001226024532003022,-1.000133277662089e-05,0.004957218307784486,0.004947167396217811,0.003721142864214789,decile_8
2022-03-01,1.1235057708950258,0.5617528854475129,0.0011235057708950259,-0.000540456948150344,0.013876496972741386,0.013328540375386222,0.012205034604491197,decile_8
2022-04-01,1.1748690137775546,0.5874345068887773,0.0011748690137775547,-0.000441830208716406,0.011337154080254649,0.010890314774384846,0.009715445760607292,decile_8
2022-05-02,1.15171578835126,0.57585789417563,0.0011517157883512601,-0.0005716080653369118,-0.006980643300710463,-0.007548261174035509,-0.008699976962386769,decile_8
2022-06-01,1.234946792792611,0.6174733963963055,0.001234946792792611,-0.0003200932172639906,0.011037351337759523,0.010713725139195773,0.009478778346403162,decile_8
2022-07-01,1.297115937584782,0.648557968792391,0.001297115937584782,0.0002829676184661442,-0.003048979477392803,-0.002766874621388138,-0.00406399055897292,decile_8
2022-08-01,1.3233200142512278,0.6616600071256139,0.0013233200142512278,0.00016160562562509816,0.009735428828118519,0.00989860775381013,0.008575287739558901,decile_8
2022-09-01,1.2363090511390862,0.6181545255695431,0.0012363090511390861,0.0004359196296404111,0.029903620322357834,0.03035257552709414,0.02911626647595505,decile_8
2022-10-03,1.1116515921734877,0.5558257960867439,0.0011116515921734877,-0.00013894225963988617,0.0016818312558336988,0.0015426553187589676,0.00043100372658547983,decile_8
2022-11-01,1.2786887273199556,0.6393443636599778,0.0012786887273199556,0.0007897522941753728,-0.005445122559011476,-0.0046596705628692,-0.005938359290189156,decile_8
2022-12-01,1.1983259996467153,0.5991629998233576,0.0011983259996467153,3.079612461283339e-05,0.0031760250327109857,0.003206918966586647,0.002008592966939932,decile_8
2023-01-02,1.129509155183853,0.5647545775919265,0.001129509155183853,0.0007668746072075706,-0.01608135125948068,-0.015326809032203514,-0.016456318187387367,decile_8
2023-02-01,1.1263502264185843,0.5631751132092921,0.0011263502264185843,0.00020261175473384373,-0.005252791528630904,-0.005051244051205939,-0.006177594277624523,decile_8
2023-03-01,1.2580903147455347,0.6290451573727673,0.0012580903147455347,0.0002673723890636291,0.0031963756909057974,0.0034646027025742043,0.0022065123878286697,decile_8
2023-04-03,1.354134343452965,0.6770671717264825,0.001354134343452965,0.0009680502913307752,0.001618713297880903,0.0025883305850911142,0.0012341962416381493,decile_8
2023-05-01,1.2290070495314298,0.6145035247657149,0.0012290070495314298,-0.00031294514129511327,-0.019764042381035025,-0.020070802461294668,-0.021299809510826096,decile_8
2023-06-01,1.0051558643073015,0.5025779321536508,0.0010051558643073015,-0.0005972349116106866,0.008631840331375918,0.008029450183367759,0.007024294319060457,decile_8
2023-07-03,1.4188125237218197,0.7094062618609098,0.0014188125237218196,0.0003043979763279017,-0.0034163938010151364,-0.003113035768046446,-0.004531848291768266,decile_8
2023-08-01,1.267194140024957,0.6335970700124784,0.0012671941400249568,0.0004631122139645284,0.005237867236038001,0.005703405170294662,0.004436211030269705,decile_8
2023-09-01,1.444489877949165,0.7222449389745825,0.0014444898779491652,0.00033999064411364174,0.015869641513146363,0.016215027686899974,0.01477053780895081,decile_8
2023-10-02,1.3808438006663906,0.6904219003331953,0.0013808438006663907,-0.00027284123236492376,-0.008008202947275857,-0.008278859211679701,-0.009659703012346092,decile_8
2023-11-01,1.3088018623431075,0.6544009311715537,0.0013088018623431076,4.543156450045958e-05,0.00498478490889883,0.005030442939976343,0.0037216410776332353,decile_8
2023-12-01,1.4228145960840886,0.7114072980420443,0.0014228145960840887,-0.0003552256741356937,0.00019405325617447098,-0.0001612413506600907,-0.0015840559467441794,decile_8
2024-01-01,1.2013520306752548,0.6006760153376274,0.0012013520306752548,-2.8427499203089108e-05,0.01105637210968351,0.011027630305471048,0.009826278274795793,decile_8
2024-02-01,1.341714576705872,0.670857288352936,0.001341714576705872,0.0002825702075330406,-0.013122936786747839,-0.012844074730186006,-0.014185789306891877,decile_8
2024-03-01,1.066241624320139,0.5331208121600695,0.0010662416243201389,0.00015497269981733843,-0.0038001101972757476,-0.0036457264107953025,-0.004711968035115441,decile_8
2024-04-01,1.2840002721604726,0.6420001360802363,0.0012840002721604727,0.00027546422034705446,0.008103503694066004,0.008381200139740308,0.0070971998675798354,decile_8
2024-05-01,1.0941588473480304,0.5470794236740152,0.0010941588473480303,-0.00011263733551654982,-0.0011492105177151398,-0.0012617184092210687,-0.002355877256569099,decile_8
2024-06-03,1.1426199754873143,0.5713099877436572,0.0011426199754873143,-0.0003359832094990486,0.002958352466121232,0.0026213752998658357,0.0014787553243785214,decile_8
2024-07-01,1.2271810679362058,0.6135905339681029,0.0012271810679362059,-0.00021350193555611506,-0.01556292999916446,-0.015773109219042847,-0.017000290286979053,decile_8
2024-08-01,1.1095851956833158,0.5547925978416579,0.0011095851956833159,0.001042313746393297,0.010901111316057147,0.011954787440626058,0.010845202244942741,decile_8
2024-09-02,1.228890321386927,0.6144451606934636,0.0012288903213869271,7.459033109616321e-05,0.012386092170415409,0.01246160638422733,0.011232716062840403,decile_8
2024-10-01,1.1987030293665812,0.5993515146832906,0.0011987030293665812,-0.0004881583185504068,0.02967031387492812,0.029167671745845558,0.027968968716478977,decile_8
2024-11-01,1.3109706103766365,0.6554853051883183,0.0013109706103766367,-4.911195196415514e-05,0.00034782009170052346,0.00029869105761259895,-0.0010122795527640377,decile_8
2024-12-02,1.2629178848883416,0.6314589424441708,0.0012629178848883415,-0.00026433111572143203,-0.01152971092161481,-0.01179099437598441,-0.013053912260872751,decile_8
2025-01-01,1.4584793236687994,0.7292396618343997,0.0014584793236687994,-0.0005134850003486461,-0.011472907804487266,-0.01198050163876796,-0.013438980962436758,decile_8
2025-02-03,1.265235472472042,0.632617736236021,0.0012652354724720421,0.000683115316837708,0.012736900363674475,0.013428716452239753,0.01216348097976771,decile_8
2025-03-03,1.449148792888796,0.724574396444398,0.001449148792888796,-0.00013196385047773622,-0.0037439401418460977,-0.003875409927566742,-0.005324558720455538,decile_8
2025-04-01,1.1338330201295468,0.5669165100647734,0.0011338330201295468,-0.00037282901245886877,0.004776222483652165,0.004401612756881335,0.003267779736751788,decile_8
2025-05-01,1.1908287308404983,0.5954143654202492,0.0011908287308404983,1.079067468295055e-05,-0.010321303364469087,-0.01031062406361316,-0.01150145279445366,decile_8
2025-06-02,1.0723389262017242,0.5361694631008621,0.0010723389262017242,-1.8694918009614243e-07,-0.00038220506085739697,-0.00038239193858458087,-0.001454730864786305,decile_8
2011-01-03,1.0,0.5,0.001,0.0,0.0004558212082975536,0.00045582120829745776,-0.0005441787917025423,decile_9
2011-02-01,1.084726865961938,0.542363432980969,0.001084726865961938,-0.0005230338630645198,0.007709454932682276,0.007182388763622205,0.006097661897660267,decile_9
2011-03-01,1.0288728684796715,0.5144364342398358,0.0010288728684796715,0.00025707586383911927,0.015396895351338515,0.01565792938535071,0.014629056516871039,decile_9
2011-04-01,0.998401757530048,0.499200878765024,0.0009984017575300481,0.0003470798616551235,0.009936576349500964,0.010287104996700824,0.009288703239170776,decile_9
2011-05-02,1.1543902250279872,0.5771951125139936,0.0011543902250279873,-0.0010906267788923767,-0.005056209394812779,-0.006141321736339522,-0.00729571196136751,decile_9
2011-06-01,1.1903031764885863,0.5951515882442932,0.0011903031764885863,0.000487200264074027,0.0030303746711085842,0.0035190513345229046,0.0023287481580343185,decile_9
2011-07-01,1.1806430299401538,0.5903215149700769,0.0011806430299401538,-9.861589901384297e-05,-0.01733772863174463,-0.017434634755062572,-0.018615277785002726,decile_9
2011-08-01,1.0743297125083533,0.5371648562541766,0.0010743297125083533,0.0003473997844943266,-0.023191695442959917,-0.02285235244846462,-0.023926682160972972,decile_9
2011-09-01,0.9207497081959071,0.46037485409795353,0.0009207497081959071,0.00019557075211025456,0.01460628825747578,0.014804715572366067,0.01388396586417016,decile_9
2011-10-03,1.069068077433439,0.5345340387167195,0.0010690680774334388,-0.00012211224650779504,0.01822865685694054,0.018104318668193065,0.017035250590759627,decile_9
2011-11-01,1.0291525738299634,0.5145762869149817,0.0010291525738299633,0.00017665003262866448,-0.005846869699234694,-0.005671252516329273,-0.0067004050901592355,decile_9
2011-12-01,0.967178133967035,0.4835890669835175,0.000967178133967035,-0.0005004192279397611,-0.008977512099187198,-0.009473438807453438,-0.010440616941420473,decile_9
2012-01-02,1.0718908570079897,0.5359454285039948,0.0010718908570079898,-0.0009149934996294242,-0.008873178439848953,-0.00978005303888485,-0.01085194389589284,decile_9
2012-02-01,1.1672649455710713,0.5836324727855356,0.0011672649455710714,-0.0004493038281576056,-0.0005181616774232302,-0.0009672326935554754,-0.0021344976391265468,decile_9
2012-03-01,0.9012638691730381,0.45063193458651907,0.0009012638691730381,0.00024729959453963007,0.007953066564853197,0.008202332949529767,0.0073010690803567285,decile_9
2012-04-02,1.003669394355985,0.5018346971779925,0.001003669394355985,0.00045388750310070756,-0.012017867147067249,-0.011569434403678636,-0.01257310379803462,decile_9
2012-05-01,1.1315421390200153,0.5657710695100077,0.0011315421390200153,3.173509779862561e-05,-0.0019088094721713114,-0.0018771349506280233,-0.0030086770896480385,decile_9
2012-06-01,1.0743499147389959,0.5371749573694979,0.001074349914738996,4.1391940550359e-05,0.013078881888229504,0.01312081518908137,0.012046465274342374,decile_9
2012-07-02,1.0666391773529285,0.5333195886764642,0.0010666391773529284,-0.0006571322281035162,-0.004875940504424072,-0.005529868594879805,-0.006596507772232734,decile_9
2012-08-01,1.3106179510550602,0.6553089755275301,0.0013106179510550603,-0.0003352270930663012,-0.007228610129006828,-0.007561413996112654,-0.008872031947167715,decile_9
2012-09-03,0.931786725263108,0.465893362631554,0.000931786725263108,1.7033369949129122e-06,-0.020077986216956032,-0.02007631707953772,-0.021008103804800827,decile_9
2012-10-01,0.9481378630815215,0.47406893154076074,0.0009481378630815216,-0.0001744317657860702,-0.00833621704818642,-0.008509194712912782,-0.009457332575994303,decile_9
2012-11-01,0.8951636009497838,0.4475818004748919,0.0008951636009497838,2.849742851643028e-05,-0.019758459114300478,-0.019730524751060186,-0.02062568835200997,decile_9
2012-12-03,0.9136777579655981,0.45683887898279907,0.0009136777579655982,0.00011039210487903098,0.0012582849795702523,0.0013688159891767082,0.00045513823121111005,decile_9
2013-01-01,0.8928980720414313,0.4464490360207157,0.0008928980720414313,-1.9507550714391314e-05,0.018127256100028313,0.018107394930946263,0.017214496858904832,decile_9
2013-02-01,1.191652827629539,0.5958264138147695,0.001191652827629539,0.0007397936615579181,0.0062044509166279465,0.0069488345916473016,0.005757181764017762,decile_9
2013-03-01,0.7694451569382195,0.38472257846910973,0.0007694451569382195,8.682487203850661e-05,0.004902988931355276,0.0049902395047802806,0.004220794347842061,decile_9
2013-04-01,1.0056756798056545,0.5028378399028273,0.0010056756798056546,0.0003458530325341678,0.033467346044720764,0.03382477386037541,0.03281909818056976,decile_9
2013-05-01,1.0346251634426276,0.5173125817213138,0.0010346251634426277,0.00031922399568170016,-0.010016028971331466,-0.00970000233243884,-0.010734627495881468,decile_9
2013-06-03,0.9656583778384604,0.4828291889192302,0.0009656583778384605,0.00035019329901263263,-0.009983696657210116,-0.009636999581866146,-0.010602657959704605,decile_9
2013-07-01,1.040635704127882,0.520317852063941,0.001040635704127882,-3.086324132715049e-05,0.007495762215316854,0.007464667630471489,0.006424031926343607,decile_9
2013-08-01,1.1878083558893344,0.5939041779446672,0.0011878083558893345,-0.0006093897287446013,0.0041576156604556415,0.003545692323431604,0.0023578839675422692,decile_9
2013-09-02,1.1280826976231118,0.5640413488115559,0.0011280826976231117,0.00016064092777670153,0.0007610947743500749,0.0009218579650975833,-0.00020622473252552838,decile_9
2013-10-01,1.0311383675052428,0.5155691837526214,0.0010311383675052428,-0.0007453066980172152,-0.0006052989814100394,-0.0013501545460421482,-0.002381292913547391,decile_9
2013-11-01,1.1134417531640326,0.5567208765820163,0.0011134417531640326,-0.0001822384267138199,-0.004628423773215371,-0.004809818723262582,-0.005923260476426615,decile_9
2013-12-02,1.0164241394802134,0.5082120697401067,0.0010164241394802133,0.0009188842936520137,0.0028683100050386524,0.003789829943703582,0.002773405804223369,decile_9
2014-01-01,0.7885356316706086,0.3942678158353043,0.0007885356316706087,0.0002501082685804508,0.0033237581648129424,0.003574697732793064,0.0027861621011224555,decile_9
2014-02-03,1.0349959173628434,0.5174979586814217,0.0010349959173628434,-7.570022091699194e-05,-0.00851911464358768,-0.008594169965644105,-0.009629165883006949,decile_9
2014-03-03,0.9948162035293275,0.49740810176466377,0.0009948162035293277,0.00026058468538865567,-0.01624131234848004,-0.015984959900359974,-0.016979776103889302,decile_9
2014-04-01,0.9598652112412136,0.4799326056206068,0.0009598652112412136,-0.0008208182856105147,-0.010731167061320348,-0.011543177008781047,-0.01250304222002226,decile_9
2014-05-01,0.9704128642937426,0.4852064321468713,0.0009704128642937426,0.00039149876719048616,-0.012668959093512532,-0.012282420208188705,-0.013252833072482447,decile_9
2014-06-02,0.9623898043590725,0.48119490217953625,0.0009623898043590725,-0.0006494960152314681,0.013929357010618863,0.013270813933514258,0.012308424129155185,decile_9
2014-07-01,0.8888339346283083,0.44441696731415414,0.0008888339346283083,0.0005510665197122805,-0.0028109064048817277,-0.0022613888815791183,-0.0031502228162074266,decile_9
2014-08-01,0.8886856445940132,0.4443428222970066,0.0008886856445940132,0.00011397129299857813,0.01871186929243414,0.018827973201370307,0.017939287556776293,decile_9
2014-09-01,0.8980273351667203,0.44901366758336014,0.0008980273351667204,-4.484500190646084e-06,-0.016491933253722536,-0.016496343795835422,-0.017394371131002142,decile_9
2014-10-01,0.9982622960298152,0.4991311480149076,0.0009982622960298152,-0.000318681890589425,0.011282600544476391,0.010960323093414548,0.009962060797384733,decile_9
2014-11-03,1.0351636194354856,0.5175818097177428,0.0010351636194354857,-0.0005068385899692979,0.0009149227742084464,0.0004076204660703464,-0.0006275431533651393,decile_9
2014-12-01,0.8856315004761899,0.44281575023809494,0.0008856315004761899,2.7954156106323083e-05,-0.019902526320442784,-0.019875128522664043,-0.020760760023140232,decile_9
2015-01-01,0.9814462004524368,0.4907231002262184,0.0009814462004524367,-0.00031685486679694974,-0.003563178820546147,-0.0038789046767925273,-0.0048603508772449636,decile_9
2015-02-02,0.9264243399194565,0.46321216995972825,0.0009264243399194565,9.576679834763236e-05,-0.0007432462385993973,-0.0006475506185644742,-0.0015739749584839308,decile_9
2015-03-02,0.8815302846895114,0.4407651423447557,0.0008815302846895115,-0.0005497361251689402,0.004178493598852215,0.0036264604048033,0.0027449301201137883,decile_9
2015-04-01,0.8154379617496617,0.4077189808748308,0.0008154379617496617,0.00012385393405356344,0.012840088103680564,0.012965532333159224,0.012150094371409563,decile_9
2015-05-01,0.9734950159713337,0.48674750798566685,0.0009734950159713337,-0.00046462730711507893,-0.0055019615036973404,-0.00596403244925503,-0.006937527465226364,decile_9
2015-06-01,1.0044435086525327,0.5022217543262664,0.0010044435086525327,0.0001813032687224519,0.020319942515414236,0.020504929856134835,0.0195004863474823,decile_9
2015-07-01,1.038554023219339,0.5192770116096695,0.0010385540232193391,0.0001114972163017596,-0.009310608720100297,-0.009200149610752995,-0.010238703633972333,decile_9
2015-08-03,1.0029750698493347,0.5014875349246674,0.0010029750698493348,-0.0003197501476344068,0.031166596753050616,0.030836881081503176,0.02983390601165384,decile_9
2015-09-01,1.0821181899687387,0.5410590949843693,0.0010821181899687386,0.0002834852746589429,-0.010216188922075556,-0.009935599786539129,-0.011017717976507867,decile_9
2015-10-01,1.0124425195162048,0.5062212597581024,0.001012442519516205,-0.0004414443620725464,-0.011739133338765872,-0.012175395526610289,-0.013187838046126494,decile_9
2015-11-02,1.0711712059244436,0.5355856029622218,0.0010711712059244436,-0.0009576034983335396,-0.027309202811371013,-0.028240654921555697,-0.02931182612748014,decile_9
2015-12-01,1.1535556410541736,0.5767778205270868,0.0011535556410541736,-0.00017322589340858393,0.008677815593530116,0.008503086477762434,0.00734953083670826,decile_9
2016-01-01,0.9618743156873635,0.48093715784368174,0.0009618743156873636,0.0006452411027561373,-0.003701045722635232,-0.0030581926867023768,-0.00402006700238974,decile_9
2016-02-01,0.9516603093254828,0.4758301546627414,0.0009516603093254829,0.00015336921697415293,-0.013225725888664823,-0.013074385090914076,-0.01402604540023956,decile_9
2016-03-01,1.0601864541299162,0.5300932270649581,0.0010601864541299163,-0.0002134157847720907,-0.002506030736653473,-0.002718911694909232,-0.003779098149039148,decile_9
2016-04-01,1.0805131688174519,0.5402565844087259,0.001080513168817452,0.0004067488530951565,-0.006016434791375931,-0.005612133116231766,-0.006692646285049218,decile_9
2016-05-02,1.03711430568908,0.51855715284454,0.00103711430568908,0.000532920691960616,0.013471903444904263,0.014012003592970723,0.012974889287281643,decile_9
2016-06-01,1.1921872284069126,0.5960936142034563,0.0011921872284069127,-0.0005502365759165658,0.007395855069531927,0.006841549023645976,0.005649361795239064,decile_9
2016-07-01,0.849918066414564,0.424959033207282,0.000849918066414564,-0.0007401280295900327,0.008389057057323374,0.00764272005146327,0.006792801985048706,decile_9
2016-08-01,1.2428332847475967,0.6214166423737983,0.0012428332847475966,-3.723368343829004e-05,-0.002835384443048468,-0.002872512554680018,-0.0041153458394276145,decile_9
2016-09-01,0.9884597558097219,0.49422987790486095,0.000988459755809722,-0.000851214078637298,-0.0024518431800541213,-0.0033009702152578813,-0.004289429971067603,decile_9
2016-10-03,0.928452803216377,0.4642264016081885,0.0009284528032163771,-0.00036365107117361734,-0.006904992488775532,-0.007266132552034121,-0.008194585355250498,decile_9
2016-11-01,1.0148443859094116,0.5074221929547058,0.0010148443859094116,1.6778482502717584e-05,-0.025869939303007405,-0.025853594878828656,-0.02686843926473807,decile_9
2016-12-01,1.1529064111740972,0.5764532055870486,0.0011529064111740971,0.0002053371900386964,-0.0004995223469335813,-0.00029428772740991427,-0.0014471941385840114,decile_9
2017-01-02,1.036298287148124,0.518149143574062,0.001036298287148124,-0.00019113798328114858,0.004827315899404994,0.004635255232698032,0.0035989569455499083,decile_9
2017-02-01,1.0968218428020988,0.5484109214010494,0.001096821842802099,0.001223327275715824,0.0012368248993664048,0.0024616652167168684,0.0013648433739147695,decile_9
2017-03-01,0.9510078107573166,0.4755039053786583,0.0009510078107573166,0.00016238369756838494,-0.0032251058591513154,-0.0030632458661974393,-0.004014253676954756,decile_9
2017-04-03,0.9622470789394556,0.4811235394697278,0.0009622470789394556,-0.00027574379802929613,-0.008582418457705155,-0.008855795707072622,-0.009818042786012077,decile_9
2017-05-01,1.0714032087479888,0.5357016043739944,0.0010714032087479888,-0.0006582112269039184,0.0004948929558074339,-0.00016364401519597394,-0.0012350472239439627,decile_9
2017-06-01,0.8845528859241276,0.4422764429620638,0.0008845528859241276,0.00012380166879440494,-0.010891988209192327,-0.010769534986714846,-0.011654087872638974,decile_9
2017-07-03,1.199707582922461,0.5998537914612305,0.0011997075829224611,-0.0005952135967324879,0.015524964663470477,0.014920510396681408,0.013720802813758946,decile_9
2017-08-01,1.0693840121372578,0.5346920060686289,0.0010693840121372578,0.0001595573217155282,0.0012979826369130358,0.0014577470612617827,0.00038836304912452484,decile_9
2017-09-01,0.9368103292655068,0.4684051646327534,0.0009368103292655068,0.00021010917101904668,-0.001996389797205136,-0.001786700085991355,-0.002723510415256862,decile_9
2017-10-02,1.1196035910770181,0.5598017955385091,0.001119603591077018,-0.000863834956217784,-0.005493542381365928,-0.006352631823641208,-0.007472235414718227,decile_9
2017-11-01,1.0144650564934432,0.5072325282467216,0.0010144650564934432,0.0003880203481623731,0.0012067886245749105,0.0015952772312795016,0.0005808121747860585,decile_9
2017-12-01,0.8915793632878436,0.4457896816439218,0.0008915793632878436,-0.00020565191574310602,-0.0011375687982558285,-0.0013429867707962506,-0.002234566134084094,decile_9
2018-01-01,0.9912915044985922,0.4956457522492961,0.0009912915044985923,-0.00023744800047278725,0.004852357740013739,0.004613757556898079,0.003622466052399487,decile_9
2018-02-01,0.9706816540450145,0.48534082702250725,0.0009706816540450145,8.683142667938496e-05,0.007048227866212658,0.007135671300573243,0.006164989646528229,decile_9
2018-03-01,0.8556680325445252,0.4278340162722626,0.0008556680325445252,0.00034640326222887496,0.010664963783847991,0.01101506142432318,0.010159393391778656,decile_9
2018-04-02,1.0681063926956809,0.5340531963478404,0.001068106392695681,-0.00017542082048062387,0.008705605928275793,0.008528657963260411,0.00746055157056473,decile_9
2018-05-01,0.965715410856688,0.482857705428344,0.000965715410856688,-0.0005693321926532032,-0.004336268619709397,-0.0049031320350413354,-0.005868847445898023,decile_9
2018-06-01,1.0673541974674712,0.5336770987337356,0.0010673541974674712,-0.000580411358784155,-0.015319815849875983,-0.015891335413526386,-0.01695868961099386,decile_9
2018-07-02,1.1194677735791454,0.5597338867895727,0.0011194677735791455,-0.0003363169576050313,-0.0008945943289964185,-0.0012306104193584577,-0.002350078192937603,decile_9
2018-08-01,1.2034295119835194,0.6017147559917597,0.0012034295119835194,-0.0004025960963971503,-0.0038009057314760874,-0.0042019715980629035,-0.005405401110046423,decile_9
2018-09-03,1.082691465241872,0.541345732620936,0.001082691465241872,-0.0005796435771152646,-0.006575979910584031,-0.007151811763180915,-0.008234503228422787,decile_9
2018-10-01,1.0787358893828989,0.5393679446914494,0.0010787358893828989,-2.2708836029739442e-05,0.006695195139234394,0.0066723342631160865,0.005593598373733188,decile_9
2018-11-01,1.0394454583239612,0.5197227291619806,0.0010394454583239612,-0.0007721267743176583,0.001688557323585573,0.0009151267689484488,-0.0001243186893755124,decile_9
2018-12-03,1.1252617933863582,0.5626308966931791,0.0011252617933863584,-0.00033195031861207457,-0.01815522843368455,-0.018481152118433597,-0.019606413911819956,decile_9
2019-01-01,0.9351796512550192,0.4675898256275096,0.0009351796512550193,0.00038209918896771485,-0.004108225898648916,-0.003727696459465024,-0.004662876110720043,decile_9
2019-02-01,1.1128673905024917,0.5564336952512459,0.0011128673905024917,-0.00017664753008148087,-0.010713092220887177,-0.010887847309688281,-0.012000714700190773,decile_9
2019-03-01,0.9186673852963605,0.45933369264818025,0.0009186673852963605,0.0004461385154073338,-0.020383208544282452,-0.019946163763274294,-0.020864831148570656,decile_9
2019-04-01,0.8965804552919018,0.4482902276459509,0.0008965804552919018,0.00047845628580977595,0.022556329738119846,0.023045578241677633,0.02214899778638573,decile_9
2019-05-01,0.8591648638241217,0.42958243191206086,0.0008591648638241218,-2.8237292996047855e-05,0.0003363048139395718,0.00030805802460598386,-0.0005511068392181379,decile_9
2019-06-03,0.8810907008371337,0.44054535041856685,0.0008810907008371337,0.0007103857749521435,0.013498137382619027,0.014218112042356124,0.01333702134151899,decile_9
2019-07-01,1.1135601329562315,0.5567800664781157,0.0011135601329562315,0.0003304484638566802,-0.017377314942525895,-0.01705260878569803,-0.018166168918654264,decile_9
2019-08-01,1.02189400366852,0.51094700183426,0.00102189400366852,-0.0005100337470206834,0.011028675767905293,0.010513017024057936,0.009491123020389416,decile_9
2019-09-02,1.2385738340859644,0.6192869170429822,0.0012385738340859645,2.268347843722247e-05,0.016191397889343928,0.016214448645005985,0.01497587481092002,decile_9
2019-10-01,1.0429851977010796,0.5214925988505398,0.0010429851977010796,-0.0009381831535198204,-0.0019258456857899932,-0.0028622220433310863,-0.003905207241032166,decile_9
2019-11-01,1.164994298624649,0.5824971493123245,0.001164994298624649,0.0011501770271014286,-0.003675596066237188,-0.0025296466252920924,-0.0036946409239167416,decile_9
2019-12-02,1.1684366832291102,0.5842183416145551,0.0011684366832291101,6.385822226461356e-05,0.002361550536896819,0.0024255595635804816,0.0012571228803513715,decile_9
2020-01-01,1.040763089788451,0.5203815448942255,0.001040763089788451,-0.0007018330354694343,0.01503496565411925,0.01432258058306668,0.013281817493278229,decile_9
2020-02-03,1.1464766758999048,0.5732383379499524,0.0011464766758999048,0.0003311022957762685,-0.007188481302100015,-0.006859759128985954,-0.008006235804885858,decile_9
2020-03-02,1.0963632017027618,0.5481816008513809,0.0010963632017027619,-0.00013549436127119016,-0.015444073686830153,-0.015577475463201762,-0.016673838664904524,decile_9
2020-04-01,1.1205889994260305,0.5602944997130153,0.0011205889994260305,6.097297654988207e-05,0.002460016487290677,0.0025211394583684044,0.0014005504589423739,decile_9
2020-05-01,1.038478252099097,0.5192391260495485,0.001038478252099097,-0.00011746109762386013,0.005604596586355435,0.005486477166664727,0.00444799891456563,decile_9
2020-06-01,1.0752688792531724,0.5376344396265862,0.0010752688792531723,-4.5348088986578414e-05,-0.0005346283277121952,-0.0005799521723258705,-0.0016552210515790428,decile_9
2020-07-01,0.815777575719545,0.4078887878597725,0.000815777575719545,4.0642054339642074e-05,0.02430821186429348,0.02434984185430067,0.023534064278581124,decile_9
2020-08-03,0.8828866800544012,0.4414433400272006,0.0008828866800544012,-0.00018925638961969646,-0.020880389738711046,-0.02106569438115502,-0.02194858106120942,decile_9
2020-09-01,1.069447872235421,0.5347239361177105,0.001069447872235421,-0.0005393843691084987,0.002188399652209039,0.0016478348945347943,0.0005783870222993732,decile_9
2020-10-01,0.8707119712151906,0.4353559856075953,0.0008707119712151907,0.0005912379675199556,-0.008328502676833794,-0.007742188836309061,-0.008612900807524252,decile_9
2020-11-02,1.0282497473855812,0.5141248736927906,0.0010282497473855811,-0.00011437979982385565,0.023895674880978133,0.0237785618986448,0.02275031215125922,decile_9
2020-12-01,0.8461592517387612,0.4230796258693806,0.0008461592517387612,-0.00034804801885464267,-0.0029219797414657606,-0.0032690107710603433,-0.004115170022799104,decile_9
2021-01-01,0.9392498649804396,0.4696249324902198,0.0009392498649804397,-0.00016567214192011174,-0.017574412721330358,-0.017737173272651896,-0.018676423137632337,decile_9
2021-02-01,0.9561831765182791,0.47809158825913955,0.0009561831765182791,-0.0001790562301490023,0.0017658392436662943,0.0015864668289993222,0.0006302836524810431,decile_9
2021-03-01,0.9925615632416203,0.49628078162081013,0.0009925615632416203,-0.0001143064291868337,0.012566153490053293,0.012450410668732204,0.011457849105490584,decile_9
2021-04-01,1.0678381328995448,0.5339190664497724,0.0010678381328995449,-8.940410640297344e-05,-0.0012459179887273628,-0.0013352107049459105,-0.0024030488378454554,decile_9
2021-05-03,1.0809318514707487,0.5404659257353743,0.0010809318514707488,0.0006470035717222102,0.0003584388893760732,0.0010056743723401151,-7.525747913063362e-05,decile_9
2021-06-01,0.7962140231106027,0.39810701155530137,0.0007962140231106028,0.0004837132660730994,-0.0006021323093547085,-0.00011871030266752403,-0.0009149243257781268,decile_9
2021-07-01,1.1052129909795774,0.5526064954897887,0.0011052129909795774,0.0003077156008965856,0.0024992725529878477,0.002807757219039697,0.0017025442280601197,decile_9
2021-08-02,0.9570203476973244,0.4785101738486622,0.0009570203476973244,0.00020895792652765826,0.01461492153715491,0.014826933367383388,0.013869913019686063,decile_9
2021-09-01,1.0093736420992814,0.5046868210496407,0.0010093736420992813,0.000551091850132472,-0.0015119537848668268,-0.0009616951601428836,-0.001971068802242165,decile_9
2021-10-01,1.0718627078395158,0.5359313539197579,0.0010718627078395158,-0.00038599002064642734,0.011629725219313958,0.011239246240790202,0.010167383532950686,decile_9
2021-11-01,0.8825443197550098,0.4412721598775049,0.0008825443197550098,-0.0002569115985088207,-0.009361299758648856,-0.009615806330672605,-0.010498350650427615,decile_9
2021-12-01,1.0506361596452674,0.5253180798226337,0.0010506361596452675,0.0008100978752819108,-0.020142615544198758,-0.01934883515897179,-0.020399471318617055,decile_9
2022-01-03,1.0849924364929935,0.5424962182464967,0.0010849924364929936,-0.00012413184111425058,-0.012291677765749486,-0.012414283818272254,-0.013499276254765248,decile_9
2022-02-01,1.0649070135027685,0.5324535067513843,0.0010649070135027685,-0.0004296047878526145,0.012621309057125916,0.012186282094473366,0.011121375080970598,decile_9
2022-03-01,0.958240368578992,0.479120184289496,0.000958240368578992,5.9218903262181456e-05,0.01401513944318866,0.014075188307637765,0.013116947939058772,decile_9
2022-04-01,1.0459884616132238,0.5229942308066119,0.0010459884616132239,0.0006357581937887734,0.013891674759402863,0.014536264699245516,0.013490276237632291,decile_9
2022-05-02,1.074251522436053,0.5371257612180265,0.001074251522436053,0.00027527232767912707,-0.008443360180993684,-0.008170412076725087,-0.00924466359916114,decile_9
2022-06-01,0.9269096418862183,0.46345482094310914,0.0009269096418862183,-0.00034334547075289814,0.01522439201297502,0.01487581931617954,0.013948909674293321,decile_9
2022-07-01,0.9982060853607493,0.49910304268037464,0.0009982060853607492,0.0002380891352314471,-0.0023541501867049165,-0.002116621549055675,-0.0031148276344164245,decile_9
2022-08-01,0.9686895648860627,0.48434478244303136,0.0009686895648860627,0.0001894169512260917,0.004825643439014153,0.0050159744489080005,0.004047284884021938,decile_9
2022-09-01,0.8972534419566631,0.44862672097833156,0.0008972534419566631,-2.809462040322873e-05,0.030532119925707764,0.03050316751698512,0.029605914075028456,decile_9
2022-10-03,0.911086733316498,0.455543366658249,0.0009110867333164981,-0.0005738793604336459,0.003277767984642746,0.002702007580814403,0.0017909208474979049,decile_9
2022-11-01,1.0671807161788207,0.5335903580894104,0.0010671807161788207,0.00019083858407765086,0.0046654010651893075,0.0048571299878001906,0.00378994927162137,decile_9
2022-12-01,0.8101927749190501,0.40509638745952503,0.0008101927749190501,-3.336167739209284e-05,-0.0010266757065067055,-0.0010600031322750558,-0.001870195907194106,decile_9
2023-01-02,0.9198923944723744,0.4599461972361872,0.0009198923944723744,-5.460079167765754e-05,-0.012138554948758555,-0.01219249296572622,-0.013112385360198596,decile_9
2023-02-01,0.9477929652036077,0.47389648260180384,0.0009477929652036077,0.00018061737696331632,-0.005377211506422004,-0.005197565347296318,-0.006145358312499925,decile_9
2023-03-01,0.9534399913837874,0.4767199956918937,0.0009534399913837875,0.00010692648662617772,0.00713938381784308,0.007247073693697592,0.006293633702313804,decile_9
2023-04-03,1.1455589214355357,0.5727794607177679,0.0011455589214355358,-0.0006899873899612075,0.0004082819938121163,-0.00028198710557636453,-0.0014275460270119003,decile_9
2023-05-01,0.9587972488999172,0.4793986244499586,0.0009587972488999172,0.0001750142910387953,-0.02354391562850771,-0.023373021859170784,-0.024331819108070703,decile_9
2023-06-01,0.899027749727541,0.4495138748637705,0.000899027749727541,-0.0002336155005516482,0.010912623902015146,0.010676459043368336,0.009777431293640795,decile_9
2023-07-03,1.08446776478848,0.54223388239424,0.00108446776478848,-0.0004116895401463083,-4.762419265745435e-05,-0.00045929412642176093,-0.0015437618912102409,decile_9
2023-08-01,1.0791904416529983,0.5395952208264991,0.0010791904416529983,0.0005916470968727978,-0.0032634006956954063,-0.0026736843803701893,-0.0037528748220231876,decile_9
2023-09-01,0.9953687935259511,0.49768439676297554,0.000995368793525951,-0.000138694294983815,0.01870493774132948,0.018563649178192865,0.017568280384666915,decile_9
2023-10-02,1.1740555114859488,0.5870277557429744,0.0011740555114859489,-0.0005428222651835,-0.009291361301932038,-0.009829140009327109,-0.011003195520813058,decile_9
2023-11-01,1.049069997633812,0.524534998816906,0.001049069997633812,0.0008394187802802448,0.012963286852508811,0.013813587259227322,0.01276451726159351,decile_9
2023-12-01,0.9645496874463672,0.4822748437231836,0.0009645496874463672,-0.0002314371821865036,0.00010572949866906453,-0.00012573215325473175,-0.0010902818407010988,decile_9
2024-01-01,1.2722182757328397,0.6361091378664199,0.0012722182757328399,-0.00036038217207959387,0.005527521681974503,0.005165147489625044,0.003892929213892204,decile_9
2024-02-01,1.0805976201194143,0.5402988100597071,0.0010805976201194143,0.0002446694132874842,-0.009418312309680637,-0.009175947269340234,-0.01025654488945965,decile_9
2024-03-01,1.1818760948724718,0.5909380474362359,0.0011818760948724717,0.00043159919289159827,-0.009874460539256103,-0.009447123155563508,-0.01062899925043598,decile_9
2024-04-01,1.034976515064561,0.5174882575322804,0.0010349765150645608,0.00018847105370451388,0.010365044449149086,0.010555469013702634,0.009520492498638074,decile_9
2024-05-01,0.9936550436571426,0.4968275218285713,0.0009936550436571428,-0.0005606506665803778,-0.005434954209640654,-0.005992557765520656,-0.006986212809177799,decile_9
2024-06-03,1.0512754173349037,0.5256377086674519,0.0010512754173349038,0.0005077240890824721,0.004553440197646866,0.0050634761780059545,0.004012200760671051,decile_9
2024-07-01,1.208478480132659,0.6042392400663295,0.001208478480132659,0.0006477386479589441,-0.01961682250960383,-0.018981790435734558,-0.020190268915867216,decile_9
2024-08-01,1.3010420264256297,0.6505210132128149,0.0013010420264256298,0.00021132461418914966,0.015074903364923562,0.015289413677250119,0.01398837165082449,decile_9
2024-09-02,1.0371202484562232,0.5185601242281116,0.0010371202484562231,0.0004129060278282485,0.010900714788126317,0.011318121786798141,0.010281001538341918,decile_9
2024-10-01,0.8660670065237811,0.43303350326189055,0.0008660670065237811,-0.0006531450378009273,0.02534272601080225,0.02467302849726316,0.02380696149073938,decile_9
2024-11-01,1.004464994934117,0.5022324974670584,0.001004464994934117,-0.0010412369505396753,-0.0055251881255506,-0.00656067204605526,-0.007565137040989377,decile_9
2024-12-02,1.194551668486853,0.5972758342434265,0.001194551668486853,-7.346867394603197e-05,-0.017496147294116148,-0.017568330549321387,-0.01876288221780824,decile_9
2025-01-01,1.1043510353708597,0.5521755176854298,0.0011043510353708596,-0.000100352614594131,-0.01896325738862417,-0.019061706990758154,-0.020166058026129013,decile_9
2025-02-03,0.9590677816694972,0.4795338908347486,0.0009590677816694972,8.752808417158221e-05,0.015714251585411763,0.015803155107918965,0.014844087326249467,decile_9
2025-03-03,1.0219340291929275,0.5109670145964638,0.0010219340291929275,0.00011520326044065052,-0.005991240743969913,-0.0058767276939971635,-0.0068986617231900915,decile_9
2025-04-01,0.8188770121507225,0.40943850607536125,0.0008188770121507226,-8.389169935744561e-05,0.0032397758801030905,0.0031556123904414868,0.002336735378290764,decile_9
2025-05-01,1.1081222138391635,0.5540611069195818,0.0011081222138391636,-0.00039529749985793507,-0.007885213699354996,-0.008277394193951682,-0.009385516407790844,decile_9
2025-06-02,0.9593394672788033,0.47966973363940163,0.0009593394672788032,0.00020394624057111578,0.007689983477837378,0.007895498061629036,0.006936158594350233,decile_9
2011-01-03,1.0,0.5,0.001,0.0,-0.004332117772226406,-0.004332117772226418,-0.005332117772226418,decile_10
2011-02-01,0.6305510450435627,0.31527552252178137,0.0006305510450435628,2.9199796156043507e-05,0.011842133262491313,0.011871678846524736,0.011241127801481173,decile_10
2011-03-01,0.5636757532951266,0.2818378766475633,0.0005636757532951266,-0.0006456371696764574,0.008734774768344618,0.008083498103409026,0.0075198223501138995,decile_10
2011-04-01,0.5938432170401999,0.29692160852009997,0.0005938432170402,1.1159238499552633e-05,0.013468509669121574,0.013479819205932664,0.012885975988892464,decile_10
2011-05-02,0.5850935542553151,0.29254677712765753,0.0005850935542553151,0.000463380834042499,-0.006892492871724112,-0.006432305886777234,-0.00701739944103255,decile_10
2011-06-01,0.5727637084107884,0.2863818542053942,0.0005727637084107884,7.174395490326262e-05,-0.0003098793926694231,-0.00023815766973944719,-0.0008109213781502356,decile_10
2011-07-01,0.5075542333010015,0.25377711665050073,0.0005075542333010015,0.0002585658507052119,-0.02150369553724016,-0.02125068980786482,-0.02175824404116582,decile_10
2011-08-01,0.598345995621838,0.299172997810919,0.000598345995621838,0.0008262117909716017,-0.026692539613848328,-0.025888381513836656,-0.026486727509458494,decile_10
2011-09-01,0.515786713958724,0.257893356979362,0.000515786713958724,0.0003633485317180731,0.013202065294183215,0.013570210776941538,0.013054424062982814,decile_10
2011-10-03,0.5566044262835271,0.27830221314176357,0.0005566044262835272,7.418201204271333e-05,0.01840043789799036,0.018475984891538788,0.01791938046525526,decile_10
2011-11-01,0.5948274270398886,0.2974137135199443,0.0005948274270398886,0.0005657691475030496,-0.0015021993615689769,-0.0009372801121181329,-0.0015321075391580216,decile_10
2011-12-01,0.5026056868157641,0.25130284340788206,0.0005026056868157641,0.0005641149106170969,-0.010696641275819221,-0.010138560500039473,-0.010641166186855237,decile_10
2012-01-02,0.5050179233466098,0.2525089616733049,0.0005050179233466097,0.0012747791071413238,-0.006916586969407535,-0.005650624982827646,-0.006155642906174256,decile_10
2012-02-01,0.4104447156909663,0.20522235784548315,0.00041044471569096633,0.0011009935797764569,-0.009161232047619098,-0.008070324925509853,-0.008480769641200819,decile_10
2012-03-01,0.4170115830767974,0.2085057915383987,0.0004170115830767974,0.0001682131414364088,0.014598663746399645,0.014769332574925631,0.014352320991848834,decile_10
2012-04-02,0.46294428723485,0.231472143617425,0.00046294428723485,0.0005828480746192701,-0.0013452440111619921,-0.0007631800094245467,-0.0012261242966593966,decile_10
2012-05-01,0.5369932930305702,0.2684966465152851,0.0005369932930305702,0.00017377749652047064,0.0038583290459667462,0.004032777033249779,0.003495783740219209,decile_10
2012-06-01,0.506632068975387,0.2533160344876935,0.0005066320689753871,-0.0004766458153380547,0.016514445134297274,0.01602992777779333,0.015523295708817941,decile_10
2012-07-02,0.4551746822539426,0.2275873411269713,0.0004551746822539426,0.0007684321251258425,0.002689981048032386,0.003460480241011421,0.0030053055587574784,decile_10
2012-08-01,0.5461547701761471,0.27307738508807355,0.0005461547701761471,0.00045078538725488093,-0.011315196585440793,-0.010869511923460529,-0.011415666693636676,decile_10
2012-09-03,0.4144695941169805,0.20723479705849024,0.0004144695941169805,-0.0002138150606909151,-0.013800023212384955,-0.014010887620275247,-0.014425357214392228,decile_10
2012-10-01,0.4538267585148267,0.22691337925741334,0.0004538267585148267,-0.0007309501833265737,-0.014308954476057224,-0.01502944552648633,-0.015483272285001156,decile_10
2012-11-01,0.46388585500912655,0.23194292750456327,0.0004638858550091266,-0.00020440533069202157,-0.024991631477996636,-0.025190928385991906,-0.025654814241001033,decile_10
2012-12-03,0.6151617764368553,0.30758088821842766,0.0006151617764368554,0.00013580676327007218,0.002639163408948754,0.0027753285884588585,0.0021601668120220033,decile_10
2013-01-01,0.34467635167936683,0.17233817583968342,0.00034467635167936687,-0.00042733888564301274,0.01339302658786958,0.012959964341169083,0.012615287989489717,decile_10
2013-02-01,0.49908719124058526,0.24954359562029263,0.0004990871912405853,-2.940115540706284e-07,0.007369862555845274,0.007369566377466441,0.0068704791862258556,decile_10
2013-03-01,0.3502972939473763,0.17514864697368815,0.0003502972939473763,1.970618788499727e-05,0.005798986039004734,0.005818806502798202,0.005468509208850825,decile_10
2013-04-01,0.3132206707554199,0.15661033537770996,0.0003132206707554199,-9.32820045370631e-05,0.03347075926146378,0.03337435503740949,0.03306113436665407,decile_10
2013-05-01,0.43027546287840773,0.21513773143920387,0.00043027546287840773,0.00018509474668015354,-0.0013660657615065578,-0.0011812238664224983,-0.0016114993293009062,decile_10
2013-06-03,0.4616976865261584,0.2308488432630792,0.0004616976865261584,0.0006403497493993775,-0.01004321345570109,-0.009409294875521224,-0.009870992562047381,decile_10
2013-07-01,0.5323749872239993,0.26618749361199967,0.0005323749872239993,-0.00027199032756643627,0.008104848903491333,0.007830654135416726,0.007298279148192727,decile_10
2013-08-01,0.53935569399863,0.269677846999315,0.0005393556939986301,0.0006168281066871559,0.0030240074179903845,0.003642700817447775,0.0031033451234491445,decile_10
2013-09-02,0.48696413494806196,0.24348206747403098,0.00048696413494806194,-0.00044922736301575213,0.0021596254810609477,0.0017094279551852498,0.0012224638202371879,decile_10
2013-10-01,0.48369528504563736,0.24184764252281868,0.00048369528504563735,0.00011059040073083039,-0.007320773130695971,-0.007210992337199351,-0.007694687622244989,decile_10
2013-11-01,0.7062156320299411,0.35310781601497054,0.0007062156320299411,0.00013028845869655648,0.0006884165137372661,0.0008187946651603273,0.00011257903313038615,decile_10
2013-12-02,0.5759033989755463,0.28795169948777316,0.0005759033989755463,0.0002549120696536841,0.004514397271407036,0.004770460115412378,0.004194556716436832,decile_10
2014-01-01,0.3991707909166583,0.19958539545832915,0.0003991707909166583,0.00026137147083999155,0.006951292908730328,0.007214481249222082,0.006815310458305424,decile_10
2014-02-03,0.5555644468626846,0.2777822234313423,0.0005555644468626846,-0.0005520517338252609,-0.0019109541380368943,-0.002461950926316958,-0.0030175153731796427,decile_10
2014-03-03,0.544722538586559,0.2723612692932795,0.000544722538586559,0.00028258412867372695,-0.01695385022144736,-0.016676056981766108,-0.017220779520352666,decile_10
2014-04-01,0.5087625372531326,0.2543812686265663,0.0005087625372531326,0.000321176460019681,-0.006592964599671139,-0.006273905644682665,-0.0067826681819357975,decile_10
2014-05-01,0.5947845547103383,0.29739227735516915,0.0005947845547103383,-0.0003003523425034511,-0.018670801947395357,-0.018965546470797512,-0.01956033102550785,decile_10
2014-06-02,0.35651814174220753,0.17825907087110376,0.00035651814174220755,-0.00033017301630987317,0.016549868935883394,0.016214231599427364,0.015857713457685156,decile_10
2014-07-01,0.38342301503797843,0.19171150751898922,0.00038342301503797844,0.0001619250618521242,0.004706777360493217,0.004869464567560433,0.0044860415525224545,decile_10
2014-08-01,0.47264500180360514,0.23632250090180257,0.00047264500180360517,0.0003940587462395723,0.017159083227217098,0.01755990366027982,0.017087258658476212,decile_10
2014-09-01,0.3565307778517981,0.17826538892589905,0.0003565307778517981,0.0002382532568954602,-0.027093116595739323,-0.026861318362112252,-0.02721784913996405,decile_10
2014-10-01,0.47462841559381735,0.23731420779690868,0.0004746284155938174,0.00011532034609324795,0.002971480336795109,0.0030871433550292426,0.002612514939435425,decile_10
2014-11-03,0.506271458300787,0.2531357291503935,0.0005062714583007871,-2.4729334413686724e-05,0.002066385136623905,0.0020416047018811945,0.0015353332435804074,decile_10
2014-12-01,0.42263129804154803,0.21131564902077402,0.00042263129804154807,-3.7195339163709066e-05,-0.01652877694894303,-0.016565357494642163,-0.016987988792683713,decile_10
2015-01-01,0.4953481973148042,0.2476740986574021,0.0004953481973148042,0.00010663640207982038,-0.0011963439661332178,-0.0010898351378695326,-0.0015851833351843369,decile_10
2015-02-02,0.340801877048019,0.1704009385240095,0.000340801877048019,0.0002971779634610782,0.012553393216394048,0.012854301771685783,0.012513499894637764,decile_10
2015-03-02,0.3673734320742373,0.18368671603711864,0.0003673734320742373,0.0004825448826950929,0.0031444622235545098,0.0036285244504044023,0.003261151018330165,decile_10
2015-04-01,0.3937111664591019,0.19685558322955096,0.0003937111664591019,-5.6061946264819476e-05,0.017261785386989307,0.017204755711439867,0.016811044544980766,decile_10
2015-05-01,0.5462933457803844,0.2731466728901922,0.0005462933457803844,-5.574193313128236e-05,-0.006372758636771645,-0.006428145340017122,-0.006974438685797506,decile_10
2015-06-01,0.48088316557249794,0.24044158278624897,0.00048088316557249797,0.0005013952694630215,0.02268360828416911,0.023196377007520086,0.022715493841947588,decile_10
2015-07-01,0.4375435940386282,0.2187717970193141,0.0004375435940386282,-0.0007678225816765557,-0.013540895043901274,-0.014298320620587002,-0.01473586421462563,decile_10
2015-08-03,0.568118574625053,0.2840592873125265,0.000568118574625053,5.653402068788105e-05,0.0285044810294215,0.028562626523029655,0.027994507948404603,decile_10
2015-09-01,0.510116790275978,0.255058395137989,0.000510116790275978,-0.0005497501963920659,-0.010882009769918497,-0.01142577757930241,-0.011935894369578388,decile_10
2015-10-01,0.35159336235279204,0.17579668117639602,0.00035159336235279207,8.5744365224616e-05,-0.01116061132288933,-0.01107582391719808,-0.011427417279550873,decile_10
2015-11-02,0.5372660662616366,0.2686330331308183,0.0005372660662616367,0.0005865631010234474,-0.02390265202045544,-0.02333010933312396,-0.023867375399385597,decile_10
2015-12-01,0.5839622744678574,0.2919811372339287,0.0005839622744678574,-0.001210531681638139,0.005689818294541099,0.004472398907594766,0.003888436633126908,decile_10
2016-01-01,0.5074100156799992,0.2537050078399996,0.0005074100156799992,6.82364419200203e-05,-0.0027462187786330963,-0.002678169728911328,-0.0031855797445913274,decile_10
2016-02-01,0.46215265505423886,0.23107632752711943,0.0004621526550542389,0.000909528010039292,-0.018359274354602363,-0.01746644461883262,-0.017928597273886862,decile_10
2016-03-01,0.4322279603630292,0.2161139801815146,0.0004322279603630292,0.00010272214766233751,0.004573414226760107,0.004676606165354036,0.004244378204991007,decile_10
2016-04-01,0.5384024902826429,0.26920124514132143,0.0005384024902826428,-0.0005169723135998387,-0.011259002632604077,-0.0117701543535641,-0.012308556843846742,decile_10
2016-05-02,0.6566042400638545,0.32830212003192727,0.0006566042400638545,0.0005874415156850783,0.005615807263241252,0.006206547737256818,0.005549943497192964,decile_10
2016-06-01,0.5074088974557314,0.2537044487278657,0.0005074088974557314,-0.0003157981530890839,0.009400008927586995,0.009081242269039391,0.008573833371583659,decile_10
2016-07-01,0.4618819698165387,0.23094098490826934,0.0004618819698165387,0.0002474598404819027,0.002704421425458682,0.0029525505016352316,0.002490668531818693,decile_10
2016-08-01,0.5379549769035219,0.26897748845176095,0.0005379549769035219,-0.00018637397997170062,-0.006068188931499699,-0.006253431958949007,-0.006791386935852529,decile_10
2016-09-01,0.35998879547901197,0.17999439773950598,0.000359988795479012,-0.00048731757708490755,0.0022653818382122708,0.0017769603007389279,0.0014169715052599159,decile_10
2016-10-03,0.5133046145628795,0.25665230728143973,0.0005133046145628794,0.000669049111788563,-0.0038148327398238122,-0.003148335938491398,-0.003661640553054277,decile_10
2016-11-01,0.5889027141426604,0.2944513570713302,0.0005889027141426604,-0.00032506344779034555,-0.026859108614793587,-0.027175441148133084,-0.027764343862275744,decile_10
2016-12-01,0.5455479110906585,0.27277395554532924,0.0005455479110906585,0.0002378704043793796,0.0012143478839509747,0.001452507145752513,0.0009069592346618544,decile_10
2017-01-02,0.5360144178153187,0.26800720890765933,0.0005360144178153187,-0.0004547365488669475,0.0020260598284473777,0.0015704019561262328,0.001034387538310914,decile_10
2017-02-01,0.5804991358200404,0.2902495679100202,0.0005804991358200405,0.0009450680276914416,-0.0025092850899242026,-0.0015665885073435915,-0.002147087643163632,decile_10
2017-03-01,0.4215512628980599,0.21077563144902994,0.0004215512628980599,-0.0006005782624163672,0.0006076353627914785,6.692167784816405e-06,-0.0004148590951132435,decile_10
2017-04-03,0.5446131492281873,0.27230657461409363,0.0005446131492281873,-0.00014345314892507243,-0.011013713594780952,-0.011155586791809502,-0.01170019994103769,decile_10
2017-05-01,0.41639653625684814,0.20819826812842407,0.00041639653625684815,0.000723615443755513,0.010885878999664155,0.011617371633582785,0.011200975097325937,decile_10
2017-06-01,0.6638227586980575,0.33191137934902876,0.0006638227586980575,-0.00024228036688047114,-0.014547194264994937,-0.014785950132311765,-0.015449772891009822,decile_10
2017-07-03,0.66342167314147,0.331710836570735,0.0006634216731414701,-0.00015951169498690728,0.009891509297545046,0.009730419791144085,0.009066998118002614,decile_10
2017-08-01,0.6333344643621963,0.31666723218109816,0.0006333344643621963,0.0003216313041548819,0.0035310963197678815,0.003853863335037344,0.0032205288706751477,decile_10
2017-09-01,0.502855930649261,0.2514279653246305,0.0005028559306492611,0.0011438798984221852,-0.0028939424607740726,-0.001753372884959914,-0.002256228815609175,decile_10
2017-10-02,0.641449929833224,0.320724964916612,0.0006414499298332241,-0.0005213304988557718,-0.00282327650362878,-0.0033431351423364175,-0.0039845850721696415,decile_10
2017-11-01,0.4104170375755591,0.20520851878777954,0.0004104170375755591,-0.0008334274776197922,0.002713611496096717,0.0018779224200924372,0.001467505382516878,decile_10
2017-12-01,0.4028127784602411,0.20140638923012055,0.0004028127784602411,-0.00027290427541951096,0.004700943670652271,0.004426756487606598,0.0040239437091463565,decile_10
2018-01-01,0.41610147836165823,0.20805073918082911,0.0004161014783616582,-0.00040958682498787796,0.0007630878348452884,0.00035318845913390184,-6.291301922775638e-05,decile_10
2018-02-01,0.44322949727995353,0.22161474863997677,0.00044322949727995355,-0.00019120590568666687,0.007740206320895638,0.007547520442049205,0.007104290944769252,decile_10
2018-03-01,0.40355668587150184,0.20177834293575092,0.00040355668587150186,0.0002204568076201538,0.007976581740229341,0.008198797039595584,0.007795240353724082,decile_10
2018-04-02,0.46921701073730493,0.23460850536865246,0.00046921701073730494,0.0001610133925852067,0.009959516521523958,0.010122133529652855,0.00965291651891555,decile_10
2018-05-01,0.4519936232014541,0.22599681160072704,0.00045199362320145407,-0.00013000664691831536,0.00258914996703433,0.0024588067134103664,0.0020068130902089125,decile_10
2018-06-01,0.5323605509895302,0.2661802754947651,0.0005323605509895302,0.000346627046923039,-0.015426118427700143,-0.01508483849065323,-0.01561719904164276,decile_10
2018-07-02,0.5055740932921144,0.2527870466460572,0.0005055740932921144,-0.0002252668219181413,-0.00012071649227768377,-0.0003459561207752593,-0.0008515302140673737,decile_10
2018-08-01,0.550307370497114,0.275153685248557,0.000550307370497114,-8.484347254790058e-05,-0.00726473194937358,-0.007348959056835747,-0.00789926642733286,decile_10
2018-09-03,0.5534287929551127,0.27671439647755636,0.0005534287929551127,0.0005787558745648509,-0.008479966731514495,-0.007906118687511565,-0.008459547480466678,decile_10
2018-10-01,0.4623516767994207,0.23117583839971034,0.0004623516767994207,-0.0003634088846446503,0.002442682503860245,0.002078385926691073,0.0016160342498916524,decile_10
2018-11-01,0.4791844965107308,0.2395922482553654,0.0004791844965107308,-0.0003420258726905164,0.004965534637810786,0.004621810423802497,0.004142625927291766,decile_10
2018-12-03,0.5454650901215183,0.27273254506075917,0.0005454650901215184,-0.000552230645503621,-0.017901344733651917,-0.018443689707997812,-0.018989154798119332,decile_10
2019-01-01,0.3906956240712147,0.19534781203560736,0.0003906956240712147,0.000656722028074699,-0.007169328516383855,-0.006517314744272418,-0.0069080103683436325,decile_10
2019-02-01,0.4770622343128787,0.23853111715643935,0.0004770622343128787,-5.5760945482786133e-05,-0.0051229944831054095,-0.0051784697655720136,-0.005655531999884892,decile_10
2019-03-01,0.41357585690464665,0.20678792845232333,0.00041357585690464664,-0.00030116259364779206,-0.013557363149470175,-0.013854442772468833,-0.01426801862937348,decile_10
2019-04-01,0.34628501414057034,0.17314250707028517,0.00034628501414057033,-0.0001975494485754797,0.01888698952352559,0.018685708960584302,0.018339423946443733,decile_10
2019-05-01,0.3044356781590962,0.1522178390795481,0.00030443567815909624,-0.00018203158555868314,0.006506278406701336,0.0063230624729682106,0.006018626794809114,decile_10
2019-06-03,0.3443499051682861,0.17217495258414306,0.0003443499051682861,-9.288351252313969e-05,0.014785083105096929,0.014690826302121929,0.014346476396953642,decile_10
2019-07-01,0.4652748058130021,0.23263740290650106,0.00046527480581300216,0.00012253007930375622,-0.017893358179446928,-0.01777302057473995,-0.018238295380552952,decile_10
2019-08-01,0.42557970551808477,0.21278985275904239,0.0004255797055180848,0.0006437977391855019,0.015951624294511246,0.016605691653353905,0.01618011194783582,decile_10
2019-09-02,0.6407676935721964,0.3203838467860982,0.0006407676935721964,-2.1110634118390195e-05,0.017674200799089265,0.017652717051384492,0.017011949357812296,decile_10
2019-10-01,0.47151043671475756,0.23575521835737878,0.0004715104367147576,0.0006787595781549975,-0.00170629467939921,-0.0010286932651010217,-0.0015002037018157792,decile_10
2019-11-01,0.5083909676870797,0.25419548384353985,0.0005083909676870797,0.00033714547043986606,-0.005447569787526887,-0.005112260940565716,-0.005620651908252796,decile_10
2019-12-02,0.6273769926451785,0.31368849632258927,0.0006273769926451785,0.00023690202335091727,0.002094666730019514,0.0023320649841571672,0.0017046879915119887,decile_10
2020-01-01,0.3901487159804248,0.1950743579902124,0.0003901487159804248,-1.3192065693686634e-05,0.005800493137260308,0.005787224551080161,0.005397075835099736,decile_10
2020-02-03,0.5878342418208335,0.2939171209104168,0.0005878342418208335,-0.00044479423960289035,-0.005162638939506282,-0.0056051368670477775,-0.0061929711088686105,decile_10
2020-03-02,0.48281806778385794,0.24140903389192897,0.00048281806778385794,6.972842164363748e-05,-0.022415456607531185,-0.022347291180297324,-0.022830109248081182,decile_10
2020-04-01,0.5403597313368791,0.27017986566843954,0.0005403597313368791,0.0004913475333209297,0.014720815529094964,0.01521939609881473,0.014679036367477851,decile_10
2020-05-01,0.5356773784229547,0.26783868921147735,0.0005356773784229547,0.00013498673579424034,0.009543280519540339,0.009679555471620693,0.009143878093197739,decile_10
2020-06-01,0.4129174810341283,0.20645874051706414,0.0004129174810341283,0.0004707707066232613,-0.00045165822008649695,1.8899859077103898e-05,-0.0003940176219570244,decile_10
2020-07-01,0.4294853795295871,0.21474268976479355,0.00042948537952958713,-0.00019557167196994026,0.023587001369759913,0.02338681674849541,0.02295733136896582,decile_10
2020-08-03,0.44232831910979803,0.22116415955489901,0.000442328319109798,0.0005029975228214191,-0.01458898843358508,-0.014093329135806187,-0.014535657454915986,decile_10
2020-09-01,0.575257830511203,0.2876289152556015,0.000575257830511203,-5.866529092705627e-05,0.005496201238351406,0.0054372135111797615,0.004861955680668558,decile_10
2020-10-01,0.3702643973844032,0.1851321986922016,0.0003702643973844032,-8.185036639756063e-05,-0.009128802685271664,-0.009209905855824596,-0.009580170253209,decile_10
2020-11-02,0.47005312542941097,0.23502656271470548,0.00047005312542941095,0.0002588848978098732,0.020006381644850503,0.020270445892728084,0.019800392767298673,decile_10
2020-12-01,0.47149074105539335,0.23574537052769667,0.00047149074105539335,2.0661394387523884e-05,-0.00802704579473818,-0.008006550250309497,-0.00847804099136489,decile_10
2021-01-01,0.5389449461601246,0.2694724730800623,0.0005389449461601246,-0.0004217954568188568,-0.01899664304745636,-0.019410425806543063,-0.01994937075270319,decile_10
2021-02-01,0.38150263599363565,0.19075131799681783,0.00038150263599363567,3.1312705360925404e-05,-0.00030600974392348574,-0.00027470662055562034,-0.0006562092565492561,decile_10
2021-03-01,0.4751591836578028,0.2375795918289014,0.0004751591836578028,-0.00028278127694540326,0.013843695042142525,0.013556999027435568,0.013081839843777764,decile_10
2021-04-01,0.6528413844435348,0.3264206922217674,0.0006528413844435348,0.0006326405431138096,0.005501565902497101,0.006137686959251543,0.005484845574808008,decile_10
2021-05-03,0.41398201235817367,0.20699100617908683,0.0004139820123581737,-6.434480490104843e-05,0.009531344780900411,0.009466386683478989,0.009052404671120815,decile_10
2021-06-01,0.41425856365200203,0.20712928182600102,0.00041425856365200206,-3.858153066963287e-05,0.00571452783085947,0.005675725824959121,0.005261467261307119,decile_10
2021-07-01,0.4216667785127781,0.21083338925638906,0.0004216667785127781,-0.00012557075747723304,-0.00036008942107179664,-0.00048561496184762465,-0.0009072817403604028,decile_10
2021-08-02,0.4480445640152915,0.22402228200764576,0.00044804456401529154,-0.0005950330906567829,0.01939989661910066,0.018793319948000153,0.018345275383984862,decile_10
2021-09-01,0.5106957704733543,0.2553478852366772,0.0005106957704733543,-4.8053171314800056e-05,-0.012097191676610584,-0.012144663539501388,-0.012655359309974742,decile_10
2021-10-01,0.626093523018651,0.3130467615093255,0.0006260935230186509,0.00013343850943346735,0.0029220066391197957,0.003055835056763545,0.0024297415337448942,decile_10
2021-11-01,0.5437863738769132,0.2718931869384566,0.0005437863738769132,-0.00047760515341757983,-0.013776925589872455,-0.014247950812629973,-0.014791737186506886,decile_10
2021-12-01,0.5789922610077902,0.2894961305038951,0.0005789922610077902,0.00022263774095185375,-0.016118311095901762,-0.01589926189932034,-0.016478254160328127,decile_10
2022-01-03,0.5439858839890792,0.2719929419945396,0.0005439858839890792,0.0002383793976338365,-0.0048986475903251,-0.004661435929352975,-0.005205421813342054,decile_10
2022-02-01,0.4720034319502979,0.23600171597514896,0.00047200343195029793,-0.0009746514324113374,0.006811672569215506,0.005830382130377565,0.005358378698427267,decile_10
2022-03-01,0.5030345044060924,0.2515172522030462,0.0005030345044060925,0.00015914219105273055,0.012055970459687114,0.012217031264294187,0.011713996759888094,decile_10
2022-04-01,0.5763893225783758,0.2881946612891879,0.0005763893225783759,0.00029727577305887863,0.011158744249612523,0.01145933724699466,0.010882947924416285,decile_10
2022-05-02,0.6004923883435818,0.3002461941717909,0.0006004923883435818,0.00019477046701042402,-0.007983514060516974,-0.007790298546268559,-0.008390790934612142,decile_10
2022-06-01,0.5524758794791477,0.27623793973957383,0.0005524758794791477,-0.000758933419316992,0.008927040974899369,0.00816133252585094,0.007608856646371792,decile_10
2022-07-01,0.41239489762019593,0.20619744881009797,0.00041239489762019595,-4.421624974521883e-05,0.0033488892626848264,0.0033045249376153496,0.0028921300399951536,decile_10
2022-08-01,0.4613602637174187,0.23068013185870934,0.0004613602637174187,-0.00028838484076580993,0.004636993177738701,0.0043472710984338025,0.003885910834716384,decile_10
2022-09-01,0.4589591855712418,0.2294795927856209,0.00045895918557124185,0.00031571105304157383,0.030557039772224407,0.030882398020470214,0.030423438834898973,decile_10
2022-10-03,0.6072596486096269,0.30362982430481344,0.0006072596486096269,-0.00044952841682871123,0.009563720447575395,0.009109892866634883,0.008502633218025257,decile_10
2022-11-01,0.6081413721053599,0.30407068605267995,0.00060814137210536,-0.000771428311834401,0.00242033015491445,0.0016470347318744416,0.0010388933597690816,decile_10
2022-12-01,0.5886895779429854,0.2943447889714927,0.0005886895779429853,0.00017011763347565,0.007664213484475824,0.007835634935811742,0.007246945357868757,decile_10
2023-01-02,0.5467745969041798,0.2733872984520899,0.0005467745969041798,-3.338437222116569e-05,-0.016173434175626056,-0.01620627860790058,-0.01675305320480476,decile_10
2023-02-01,0.4661186963213959,0.23305934816069795,0.0004661186963213959,-0.0004172390783035801,-0.005359328670798589,-0.005774331627747209,-0.006240450324068605,decile_10
2023-03-01,0.5485567116366853,0.27427835581834265,0.0005485567116366853,-0.0008219440420165404,0.004064286018490189,0.0032390013607959123,0.002690444649159227,decile_10
2023-04-03,0.6210508473705196,0.3105254236852598,0.0006210508473705196,0.00044654093563092445,0.002318602697108711,0.002766178983757417,0.002145128136386897,decile_10
2023-05-01,0.4644483622417981,0.23222418112089904,0.0004644483622417981,0.0006650406339465868,-0.011480183592928829,-0.010822777747556689,-0.011287226109798487,decile_10
2023-06-01,0.47511822455236596,0.23755911227618298,0.000475118224552366,5.559627613752951e-05,0.014238213053709243,0.0142946009214715,0.013819482696919135,decile_10
2023-07-03,0.3530782453681297,0.17653912268406485,0.00035307824536812973,0.0008206899435179559,0.0018481615619092469,0.0026703682730351286,0.002317290027666999,decile_10
2023-08-01,0.5043686481455725,0.25218432407278624,0.0005043686481455725,-0.0001661566241221751,0.005634373236147787,0.005467280423589571,0.0049629117754439985,decile_10
2023-09-01,0.5029838186157215,0.25149190930786075,0.0005029838186157215,1.5628213926520385e-06,0.016360085248536903,0.016361673637820706,0.015858689819204984,decile_10
2023-10-02,0.5756295185728888,0.2878147592864444,0.0005756295185728888,5.318398012189212e-06,-0.007573144716342161,-0.007567866595327821,-0.00814349611390071,decile_10
2023-11-01,0.5883540987274662,0.2941770493637331,0.0005883540987274662,0.0005511389031052395,0.0038505811843215056,0.004403842292517002,0.0038154881937895353,decile_10
2023-12-01,0.5059695573763501,0.25298477868817504,0.00050596955737635,0.00048455166058623193,0.0019439349984271903,0.0024294285959449713,0.0019234590385686211,decile_10
2024-01-01,0.5511433566094059,0.27557167830470297,0.000551143356609406,-0.0011051751546172705,0.0013653413919563016,0.00025865729595508924,-0.00029248606065431675,decile_10
2024-02-01,0.5581720864180797,0.27908604320903985,0.0005581720864180797,0.00017463986984968212,-0.01450822698552383,-0.014336120830546584,-0.014894292916964664,decile_10
2024-03-01,0.6062106203276801,0.30310531016384007,0.0006062106203276801,0.0004273280622912584,-0.002825525421079347,-0.0023994047850912636,-0.0030056154054189438,decile_10
2024-04-01,0.5007643718260922,0.2503821859130461,0.0005007643718260923,0.00037371388607714706,0.012645913725533961,0.013024353565172397,0.012523589193346306,decile_10
2024-05-01,0.5258512268628632,0.2629256134314316,0.0005258512268628633,0.00016734038930678132,-0.006012523811639541,-0.005846189560408166,-0.0063720407872710294,decile_10
2024-06-03,0.5870701634916418,0.2935350817458209,0.0005870701634916417,0.00022553431118011976,0.005667221631330395,0.005894034095437428,0.005306963931945787,decile_10
2024-07-01,0.6206625044365852,0.3103312522182926,0.0006206625044365852,0.00014753816661948227,-0.021602443576794958,-0.021458092595095457,-0.02207875509953204,decile_10
2024-08-01,0.6168779176406552,0.3084389588203276,0.0006168779176406552,0.00019242641613289747,0.012191451391761504,0.012386223765193272,0.011769345847552617,decile_10
2024-09-02,0.5630290610951939,0.28151453054759695,0.000563029061095194,0.00014072066392806115,0.010099583040022984,0.010241724923981899,0.009678695862886704,decile_10
2024-10-01,0.4677577220533724,0.2338788610266862,0.0004677577220533724,-0.00013672635057599908,0.03062331886710861,0.03048240550190129,0.030014647779847917,decile_10
2024-11-01,0.5986804442240738,0.2993402221120369,0.0005986804442240738,-0.0001187154851556718,-0.0004275985436696715,-0.0005462632662567302,-0.001144943710480804,decile_10
2024-12-02,0.41435555432707627,0.20717777716353813,0.00041435555432707625,0.00029994306152540266,-0.0189801442295995,-0.01868589413064259,-0.019100249684969664,decile_10
2025-01-01,0.37790178775369876,0.18895089387684938,0.0003779017877536988,0.0003769500531979676,-0.0138769695458455,-0.01350525041705597,-0.013883152204809669,decile_10
2025-02-03,0.42189999646828014,0.21094999823414007,0.00042189999646828017,-0.0009743058087097984,0.010271220383529884,0.009286907265137812,0.008865007268669532,decile_10
2025-03-03,0.45641179821738015,0.22820589910869007,0.00045641179821738015,-7.503804835893405e-05,-0.0070919613058531405,-0.007166467187276648,-0.007622878985494029,decile_10
2025-04-01,0.3638846562304251,0.18194232811521255,0.0003638846562304251,-0.00014120249800414142,-0.002191128594983836,-0.0023320217001568944,-0.0026959063563873195,decile_10
2025-05-01,0.5752204841212107,0.28761024206060537,0.0005752204841212108,-0.00023966045227657653,-0.0141312744803808,-0.014367548225024063,-0.014942768709145274,decile_10
2025-06-02,0.5426646471953807,0.27133232359769033,0.0005426646471953806,-0.0001067549424414925,0.008413470514869795,0.00830581739286762,0.00776315274567224,decile_10
2011-01-03,2.0,1.0,0.002,0.0,-0.0057543510123798805,-0.005754351012379866,-0.007754351012379866,long_short
2011-02-01,0.9413441956826668,0.4706720978413334,0.0009413441956826668,-0.0006342762614274561,0.0004200088686393778,-0.0002145337944429171,-0.001155877990125584,long_short
2011-03-01,0.9689991298230873,0.48449956491154367,0.0009689991298230874,-0.0009156876978505463,-0.006738545762935436,-0.007648063057329457,-0.008617062187152545,long_short
2011-04-01,1.3011048857829162,0.6505524428914581,0.0013011048857829162,-5.233709539257162e-05,0.0028715120849728266,0.0028190247029782345,0.0015179198171953183,long_short
2011-05-02,1.0128972614761445,0.5064486307380722,0.0010128972614761446,0.0003802561264135832,-0.0005297701058825871,-0.0001497154277972923,-0.0011626126892734369,long_short
2011-06-01,0.9379242704233763,0.46896213521168817,0.0009379242704233763,0.00016605671994152408,-0.005668963114175207,-0.0055038477636538685,-0.006441772034077245,long_short
2011-07-01,0.9078913423345567,0.45394567116727835,0.0009078913423345567,0.0008147127394325018,-0.002630392259157237,-0.0018178225338080223,-0.002725713876142579,long_short
2011-08-01,0.9827115886428714,0.4913557943214357,0.0009827115886428715,0.0007370890992419236,0.0035688934235021674,0.004308613115182824,0.003325901526539953,long_short
2011-09-01,0.9024803583792911,0.45124017918964554,0.0009024803583792911,7.648647393049322e-05,0.007892027528245471,0.007969117635533651,0.00706663727715436,long_short
2011-10-03,0.9178481584840026,0.4589240792420013,0.0009178481584840026,0.000249224742695888,0.00183258363493024,0.002082265102810954,0.0011644169443269514,long_short
2011-11-01,0.9751503235001631,0.48757516175008153,0.0009751503235001631,0.0010175824105579526,0.0035357610836905164,0.004556941422535266,0.0035817910990351026,long_short
2011-12-01,0.8763062689741407,0.43815313448707033,0.0008763062689741407,0.0004618078780998289,-0.000709710973809665,-0.00024823084582881183,-0.0011245371148029524,long_short
2012-01-02,0.8302889716024109,0.41514448580120544,0.0008302889716024109,0.00027443533280914543,-0.003775311156818154,-0.003501911902782706,-0.004332200874385117,long_short
2012-02-01,1.009306896151551,0.5046534480757755,0.001009306896151551,0.0011718573607082134,-0.010496792629023189,-0.009337236012021077,-0.010346542908172628,long_short
2012-03-01,0.8731371682025695,0.43656858410128474,0.0008731371682025695,0.0008469792510238956,0.0012871524422297777,0.002135221884665084,0.0012620847164625144,long_short
2012-04-02,1.0103995091088214,0.5051997545544107,0.0010103995091088214,0.0009188773975571587,0.013290099281485774,0.014221188650884065,0.013210789141775243,long_short
2012-05-01,0.9785417664289178,0.4892708832144589,0.0009785417664289178,0.0009758010680832143,0.004368319329380324,0.005348383008130897,0.004369841241701979,long_short
2012-06-01,0.9322756656816988,0.4661378328408494,0.0009322756656816989,-3.4579283215663346e-05,0.005200080981301079,0.00516532188301233,0.004233046217330632,long_short
2012-07-02,0.8862151122426373,0.44310755612131864,0.0008862151122426373,0.0006275091573115116,0.003469417109050068,0.004099103357368072,0.0032128882451254353,long_short
2012-08-01,1.0005815072757038,0.5002907536378519,0.0010005815072757038,0.0006813509189289162,0.003938294546387105,0.004622328825924171,0.0036217473186484677,long_short
2012-09-03,1.0056521144838906,0.5028260572419453,0.0010056521144838906,0.00024380997158930895,0.01030121836554129,0.010547539876887724,0.009541887762403833,long_short
2012-10-01,0.884926800208188,0.442463400104094,0.0008849268002081881,-0.0010331222347224214,0.00047594237995774715,-0.0005576715614197258,-0.001442598361627914,long_short
2012-11-01,0.9910083500644427,0.49550417503222133,0.0009910083500644427,0.00021480709070118681,-0.0016211771197111456,-0.0014067182693505709,-0.0023977266194150134,long_short
2012-12-03,1.2323240719227198,0.6161620359613599,0.0012323240719227199,-7.374703244935859e-05,0.0006720510848520723,0.0005982544906295573,-0.0006340695812931626,long_short
2013-01-01,0.7590508551280444,0.3795254275640222,0.0007590508551280444,-0.00017483772379746424,-0.008440386797971742,-0.008613748823753542,-0.009372799678881586,long_short
2013-02-01,0.9180157653237767,0.45900788266188836,0.0009180157653237767,0.0008192749577266561,-0.0024056403559845185,-0.0015883362791587752,-0.002506352044482552,long_short
2013-03-01,0.7351991853603294,0.3675995926801647,0.0007351991853603294,0.0003018925473032971,0.0006616321100792741,0.0009637243991855726,0.00022852521382524325,long_short
2013-04-01,0.7661703658639336,0.3830851829319668,0.0007661703658639336,-0.0007033380534555412,0.0013748534037515644,0.0006705483635793819,-9.562200228455174e-05,long_short
2013-05-01,0.9841161457507498,0.4920580728753749,0.0009841161457507497,0.00010854322463595909,0.00616592017330185,0.006275132666796246,0.005291016521045496,long_short
2013-06-03,0.9320106896916549,0.46600534484582745,0.000932010689691655,0.00044942974012807124,0.0020847320435537263,0.0025350987242624967,0.0016030880345708418,long_short
2013-07-01,0.9477183174030646,0.4738591587015323,0.0009477183174030646,-9.024964552143425e-05,-0.004429878590726593,-0.004519728441275572,-0.005467446758678637,long_short
2013-08-01,1.1757502463665155,0.5878751231832577,0.0011757502463665154,0.0011351406240072874,0.000759642107878631,0.00189564503250228,0.0007198947861357646,long_short
2013-09-02,1.1443930925276464,0.5721965462638232,0.0011443930925276464,-0.000125807965896192,0.0002958959743382967,0.00017005078237142257,-0.0009743423101562238,long_short
2013-10-01,0.8997016568191181,0.44985082840955903,0.0008997016568191181,-0.00011483673491364318,-0.004502900022843676,-0.004617219659421079,-0.005516921316240197,long_short
2013-11-01,1.193573365015311,0.5967866825076555,0.001193573365015311,0.0003405412328590844,0.007371287845138157,0.007714339305447737,0.006520765940432426,long_short
2013-12-02,0.9270861180577351,0.46354305902886755,0.0009270861180577352,-0.00046714496005960003,-0.0013181289969349677,-0.0017846581996769917,-0.002711744317734727,long_short
2014-01-01,1.0105625894551937,0.5052812947275969,0.0010105625894551936,-0.00019212441149379467,0.0007162756982102272,0.00052401367266941,-0.00048654891678578363,long_short
2014-02-03,0.9220564678536234,0.4610282339268117,0.0009220564678536234,-0.0004905041271137003,0.003118558529242608,0.0026265247362995403,0.0017044682684459168,long_short
2014-03-03,0.9626247306073628,0.4813123653036814,0.0009626247306073627,0.0005002463703491411,-0.0012921427767207505,-0.000792542796105633,-0.0017551675267129959,long_short
2014-04-01,0.8941765487630902,0.4470882743815451,0.0008941765487630902,0.0001239084335383351,-0.0028478480461538846,-0.0027242924850059413,-0.0036184690337690314,long_short
2014-05-01,1.003231364544279,0.5016156822721395,0.001003231364544279,-0.0010312014751621625,-0.0008992445960099314,-0.0019295187688181947,-0.0029327501333624734,long_short
2014-06-02,0.7785481011966086,0.3892740505983043,0.0007785481011966086,-6.1989383154680054e-06,0.006148504747830743,0.0061422676953135635,0.005363719594116955,long_short
2014-07-01,0.662407058646522,0.331203529323261,0.000662407058646522,0.00048566078045403203,0.00172201883955935,0.002208515937026867,0.001546108878380345,long_short
2014-08-01,0.9743434929159215,0.48717174645796074,0.0009743434929159215,7.682844862767595e-06,0.004080783860985444,0.004088498057877699,0.003114154564961777,long_short
2014-09-01,0.9206045669637919,0.46030228348189595,0.0009206045669637919,-0.00014017706540089023,-0.007035237735581491,-0.007174428622002238,-0.00809503318896603,long_short
2014-10-01,0.9491375895571821,0.47456879477859104,0.0009491375895571821,4.6557574419726e-05,-0.0009209529910736572,-0.0008744382939913642,-0.0018235758835485464,long_short
2014-11-03,1.02192064556383,0.510960322781915,0.0010219206455638302,-0.0006814086353592122,-0.008127165173335255,-0.008803035888164334,-0.009824956533728165,long_short
2014-12-01,0.8732689204980473,0.43663446024902364,0.0008732689204980473,-0.0005036219408607359,0.001351805594605062,0.0008475028547871855,-2.5766065710861865e-05,long_short
2015-01-01,0.921381157290223,0.4606905786451115,0.000921381157290223,0.0006478415487596167,0.00034888654056283404,0.0009969541125192105,7.557295522898748e-05,long_short
2015-02-02,0.675510063772927,0.3377550318864635,0.000675510063772927,-0.00028538006794137,0.009420270445066586,0.009132202019705549,0.008456691955932622,long_short
2015-03-02,0.7824962305677816,0.3912481152838908,0.0007824962305677816,0.001018338766726248,-0.0051948712763391835,-0.004181822648421929,-0.0049643188789897106,long_short
2015-04-01,0.9502732298102705,0.47513661490513526,0.0009502732298102705,-0.00028781933038922306,0.0023083965181734576,0.0020199127866440403,0.00106963955683377,long_short
2015-05-01,0.99388908685684,0.49694454342842,0.00099388908685684,0.000575480509377377,0.0011213529085504945,0.0016974787346708542,0.0007035896478140141,long_short
2015-06-01,1.1362333345129463,0.5681166672564731,0.0011362333345129464,0.0006226943406524165,0.004178394101920884,0.00480369030493355,0.0036674569704206036,long_short
2015-07-01,0.9728512862452412,0.4864256431226206,0.0009728512862452412,-0.0010522982754033834,0.004291230626628004,0.0032344166966369325,0.0022615654103916912,long_short
2015-08-03,1.0125905344957449,0.5062952672478724,0.0010125905344957448,-0.00017946550089182744,0.002901602191581235,0.0027216159531986417,0.0017090254187028969,long_short
2015-09-01,0.8037962358212571,0.40189811791062857,0.0008037962358212571,-0.0015665707437269483,0.008043757262468986,0.006464585403945122,0.005660789168123865,long_short
2015-10-01,0.7582315675091713,0.37911578375458566,0.0007582315675091713,0.0003450370485704693,0.003381435777494178,0.003727639546685202,0.0029694079791760305,long_short
2015-11-02,0.9273884415955275,0.46369422079776373,0.0009273884415955275,7.720017765893816e-05,0.002422225191262877,0.0024996123651370716,0.0015722239235415442,long_short
2015-12-01,0.9903095571410394,0.4951547785705197,0.0009903095571410394,-0.0012520942594905617,0.0057361695455646015,0.00447689306111454,0.0034865835039735,long_short
2016-01-01,0.8989670234309806,0.4494835117154903,0.0008989670234309805,0.00017291330205085434,-0.0006143785973603474,-0.0004415715295413847,-0.0013405385529723652,long_short
2016-02-01,0.8064839589052752,0.4032419794526376,0.0008064839589052753,0.0010202972499816089,-0.0007132317379215857,0.00030633780367916863,-0.0005001461552261066,long_short
2016-03-01,0.7711600744820342,0.3855800372410171,0.0007711600744820342,0.0007253673133068058,0.008689160569729251,0.009420830716093231,0.008649670641611196,long_short
2016-04-01,1.159828871873522,0.579914435936761,0.0011598288718735218,-0.0004894974402909097,-0.004260501353251755,-0.004747913289035899,-0.005907742160909421,long_short
2016-05-02,1.0822474275180194,0.5411237137590097,0.0010822474275180194,0.0005147675554037077,-0.006393044374575101,-0.0058815677509955755,-0.0069638151785135945,long_short
2016-06-01,0.962781664440667,0.4813908322203335,0.0009627816644406671,7.074546440521143e-05,0.005551625641924814,0.005622763858664115,0.004659982194223448,long_short
2016-07-01,0.817420504389355,0.4087102521946775,0.000817420504389355,0.0005499354013106189,-0.0064932753409304,-0.00594691082160026,-0.006764331325989615,long_short
2016-08-01,1.0436385110459017,0.5218192555229508,0.0010436385110459017,-0.00014855882670810342,0.0029426369799951083,0.00279364099859003,0.0017500024875441284,long_short
2016-09-01,0.8644305286154897,0.4322152643077449,0.0008644305286154897,-0.0014030241780813681,0.006906178193591275,0.005493464480526233,0.004629033951910744,long_short
2016-10-03,0.9461353861243382,0.4730676930621691,0.0009461353861243382,0.00040337162274024584,0.0029437619304765314,0.003348320983243669,0.002402185597119331,long_short
2016-11-01,1.0008562344379155,0.5004281172189577,0.0010008562344379155,-0.000755273414790315,-0.000921059979137156,-0.0016756377418117863,-0.002676493976249702,long_short
2016-12-01,1.0357440496680232,0.5178720248340116,0.0010357440496680233,-8.415590032147087e-05,-0.008640268132669982,-0.008723696903447764,-0.009759440953115787,long_short
2017-01-02,1.1652338720502908,0.5826169360251454,0.0011652338720502908,-0.0010505332706374924,-0.009772188952943685,-0.01081245621395921,-0.0119776900860095,long_short
2017-02-01,0.9180798698560281,0.45903993492801404,0.0009180798698560281,0.0006327673124307063,-0.0030526705264086688,-0.0024218348441027437,-0.0033399147139587717,long_short
2017-03-01,0.8045169162714801,0.40225845813574007,0.0008045169162714802,-0.0008418529245539324,0.0021864014505398903,0.0013427078975305484,0.0005381909812590683,long_short
2017-04-03,1.0351930335571145,0.5175965167785572,0.0010351930335571146,-0.00043531729276958706,0.0029754065507982775,0.0025387940121042174,0.0015036009785471028,long_short
2017-05-01,0.8451800120872048,0.4225900060436024,0.0008451800120872049,6.382240891560452e-05,-0.0025873407691622266,-0.0025236834905671968,-0.0033688635026544018,long_short
2017-06-01,1.2302270905958912,0.6151135452979456,0.0012302270905958912,-0.00015685725032640304,-0.0024545391216811317,-0.0026110113597501705,-0.003841238450346062,long_short
2017-07-03,1.14127762000864,0.57063881000432,0.0011412776200086401,-0.0002454601854829054,0.0013398072755980122,0.0010940182207725968,-4.725939923604333e-05,long_short
2017-08-01,0.9929696963794754,0.4964848481897377,0.0009929696963794754,2.9641699145727433e-05,0.004587925294889472,0.004617702987936401,0.003624733291556925,long_short
2017-09-01,0.9955772139504687,0.49778860697523436,0.0009955772139504688,0.0013787000092976994,0.0014704501779081243,0.0028511774968797976,0.0018556002829293288,long_short
2017-10-02,1.154201303818264,0.577100651909132,0.0011542013038182638,-0.0005180119715899343,0.0004954872757087338,-2.27813642217356e-05,-0.0011769826680399994,long_short
2017-11-01,0.8695583490497324,0.4347791745248662,0.0008695583490497325,-0.0012600937719576826,0.003847421778531151,0.002582479894352341,0.0017129215453026083,long_short
2017-12-01,0.9060717136837988,0.4530358568418994,0.0009060717136837988,-0.0006602224581874442,-0.0009130977607782389,-0.001572717371317478,-0.0024787890850012768,long_short
2018-01-01,0.8132521029641829,0.40662605148209147,0.000813252102964183,-0.00029780364174081193,0.002912692891141282,0.0026140218388504,0.001800769735886217,long_short
2018-02-01,0.8410422790931571,0.42052113954657855,0.0008410422790931571,-0.0004556822649399336,0.008185998614084986,0.007726586134755964,0.006885543855662807,long_short
2018-03-01,1.0030543966210979,0.5015271983105489,0.001003054396621098,-3.905205995715887e-05,-0.0026742355729051873,-0.002713183198454372,-0.0037162375950754696,long_short
2018-04-02,1.0073049179122453,0.5036524589561227,0.0010073049179122452,0.0002634183311391566,0.0013312664785666744,0.0015950354897000807,0.0005877305717878355,long_short
2018-05-01,0.9865437569206361,0.49327187846031806,0.000986543756920636,-0.000549704888590288,0.008114708421267425,0.007560542837788509,0.006573999080867873,long_short
2018-06-01,0.9417683911554833,0.47088419557774164,0.0009417683911554833,0.0009065833261291467,0.004144486138364701,0.0050548267865222485,0.0041130583953667655,long_short
2018-07-02,0.9610365628033486,0.4805182814016743,0.0009610365628033486,-0.00038928600573579126,-0.000908525163962073,-0.0012974574935658012,-0.0022584940563691496,long_short
2018-08-01,1.0217279432019786,0.5108639716009893,0.0010217279432019786,-0.0003091954835192535,-0.002913144097476583,-0.0032214388499980373,-0.004243166793200016,long_short
2018-09-03,0.9755528661531259,0.48777643307656293,0.0009755528661531259,0.0007574063952359066,-0.003883526203795773,-0.003129061216142759,-0.004104614082295885,long_short
2018-10-01,0.8033405912448297,0.40167029562241485,0.0008033405912448297,-0.0006006567088555135,-0.0011388394630221675,-0.001738812120314015,-0.0025421527115588446,long_short
2018-11-01,0.9976809143637433,0.49884045718187164,0.0009976809143637433,-1.45642462174967e-05,0.0020873076901906963,0.0020727130439099906,0.0010750321295462473,long_short
2018-12-03,1.061171923642172,0.530585961821086,0.001061171923642172,-0.00111951110142573,0.0017429994423530867,0.0006215370337017134,-0.0004396348899404585,long_short
2019-01-01,0.7668151597369954,0.3834075798684977,0.0007668151597369955,0.000531719696720343,-0.0064247170677147,-0.005896413519605237,-0.006663228679342232,long_short
2019-02-01,1.0923669790402064,0.5461834895201032,0.0010923669790402063,-0.0002634595913404307,-0.001565606906194482,-0.0018286540233791726,-0.002921021002419379,long_short
2019-03-01,0.8782417293668373,0.43912086468341865,0.0008782417293668373,-4.026302618330511e-05,0.0037463122685488085,0.0037058984044966436,0.0028276566751298062,long_short
2019-04-01,0.7276038713355155,0.36380193566775776,0.0007276038713355155,7.533069519878157e-05,0.001214197378471072,0.0012896195400027288,0.0005620156686672133,long_short
2019-05-01,0.7728909822286748,0.3864454911143374,0.0007728909822286748,0.0008051077180528604,-0.0004299034178660572,0.00037485818162696916,-0.0003980328006017057,long_short
2019-06-03,0.740627864981715,0.3703139324908575,0.0007406278649817149,0.0003400371621152252,0.0020926903289288914,0.00243343908352478,0.001692811218543065,long_short
2019-07-01,0.9915451565773163,0.49577257828865817,0.0009915451565773164,-0.00014707652976275753,-0.0002826593729016065,-0.00042969433010475733,-0.0014212394866820737,long_short
2019-08-01,0.9323152903564188,0.4661576451782094,0.0009323152903564188,0.00016136186774050036,0.001908992550365062,0.0020706624567090604,0.0011383471663526416,long_short
2019-09-02,1.3812922600592512,0.6906461300296256,0.0013812922600592512,4.862461559976852e-05,0.002912725193699353,0.002961491439442021,0.00158019917938277,long_short
2019-10-01,1.0333575760520355,0.5166787880260177,0.0010333575760520354,0.0007182771566308496,0.0029923358417033486,0.0037127623248143227,0.0026794047487622872,long_short
2019-11-01,0.7830661524774845,0.39153307623874223,0.0007830661524774844,-2.736946603043076e-05,-0.0005097605019708969,-0.0005371160161286026,-0.001320182168606087,long_short
2019-12-02,1.2700759994055884,0.6350379997027942,0.0012700759994055883,0.0005629401112621717,0.004189580439463298,0.004754879033604276,0.003484803034198687,long_short
2020-01-01,0.8427020408227035,0.42135102041135175,0.0008427020408227035,0.00032071562419008564,-0.0056921835454667655,-0.005373293493475484,-0.0062159955342981875,long_short
2020-02-03,1.0407817841751075,0.5203908920875537,0.0010407817841751074,-0.00039929536909733996,-0.001634100454637836,-0.0020327433349910384,-0.003073525119166146,long_short
2020-03-02,1.1352347062355055,0.5676173531177527,0.0011352347062355056,0.00017938569232465695,-0.00810621543010071,-0.007928283876843079,-0.009063518583078585,long_short
2020-04-01,1.066111740399477,0.5330558701997385,0.0010661117403994772,0.00040570251836950647,0.00384459781636205,0.004251860097747917,0.00318574835734844,long_short
2020-05-01,0.9669591511682858,0.4834795755841429,0.0009669591511682858,-0.0005621699156929494,0.009987453789963744,0.009419669228215799,0.008452710077047513,long_short
2020-06-01,0.7223262011452364,0.3611631005726182,0.0007223262011452363,2.6099683988335475e-05,-0.005680605341134841,-0.005654653919150765,-0.006376980120296001,long_short
2020-07-01,0.7797513131220739,0.38987565656103695,0.0007797513131220739,-0.0002652384059049672,-0.0014252672697278503,-0.001690127640014194,-0.002469878953136268,long_short
2020-08-03,0.8985112180954009,0.44925560904770045,0.000898511218095401,0.0004923153081156876,0.0034918959822573736,0.003985930404219573,0.003087419186124172,long_short
2020-09-01,1.044386356805622,0.522193178402811,0.001044386356805622,-0.0005430005575550464,0.005173187004253623,0.004627377403271016,0.003582991046465394,long_short
2020-10-01,0.8313165451823759,0.4156582725911879,0.0008313165451823758,0.0004760623429694059,0.00871094701234437,0.009191156309157789,0.008359839763975413,long_short
2020-11-02,0.9835651516704137,0.49178257583520685,0.0009835651516704137,6.52591593392241e-05,0.00215797699662258,0.002223376983726766,0.0012398118320563522,long_short
2020-12-01,1.0466341438849018,0.5233170719424509,0.0010466341438849019,0.00023291356788576536,-0.0061526184407755865,-0.005921137901202744,-0.006967772045087646,long_short
2021-01-01,1.0335799145634348,0.5167899572817174,0.0010335799145634347,-0.0007498531993165354,-0.0005295039175139026,-0.0012789600666238687,-0.0023125399811873035,long_short
2021-02-01,0.8636788958866628,0.4318394479433314,0.0008636788958866628,-8.487437475138116e-05,-0.005277766191736723,-0.005362192619382422,-0.006225871515269085,long_short
2021-03-01,0.8159897198050777,0.40799485990253886,0.0008159897198050778,-0.00031777416333248805,-0.0011749179970950594,-0.0014923188018439726,-0.0023083085216490506,long_short
2021-04-01,1.1613114225625725,0.5806557112812862,0.0011613114225625725,0.0005885438431661343,0.012516549010623382,0.013112459391647402,0.011951147969084829,long_short
2021-05-03,1.0156030369876015,0.5078015184938007,0.0010156030369876015,-0.000614112495224317,0.0028966284776167973,0.002280737126650445,0.0012651340896628436,long_short
2021-06-01,0.8456126779496839,0.42280633897484193,0.0008456126779496838,0.0002641128303708776,-0.002547865374029386,-0.002284425467593887,-0.0031300381455435706,long_short
2021-07-01,0.9560355335803221,0.47801776679016106,0.0009560355335803221,-0.0008210044212796216,0.0037944186000306536,0.0029702989443043393,0.002014263410724017,long_short
2021-08-02,0.8463994962156416,0.4231997481078208,0.0008463994962156416,-0.00034194574851926834,-0.001863839054781003,-0.002205147471459612,-0.0030515469676752538,long_short
2021-09-01,1.173246419204477,0.5866232096022385,0.0011732464192044769,-0.00035749798476157895,-0.011616602700035335,-0.011969947772741851,-0.013143194191946327,long_short
2021-10-01,1.121212026184228,0.560606013092114,0.001121212026184228,-0.00022277683286235617,0.007826108807570092,0.007601588498973966,0.006480376472789737,long_short
2021-11-01,1.104065677233457,0.5520328386167285,0.001104065677233457,-0.000777490662851954,-0.00353681397433942,-0.004311554797350126,-0.005415620474583583,long_short
2021-12-01,1.1542472867142943,0.5771236433571472,0.0011542472867142944,-0.00017301793021893568,0.0005216750982313533,0.0003485669088665322,-0.0008056803778477622,long_short
2022-01-03,1.0578100503442232,0.5289050251721116,0.001057810050344223,-3.4224243340459887e-05,0.0030887684709858814,0.003054438516881808,0.001996628466537585,long_short
2022-02-01,0.9506577439710533,0.47532887198552665,0.0009506577439710533,-0.0004249593284950256,0.0008856252110343596,0.0004602895278442709,-0.0004903682161267824,long_short
2022-03-01,0.9731311909142444,0.4865655954571222,0.0009731311909142444,0.0009312839771809893,-0.003058226398493982,-0.0021297904985565497,-0.003102921689470794,long_short
2022-04-01,1.051756590503183,0.5258782952515915,0.0010517565905031829,0.0005925372357518943,-0.0011682584298555784,-0.0005764134307244539,-0.0016281700212276368,long_short
2022-05-02,1.1601904796504559,0.5800952398252279,0.0011601904796504558,0.0005957357515079339,-1.7901061474994654e-05,0.0005778240257305889,-0.0005823664539198669,long_short
2022-06-01,1.042298239831852,0.521149119915926,0.0010422982398318522,-0.0009581622985263007,0.007086189909398979,0.006121237890861275,0.005078939651029423,long_short
2022-07-01,0.8328656816905866,0.4164328408452933,0.0008328656816905866,0.0004054506880149872,0.0011385898468623348,0.0015445021769140421,0.0007116364952234555,long_short
2022-08-01,0.953594945776596,0.476797472888298,0.000953594945776596,0.0005911299779225343,-0.009894323281507387,-0.009309042134687973,-0.010262637080464569,long_short
2022-09-01,1.0014914521611251,0.5007457260805626,0.0010014914521611251,0.0008696557966547171,0.005009831371466043,0.0058838439970132494,0.004882352544852125,long_short
2022-10-03,1.2362714287340881,0.6181357143670441,0.001236271428734088,-0.0007081094577014678,0.0018892080767937795,0.0011797608529855452,-5.6510575748542876e-05,long_short
2022-11-01,1.0621243954312334,0.5310621977156167,0.0010621243954312333,-0.0008229540398878646,-0.006841594192608882,-0.007658917914916685,-0.00872104231034792,long_short
2022-12-01,1.0845444130712654,0.5422722065356327,0.0010845444130712653,0.0003961073085247647,0.006851097271368607,0.007249918349593987,0.006165373936522721,long_short
2023-01-02,0.9700488255907029,0.48502441279535147,0.0009700488255907029,-0.0005727798098471898,0.004868319744904724,0.004292751459799682,0.003322702634208979,long_short
2023-02-01,1.0453551580006946,0.5226775790003473,0.0010453551580006945,-0.0007703225959910689,0.005393621416950498,0.004619143992507846,0.0035737888345071514,long_short
2023-03-01,0.9259714583360347,0.46298572916801733,0.0009259714583360346,-0.0004070951629646687,0.0011978760938100945,0.0007902932812817731,-0.00013567817705426152,long_short
2023-04-03,1.1875517603860117,0.5937758801930059,0.0011875517603860118,7.667093452259894e-05,-0.00368069914477499,-0.0036043104128955505,-0.004791862173281562,long_short
2023-05-01,0.7952754039596027,0.39763770197980136,0.0007952754039596028,0.0002089028660567016,0.013398600296437267,0.013610302168497013,0.01281502676453741,long_short
2023-06-01,1.1139875125970096,0.5569937562985048,0.0011139875125970096,0.0005755041697594355,0.013107139749328344,0.01369018713266712,0.01257619962007011,long_short
2023-07-03,0.9235999036730884,0.4617999518365442,0.0009235999036730884,0.000738124977074129,0.00913742721829584,0.009882296758626063,0.008958696854952975,long_short
2023-08-01,0.9485669770596469,0.47428348852982344,0.0009485669770596469,-0.00010285727838536493,0.007359040798450619,0.007255426589157121,0.006306859612097474,long_short
2023-09-01,0.9521516494973823,0.47607582474869115,0.0009521516494973823,-8.845992916900334e-05,0.0033410435310030568,0.003252288053360086,0.002300136403862704,long_short
2023-10-02,1.1248363826823464,0.5624181913411732,0.0011248363826823465,-0.00032324409880744875,-0.0002838106765821963,-0.0006069630352633082,-0.0017317994179456547,long_short
2023-11-01,1.2264811873778658,0.6132405936889329,0.0012264811873778658,0.000681434999441533,-0.0027933979968423816,-0.002113866516563312,-0.0033403477039411775,long_short
2023-12-01,1.0291025789284063,0.5145512894642031,0.0010291025789284064,0.00033655971499156005,-0.0021046784607429416,-0.0017688270957342267,-0.0027979296746626333,long_short
2024-01-01,1.041921882323096,0.520960941161548,0.001041921882323096,-0.001083394073520726,-0.0015633573875152382,-0.0026450577289075516,-0.0036869796112306476,long_short
2024-02-01,1.0517704030387172,0.5258852015193586,0.0010517704030387172,-5.90611793445733e-05,-0.0026154232820124303,-0.002674329991373625,-0.0037261003944123426,long_short
2024-03-01,1.1188539135279085,0.5594269567639543,0.0011188539135279086,0.001222984524096546,0.0035399581533165445,0.004767271991450661,0.0036484180779227525,long_short
2024-04-01,0.917522742381337,0.4587613711906685,0.000917522742381337,0.0006791659874575392,0.012220987843466452,0.012908453910200235,0.011990931167818897,long_short
2024-05-01,1.2077539535542114,0.6038769767771057,0.0012077539535542115,-0.0006289165496937251,-0.0006642425922869419,-0.0012927413888214057,-0.002500495342375617,long_short
2024-06-03,0.9130017200662287,0.45650086003311435,0.0009130017200662287,0.0004703992617081369,-0.001752213650049428,-0.0012826386283486535,-0.0021956403484148825,long_short
2024-07-01,1.1009409962470924,0.5504704981235462,0.0011009409962470923,0.00014517734224369207,-0.006196406165827865,-0.006052128401362822,-0.007153069397609914,long_short
2024-08-01,0.8854378338491956,0.4427189169245978,0.0008854378338491956,-0.00015419496562825636,0.004638542603807086,0.00448363239826155,0.0035981945644123544,long_short
2024-09-02,1.0014436130956992,0.5007218065478496,0.0010014436130956993,-0.00042698003869770854,-0.00033783389559433226,-0.0007646696859622271,-0.0017661132990579264,long_short
2024-10-01,0.8538066439462502,0.4269033219731251,0.0008538066439462502,-0.0003502320144576903,6.89420072462147e-05,-0.0002813141529096619,-0.001135120796855912,long_short
2024-11-01,0.9907524333640433,0.49537621668202164,0.0009907524333640433,-0.0005134120790276144,0.004177774065997259,0.0036622170673006327,0.002671464633936589,long_short
2024-12-02,0.8567536452460038,0.4283768226230019,0.0008567536452460039,6.109984969005037e-05,-0.008961541060808334,-0.008900988759930062,-0.009757742405176066,long_short
2025-01-01,0.7309800464648064,0.3654900232324032,0.0007309800464648064,0.00011188073096485599,0.006829901989175462,0.006942546854567411,0.006211566808102604,long_short
2025-02-03,0.7445533502873292,0.3722766751436646,0.0007445533502873292,-0.0007825481029239778,-0.003968316465592451,-0.004747759169994481,-0.00549231252028181,long_short
2025-03-03,1.0892218000787848,0.5446109000393924,0.0010892218000787847,2.9347707880292458e-05,-0.003233926452280698,-0.0032046736527292508,-0.004293895452808036,long_short
2025-04-01,0.7743900863828774,0.3871950431914387,0.0007743900863828774,0.00019898068726611486,-0.000978725716237445,-0.0007799397764869376,-0.001554329862869815,long_short
2025-05-01,0.9479382552396061,0.47396912761980303,0.0009479382552396061,0.0005505002229358679,0.0013782841417401175,0.0019295431104031646,0.0009816048551635585,long_short
2025-06-02,1.1653149782545473,0.5826574891272737,0.0011653149782545474,-0.00010126073244729397,0.009159587618524586,0.00905739937952621,0.007892084401271662,long_short
2011-01-03,1.0,0.5,0.001,0.0,-0.004332117772226406,-0.004332117772226418,-0.005332117772226418,long_only
2011-02-01,0.6305510450435627,0.31527552252178137,0.0006305510450435628,2.9199796156043507e-05,0.011842133262491313,0.011871678846524736,0.011241127801481173,long_only
2011-03-01,0.5636757532951266,0.2818378766475633,0.0005636757532951266,-0.0006456371696764574,0.008734774768344618,0.008083498103409026,0.0075198223501138995,long_only
2011-04-01,0.5938432170401999,0.29692160852009997,0.0005938432170402,1.1159238499552633e-05,0.013468509669121574,0.013479819205932664,0.012885975988892464,long_only
2011-05-02,0.5850935542553151,0.29254677712765753,0.0005850935542553151,0.000463380834042499,-0.006892492871724112,-0.006432305886777234,-0.00701739944103255,long_only
2011-06-01,0.5727637084107884,0.2863818542053942,0.0005727637084107884,7.174395490326262e-05,-0.0003098793926694231,-0.00023815766973944719,-0.0008109213781502356,long_only
2011-07-01,0.5075542333010015,0.25377711665050073,0.0005075542333010015,0.0002585658507052119,-0.02150369553724016,-0.02125068980786482,-0.02175824404116582,long_only
2011-08-01,0.598345995621838,0.299172997810919,0.000598345995621838,0.0008262117909716017,-0.026692539613848328,-0.025888381513836656,-0.026486727509458494,long_only
2011-09-01,0.515786713958724,0.257893356979362,0.000515786713958724,0.0003633485317180731,0.013202065294183215,0.013570210776941538,0.013054424062982814,long_only
2011-10-03,0.5566044262835271,0.27830221314176357,0.0005566044262835272,7.418201204271333e-05,0.01840043789799036,0.018475984891538788,0.01791938046525526,long_only
2011-11-01,0.5948274270398886,0.2974137135199443,0.0005948274270398886,0.0005657691475030496,-0.0015021993615689769,-0.0009372801121181329,-0.0015321075391580216,long_only
2011-12-01,0.5026056868157641,0.25130284340788206,0.0005026056868157641,0.0005641149106170969,-0.010696641275819221,-0.010138560500039473,-0.010641166186855237,long_only
2012-01-02,0.5050179233466098,0.2525089616733049,0.0005050179233466097,0.0012747791071413238,-0.006916586969407535,-0.005650624982827646,-0.006155642906174256,long_only
2012-02-01,0.4104447156909663,0.20522235784548315,0.00041044471569096633,0.0011009935797764569,-0.009161232047619098,-0.008070324925509853,-0.008480769641200819,long_only
2012-03-01,0.4170115830767974,0.2085057915383987,0.0004170115830767974,0.0001682131414364088,0.014598663746399645,0.014769332574925631,0.014352320991848834,long_only
2012-04-02,0.46294428723485,0.231472143617425,0.00046294428723485,0.0005828480746192701,-0.0013452440111619921,-0.0007631800094245467,-0.0012261242966593966,long_only
2012-05-01,0.5369932930305702,0.2684966465152851,0.0005369932930305702,0.00017377749652047064,0.0038583290459667462,0.004032777033249779,0.003495783740219209,long_only
2012-06-01,0.506632068975387,0.2533160344876935,0.0005066320689753871,-0.0004766458153380547,0.016514445134297274,0.01602992777779333,0.015523295708817941,long_only
2012-07-02,0.4551746822539426,0.2275873411269713,0.0004551746822539426,0.0007684321251258425,0.002689981048032386,0.003460480241011421,0.0030053055587574784,long_only
2012-08-01,0.5461547701761471,0.27307738508807355,0.0005461547701761471,0.00045078538725488093,-0.011315196585440793,-0.010869511923460529,-0.011415666693636676,long_only
2012-09-03,0.4144695941169805,0.20723479705849024,0.0004144695941169805,-0.0002138150606909151,-0.013800023212384955,-0.014010887620275247,-0.014425357214392228,long_only
2012-10-01,0.4538267585148267,0.22691337925741334,0.0004538267585148267,-0.0007309501833265737,-0.014308954476057224,-0.01502944552648633,-0.015483272285001156,long_only
2012-11-01,0.46388585500912655,0.23194292750456327,0.0004638858550091266,-0.00020440533069202157,-0.024991631477996636,-0.025190928385991906,-0.025654814241001033,long_only
2012-12-03,0.6151617764368553,0.30758088821842766,0.0006151617764368554,0.00013580676327007218,0.002639163408948754,0.0027753285884588585,0.0021601668120220033,long_only
2013-01-01,0.34467635167936683,0.17233817583968342,0.00034467635167936687,-0.00042733888564301274,0.01339302658786958,0.012959964341169083,0.012615287989489717,long_only
2013-02-01,0.49908719124058526,0.24954359562029263,0.0004990871912405853,-2.940115540706284e-07,0.007369862555845274,0.007369566377466441,0.0068704791862258556,long_only
2013-03-01,0.3502972939473763,0.17514864697368815,0.0003502972939473763,1.970618788499727e-05,0.005798986039004734,0.005818806502798202,0.005468509208850825,long_only
2013-04-01,0.3132206707554199,0.15661033537770996,0.0003132206707554199,-9.32820045370631e-05,0.03347075926146378,0.03337435503740949,0.03306113436665407,long_only
2013-05-01,0.43027546287840773,0.21513773143920387,0.00043027546287840773,0.00018509474668015354,-0.0013660657615065578,-0.0011812238664224983,-0.0016114993293009062,long_only
2013-06-03,0.4616976865261584,0.2308488432630792,0.0004616976865261584,0.0006403497493993775,-0.01004321345570109,-0.009409294875521224,-0.009870992562047381,long_only
2013-07-01,0.5323749872239993,0.26618749361199967,0.0005323749872239993,-0.00027199032756643627,0.008104848903491333,0.007830654135416726,0.007298279148192727,long_only
2013-08-01,0.53935569399863,0.269677846999315,0.0005393556939986301,0.0006168281066871559,0.0030240074179903845,0.003642700817447775,0.0031033451234491445,long_only
2013-09-02,0.48696413494806196,0.24348206747403098,0.00048696413494806194,-0.00044922736301575213,0.0021596254810609477,0.0017094279551852498,0.0012224638202371879,long_only
2013-10-01,0.48369528504563736,0.24184764252281868,0.00048369528504563735,0.00011059040073083039,-0.007320773130695971,-0.007210992337199351,-0.007694687622244989,long_only
2013-11-01,0.7062156320299411,0.35310781601497054,0.0007062156320299411,0.00013028845869655648,0.0006884165137372661,0.0008187946651603273,0.00011257903313038615,long_only
2013-12-02,0.5759033989755463,0.28795169948777316,0.0005759033989755463,0.0002549120696536841,0.004514397271407036,0.004770460115412378,0.004194556716436832,long_only
2014-01-01,0.3991707909166583,0.19958539545832915,0.0003991707909166583,0.00026137147083999155,0.006951292908730328,0.007214481249222082,0.006815310458305424,long_only
2014-02-03,0.5555644468626846,0.2777822234313423,0.0005555644468626846,-0.0005520517338252609,-0.0019109541380368943,-0.002461950926316958,-0.0030175153731796427,long_only
2014-03-03,0.544722538586559,0.2723612692932795,0.000544722538586559,0.00028258412867372695,-0.01695385022144736,-0.016676056981766108,-0.017220779520352666,long_only
2014-04-01,0.5087625372531326,0.2543812686265663,0.0005087625372531326,0.000321176460019681,-0.006592964599671139,-0.006273905644682665,-0.0067826681819357975,long_only
2014-05-01,0.5947845547103383,0.29739227735516915,0.0005947845547103383,-0.0003003523425034511,-0.018670801947395357,-0.018965546470797512,-0.01956033102550785,long_only
2014-06-02,0.35651814174220753,0.17825907087110376,0.00035651814174220755,-0.00033017301630987317,0.016549868935883394,0.016214231599427364,0.015857713457685156,long_only
2014-07-01,0.38342301503797843,0.19171150751898922,0.00038342301503797844,0.0001619250618521242,0.004706777360493217,0.004869464567560433,0.0044860415525224545,long_only
2014-08-01,0.47264500180360514,0.23632250090180257,0.00047264500180360517,0.0003940587462395723,0.017159083227217098,0.01755990366027982,0.017087258658476212,long_only
2014-09-01,0.3565307778517981,0.17826538892589905,0.0003565307778517981,0.0002382532568954602,-0.027093116595739323,-0.026861318362112252,-0.02721784913996405,long_only
2014-10-01,0.47462841559381735,0.23731420779690868,0.0004746284155938174,0.00011532034609324795,0.002971480336795109,0.0030871433550292426,0.002612514939435425,long_only
2014-11-03,0.506271458300787,0.2531357291503935,0.0005062714583007871,-2.4729334413686724e-05,0.002066385136623905,0.0020416047018811945,0.0015353332435804074,long_only
2014-12-01,0.42263129804154803,0.21131564902077402,0.00042263129804154807,-3.7195339163709066e-05,-0.01652877694894303,-0.016565357494642163,-0.016987988792683713,long_only
2015-01-01,0.4953481973148042,0.2476740986574021,0.0004953481973148042,0.00010663640207982038,-0.0011963439661332178,-0.0010898351378695326,-0.0015851833351843369,long_only
2015-02-02,0.340801877048019,0.1704009385240095,0.000340801877048019,0.0002971779634610782,0.012553393216394048,0.012854301771685783,0.012513499894637764,long_only
2015-03-02,0.3673734320742373,0.18368671603711864,0.0003673734320742373,0.0004825448826950929,0.0031444622235545098,0.0036285244504044023,0.003261151018330165,long_only
2015-04-01,0.3937111664591019,0.19685558322955096,0.0003937111664591019,-5.6061946264819476e-05,0.017261785386989307,0.017204755711439867,0.016811044544980766,long_only
2015-05-01,0.5462933457803844,0.2731466728901922,0.0005462933457803844,-5.574193313128236e-05,-0.006372758636771645,-0.006428145340017122,-0.006974438685797506,long_only
2015-06-01,0.48088316557249794,0.24044158278624897,0.00048088316557249797,0.0005013952694630215,0.02268360828416911,0.023196377007520086,0.022715493841947588,long_only
2015-07-01,0.4375435940386282,0.2187717970193141,0.0004375435940386282,-0.0007678225816765557,-0.013540895043901274,-0.014298320620587002,-0.01473586421462563,long_only
2015-08-03,0.568118574625053,0.2840592873125265,0.000568118574625053,5.653402068788105e-05,0.0285044810294215,0.028562626523029655,0.027994507948404603,long_only
2015-09-01,0.510116790275978,0.255058395137989,0.000510116790275978,-0.0005497501963920659,-0.010882009769918497,-0.01142577757930241,-0.011935894369578388,long_only
2015-10-01,0.35159336235279204,0.17579668117639602,0.00035159336235279207,8.5744365224616e-05,-0.01116061132288933,-0.01107582391719808,-0.011427417279550873,long_only
2015-11-02,0.5372660662616366,0.2686330331308183,0.0005372660662616367,0.0005865631010234474,-0.02390265202045544,-0.02333010933312396,-0.023867375399385597,long_only
2015-12-01,0.5839622744678574,0.2919811372339287,0.0005839622744678574,-0.001210531681638139,0.005689818294541099,0.004472398907594766,0.003888436633126908,long_only
2016-01-01,0.5074100156799992,0.2537050078399996,0.0005074100156799992,6.82364419200203e-05,-0.0027462187786330963,-0.002678169728911328,-0.0031855797445913274,long_only
2016-02-01,0.46215265505423886,0.23107632752711943,0.0004621526550542389,0.000909528010039292,-0.018359274354602363,-0.01746644461883262,-0.017928597273886862,long_only
2016-03-01,0.4322279603630292,0.2161139801815146,0.0004322279603630292,0.00010272214766233751,0.004573414226760107,0.004676606165354036,0.004244378204991007,long_only
2016-04-01,0.5384024902826429,0.26920124514132143,0.0005384024902826428,-0.0005169723135998387,-0.011259002632604077,-0.0117701543535641,-0.012308556843846742,long_only
2016-05-02,0.6566042400638545,0.32830212003192727,0.0006566042400638545,0.0005874415156850783,0.005615807263241252,0.006206547737256818,0.005549943497192964,long_only
2016-06-01,0.5074088974557314,0.2537044487278657,0.0005074088974557314,-0.0003157981530890839,0.009400008927586995,0.009081242269039391,0.008573833371583659,long_only
2016-07-01,0.4618819698165387,0.23094098490826934,0.0004618819698165387,0.0002474598404819027,0.002704421425458682,0.0029525505016352316,0.002490668531818693,long_only
2016-08-01,0.5379549769035219,0.26897748845176095,0.0005379549769035219,-0.00018637397997170062,-0.006068188931499699,-0.006253431958949007,-0.006791386935852529,long_only
2016-09-01,0.35998879547901197,0.17999439773950598,0.000359988795479012,-0.00048731757708490755,0.0022653818382122708,0.0017769603007389279,0.0014169715052599159,long_only
2016-10-03,0.5133046145628795,0.25665230728143973,0.0005133046145628794,0.000669049111788563,-0.0038148327398238122,-0.003148335938491398,-0.003661640553054277,long_only
2016-11-01,0.5889027141426604,0.2944513570713302,0.0005889027141426604,-0.00032506344779034555,-0.026859108614793587,-0.027175441148133084,-0.027764343862275744,long_only
2016-12-01,0.5455479110906585,0.27277395554532924,0.0005455479110906585,0.0002378704043793796,0.0012143478839509747,0.001452507145752513,0.0009069592346618544,long_only
2017-01-02,0.5360144178153187,0.26800720890765933,0.0005360144178153187,-0.0004547365488669475,0.0020260598284473777,0.0015704019561262328,0.001034387538310914,long_only
2017-02-01,0.5804991358200404,0.2902495679100202,0.0005804991358200405,0.0009450680276914416,-0.0025092850899242026,-0.0015665885073435915,-0.002147087643163632,long_only
2017-03-01,0.4215512628980599,0.21077563144902994,0.0004215512628980599,-0.0006005782624163672,0.0006076353627914785,6.692167784816405e-06,-0.0004148590951132435,long_only
2017-04-03,0.5446131492281873,0.27230657461409363,0.0005446131492281873,-0.00014345314892507243,-0.011013713594780952,-0.011155586791809502,-0.01170019994103769,long_only
2017-05-01,0.41639653625684814,0.20819826812842407,0.00041639653625684815,0.000723615443755513,0.010885878999664155,0.011617371633582785,0.011200975097325937,long_only
2017-06-01,0.6638227586980575,0.33191137934902876,0.0006638227586980575,-0.00024228036688047114,-0.014547194264994937,-0.014785950132311765,-0.015449772891009822,long_only
2017-07-03,0.66342167314147,0.331710836570735,0.0006634216731414701,-0.00015951169498690728,0.009891509297545046,0.009730419791144085,0.009066998118002614,long_only
2017-08-01,0.6333344643621963,0.31666723218109816,0.0006333344643621963,0.0003216313041548819,0.0035310963197678815,0.003853863335037344,0.0032205288706751477,long_only
2017-09-01,0.502855930649261,0.2514279653246305,0.0005028559306492611,0.0011438798984221852,-0.0028939424607740726,-0.001753372884959914,-0.002256228815609175,long_only
2017-10-02,0.641449929833224,0.320724964916612,0.0006414499298332241,-0.0005213304988557718,-0.00282327650362878,-0.0033431351423364175,-0.0039845850721696415,long_only
2017-11-01,0.4104170375755591,0.20520851878777954,0.0004104170375755591,-0.0008334274776197922,0.002713611496096717,0.0018779224200924372,0.001467505382516878,long_only
2017-12-01,0.4028127784602411,0.20140638923012055,0.0004028127784602411,-0.00027290427541951096,0.004700943670652271,0.004426756487606598,0.0040239437091463565,long_only
2018-01-01,0.41610147836165823,0.20805073918082911,0.0004161014783616582,-0.00040958682498787796,0.0007630878348452884,0.00035318845913390184,-6.291301922775638e-05,long_only
2018-02-01,0.44322949727995353,0.22161474863997677,0.00044322949727995355,-0.00019120590568666687,0.007740206320895638,0.007547520442049205,0.007104290944769252,long_only
2018-03-01,0.40355668587150184,0.20177834293575092,0.00040355668587150186,0.0002204568076201538,0.007976581740229341,0.008198797039595584,0.007795240353724082,long_only
2018-04-02,0.46921701073730493,0.23460850536865246,0.00046921701073730494,0.0001610133925852067,0.009959516521523958,0.010122133529652855,0.00965291651891555,long_only
2018-05-01,0.4519936232014541,0.22599681160072704,0.00045199362320145407,-0.00013000664691831536,0.00258914996703433,0.0024588067134103664,0.0020068130902089125,long_only
2018-06-01,0.5323605509895302,0.2661802754947651,0.0005323605509895302,0.000346627046923039,-0.015426118427700143,-0.01508483849065323,-0.01561719904164276,long_only
2018-07-02,0.5055740932921144,0.2527870466460572,0.0005055740932921144,-0.0002252668219181413,-0.00012071649227768377,-0.0003459561207752593,-0.0008515302140673737,long_only
2018-08-01,0.550307370497114,0.275153685248557,0.000550307370497114,-8.484347254790058e-05,-0.00726473194937358,-0.007348959056835747,-0.00789926642733286,long_only
2018-09-03,0.5534287929551127,0.27671439647755636,0.0005534287929551127,0.0005787558745648509,-0.008479966731514495,-0.007906118687511565,-0.008459547480466678,long_only
2018-10-01,0.4623516767994207,0.23117583839971034,0.0004623516767994207,-0.0003634088846446503,0.002442682503860245,0.002078385926691073,0.0016160342498916524,long_only
2018-11-01,0.4791844965107308,0.2395922482553654,0.0004791844965107308,-0.0003420258726905164,0.004965534637810786,0.004621810423802497,0.004142625927291766,long_only
2018-12-03,0.5454650901215183,0.27273254506075917,0.0005454650901215184,-0.000552230645503621,-0.017901344733651917,-0.018443689707997812,-0.018989154798119332,long_only
2019-01-01,0.3906956240712147,0.19534781203560736,0.0003906956240712147,0.000656722028074699,-0.007169328516383855,-0.006517314744272418,-0.0069080103683436325,long_only
2019-02-01,0.4770622343128787,0.23853111715643935,0.0004770622343128787,-5.5760945482786133e-05,-0.0051229944831054095,-0.0051784697655720136,-0.005655531999884892,long_only
2019-03-01,0.41357585690464665,0.20678792845232333,0.00041357585690464664,-0.00030116259364779206,-0.013557363149470175,-0.013854442772468833,-0.01426801862937348,long_only
2019-04-01,0.34628501414057034,0.17314250707028517,0.00034628501414057033,-0.0001975494485754797,0.01888698952352559,0.018685708960584302,0.018339423946443733,long_only
2019-05-01,0.3044356781590962,0.1522178390795481,0.00030443567815909624,-0.00018203158555868314,0.006506278406701336,0.0063230624729682106,0.006018626794809114,long_only
2019-06-03,0.3443499051682861,0.17217495258414306,0.0003443499051682861,-9.288351252313969e-05,0.014785083105096929,0.014690826302121929,0.014346476396953642,long_only
2019-07-01,0.4652748058130021,0.23263740290650106,0.00046527480581300216,0.00012253007930375622,-0.017893358179446928,-0.01777302057473995,-0.018238295380552952,long_only
2019-08-01,0.42557970551808477,0.21278985275904239,0.0004255797055180848,0.0006437977391855019,0.015951624294511246,0.016605691653353905,0.01618011194783582,long_only
2019-09-02,0.6407676935721964,0.3203838467860982,0.0006407676935721964,-2.1110634118390195e-05,0.017674200799089265,0.017652717051384492,0.017011949357812296,long_only
2019-10-01,0.47151043671475756,0.23575521835737878,0.0004715104367147576,0.0006787595781549975,-0.00170629467939921,-0.0010286932651010217,-0.0015002037018157792,long_only
2019-11-01,0.5083909676870797,0.25419548384353985,0.0005083909676870797,0.00033714547043986606,-0.005447569787526887,-0.005112260940565716,-0.005620651908252796,long_only
2019-12-02,0.6273769926451785,0.31368849632258927,0.0006273769926451785,0.00023690202335091727,0.002094666730019514,0.0023320649841571672,0.0017046879915119887,long_only
2020-01-01,0.3901487159804248,0.1950743579902124,0.0003901487159804248,-1.3192065693686634e-05,0.005800493137260308,0.005787224551080161,0.005397075835099736,long_only
2020-02-03,0.5878342418208335,0.2939171209104168,0.0005878342418208335,-0.00044479423960289035,-0.005162638939506282,-0.0056051368670477775,-0.0061929711088686105,long_only
2020-03-02,0.48281806778385794,0.24140903389192897,0.00048281806778385794,6.972842164363748e-05,-0.022415456607531185,-0.022347291180297324,-0.022830109248081182,long_only
2020-04-01,0.5403597313368791,0.27017986566843954,0.0005403597313368791,0.0004913475333209297,0.014720815529094964,0.01521939609881473,0.014679036367477851,long_only
2020-05-01,0.5356773784229547,0.26783868921147735,0.0005356773784229547,0.00013498673579424034,0.009543280519540339,0.009679555471620693,0.009143878093197739,long_only
2020-06-01,0.4129174810341283,0.20645874051706414,0.0004129174810341283,0.0004707707066232613,-0.00045165822008649695,1.8899859077103898e-05,-0.0003940176219570244,long_only
2020-07-01,0.4294853795295871,0.21474268976479355,0.00042948537952958713,-0.00019557167196994026,0.023587001369759913,0.02338681674849541,0.02295733136896582,long_only
2020-08-03,0.44232831910979803,0.22116415955489901,0.000442328319109798,0.0005029975228214191,-0.01458898843358508,-0.014093329135806187,-0.014535657454915986,long_only
2020-09-01,0.575257830511203,0.2876289152556015,0.000575257830511203,-5.866529092705627e-05,0.005496201238351406,0.0054372135111797615,0.004861955680668558,long_only
2020-10-01,0.3702643973844032,0.1851321986922016,0.0003702643973844032,-8.185036639756063e-05,-0.009128802685271664,-0.009209905855824596,-0.009580170253209,long_only
2020-11-02,0.47005312542941097,0.23502656271470548,0.00047005312542941095,0.0002588848978098732,0.020006381644850503,0.020270445892728084,0.019800392767298673,long_only
2020-12-01,0.47149074105539335,0.23574537052769667,0.00047149074105539335,2.0661394387523884e-05,-0.00802704579473818,-0.008006550250309497,-0.00847804099136489,long_only
2021-01-01,0.5389449461601246,0.2694724730800623,0.0005389449461601246,-0.0004217954568188568,-0.01899664304745636,-0.019410425806543063,-0.01994937075270319,long_only
2021-02-01,0.38150263599363565,0.19075131799681783,0.00038150263599363567,3.1312705360925404e-05,-0.00030600974392348574,-0.00027470662055562034,-0.0006562092565492561,long_only
2021-03-01,0.4751591836578028,0.2375795918289014,0.0004751591836578028,-0.00028278127694540326,0.013843695042142525,0.013556999027435568,0.013081839843777764,long_only
2021-04-01,0.6528413844435348,0.3264206922217674,0.0006528413844435348,0.0006326405431138096,0.005501565902497101,0.006137686959251543,0.005484845574808008,long_only
2021-05-03,0.41398201235817367,0.20699100617908683,0.0004139820123581737,-6.434480490104843e-05,0.009531344780900411,0.009466386683478989,0.009052404671120815,long_only
2021-06-01,0.41425856365200203,0.20712928182600102,0.00041425856365200206,-3.858153066963287e-05,0.00571452783085947,0.005675725824959121,0.005261467261307119,long_only
2021-07-01,0.4216667785127781,0.21083338925638906,0.0004216667785127781,-0.00012557075747723304,-0.00036008942107179664,-0.00048561496184762465,-0.0009072817403604028,long_only
2021-08-02,0.4480445640152915,0.22402228200764576,0.00044804456401529154,-0.0005950330906567829,0.01939989661910066,0.018793319948000153,0.018345275383984862,long_only
2021-09-01,0.5106957704733543,0.2553478852366772,0.0005106957704733543,-4.8053171314800056e-05,-0.012097191676610584,-0.012144663539501388,-0.012655359309974742,long_only
2021-10-01,0.626093523018651,0.3130467615093255,0.0006260935230186509,0.00013343850943346735,0.0029220066391197957,0.003055835056763545,0.0024297415337448942,long_only
2021-11-01,0.5437863738769132,0.2718931869384566,0.0005437863738769132,-0.00047760515341757983,-0.013776925589872455,-0.014247950812629973,-0.014791737186506886,long_only
2021-12-01,0.5789922610077902,0.2894961305038951,0.0005789922610077902,0.00022263774095185375,-0.016118311095901762,-0.01589926189932034,-0.016478254160328127,long_only
2022-01-03,0.5439858839890792,0.2719929419945396,0.0005439858839890792,0.0002383793976338365,-0.0048986475903251,-0.004661435929352975,-0.005205421813342054,long_only
2022-02-01,0.4720034319502979,0.23600171597514896,0.00047200343195029793,-0.0009746514324113374,0.006811672569215506,0.005830382130377565,0.005358378698427267,long_only
2022-03-01,0.5030345044060924,0.2515172522030462,0.0005030345044060925,0.00015914219105273055,0.012055970459687114,0.012217031264294187,0.011713996759888094,long_only
2022-04-01,0.5763893225783758,0.2881946612891879,0.0005763893225783759,0.00029727577305887863,0.011158744249612523,0.01145933724699466,0.010882947924416285,long_only
2022-05-02,0.6004923883435818,0.3002461941717909,0.0006004923883435818,0.00019477046701042402,-0.007983514060516974,-0.007790298546268559,-0.008390790934612142,long_only
2022-06-01,0.5524758794791477,0.27623793973957383,0.0005524758794791477,-0.000758933419316992,0.008927040974899369,0.00816133252585094,0.007608856646371792,long_only
2022-07-01,0.41239489762019593,0.20619744881009797,0.00041239489762019595,-4.421624974521883e-05,0.0033488892626848264,0.0033045249376153496,0.0028921300399951536,long_only
2022-08-01,0.4613602637174187,0.23068013185870934,0.0004613602637174187,-0.00028838484076580993,0.004636993177738701,0.0043472710984338025,0.003885910834716384,long_only
2022-09-01,0.4589591855712418,0.2294795927856209,0.00045895918557124185,0.00031571105304157383,0.030557039772224407,0.030882398020470214,0.030423438834898973,long_only
2022-10-03,0.6072596486096269,0.30362982430481344,0.0006072596486096269,-0.00044952841682871123,0.009563720447575395,0.009109892866634883,0.008502633218025257,long_only
2022-11-01,0.6081413721053599,0.30407068605267995,0.00060814137210536,-0.000771428311834401,0.00242033015491445,0.0016470347318744416,0.0010388933597690816,long_only
2022-12-01,0.5886895779429854,0.2943447889714927,0.0005886895779429853,0.00017011763347565,0.007664213484475824,0.007835634935811742,0.007246945357868757,long_only
2023-01-02,0.5467745969041798,0.2733872984520899,0.0005467745969041798,-3.338437222116569e-05,-0.016173434175626056,-0.01620627860790058,-0.01675305320480476,long_only
2023-02-01,0.4661186963213959,0.23305934816069795,0.0004661186963213959,-0.0004172390783035801,-0.005359328670798589,-0.005774331627747209,-0.006240450324068605,long_only
2023-03-01,0.5485567116366853,0.27427835581834265,0.0005485567116366853,-0.0008219440420165404,0.004064286018490189,0.0032390013607959123,0.002690444649159227,long_only
2023-04-03,0.6210508473705196,0.3105254236852598,0.0006210508473705196,0.00044654093563092445,0.002318602697108711,0.002766178983757417,0.002145128136386897,long_only
2023-05-01,0.4644483622417981,0.23222418112089904,0.0004644483622417981,0.0006650406339465868,-0.011480183592928829,-0.010822777747556689,-0.011287226109798487,long_only
2023-06-01,0.47511822455236596,0.23755911227618298,0.000475118224552366,5.559627613752951e-05,0.014238213053709243,0.0142946009214715,0.013819482696919135,long_only
2023-07-03,0.3530782453681297,0.17653912268406485,0.00035307824536812973,0.0008206899435179559,0.0018481615619092469,0.0026703682730351286,0.002317290027666999,long_only
2023-08-01,0.5043686481455725,0.25218432407278624,0.0005043686481455725,-0.0001661566241221751,0.005634373236147787,0.005467280423589571,0.0049629117754439985,long_only
2023-09-01,0.5029838186157215,0.25149190930786075,0.0005029838186157215,1.5628213926520385e-06,0.016360085248536903,0.016361673637820706,0.015858689819204984,long_only
2023-10-02,0.5756295185728888,0.2878147592864444,0.0005756295185728888,5.318398012189212e-06,-0.007573144716342161,-0.007567866595327821,-0.00814349611390071,long_only
2023-11-01,0.5883540987274662,0.2941770493637331,0.0005883540987274662,0.0005511389031052395,0.0038505811843215056,0.004403842292517002,0.0038154881937895353,long_only
2023-12-01,0.5059695573763501,0.25298477868817504,0.00050596955737635,0.00048455166058623193,0.0019439349984271903,0.0024294285959449713,0.0019234590385686211,long_only
2024-01-01,0.5511433566094059,0.27557167830470297,0.000551143356609406,-0.0011051751546172705,0.0013653413919563016,0.00025865729595508924,-0.00029248606065431675,long_only
2024-02-01,0.5581720864180797,0.27908604320903985,0.0005581720864180797,0.00017463986984968212,-0.01450822698552383,-0.014336120830546584,-0.014894292916964664,long_only
2024-03-01,0.6062106203276801,0.30310531016384007,0.0006062106203276801,0.0004273280622912584,-0.002825525421079347,-0.0023994047850912636,-0.0030056154054189438,long_only
2024-04-01,0.5007643718260922,0.2503821859130461,0.0005007643718260923,0.00037371388607714706,0.012645913725533961,0.013024353565172397,0.012523589193346306,long_only
2024-05-01,0.5258512268628632,0.2629256134314316,0.0005258512268628633,0.00016734038930678132,-0.006012523811639541,-0.005846189560408166,-0.0063720407872710294,long_only
2024-06-03,0.5870701634916418,0.2935350817458209,0.0005870701634916417,0.00022553431118011976,0.005667221631330395,0.005894034095437428,0.005306963931945787,long_only
2024-07-01,0.6206625044365852,0.3103312522182926,0.0006206625044365852,0.00014753816661948227,-0.021602443576794958,-0.021458092595095457,-0.02207875509953204,long_only
2024-08-01,0.6168779176406552,0.3084389588203276,0.0006168779176406552,0.00019242641613289747,0.012191451391761504,0.012386223765193272,0.011769345847552617,long_only
2024-09-02,0.5630290610951939,0.28151453054759695,0.000563029061095194,0.00014072066392806115,0.010099583040022984,0.010241724923981899,0.009678695862886704,long_only
2024-10-01,0.4677577220533724,0.2338788610266862,0.0004677577220533724,-0.00013672635057599908,0.03062331886710861,0.03048240550190129,0.030014647779847917,long_only
2024-11-01,0.5986804442240738,0.2993402221120369,0.0005986804442240738,-0.0001187154851556718,-0.0004275985436696715,-0.0005462632662567302,-0.001144943710480804,long_only
2024-12-02,0.41435555432707627,0.20717777716353813,0.00041435555432707625,0.00029994306152540266,-0.0189801442295995,-0.01868589413064259,-0.019100249684969664,long_only
2025-01-01,0.37790178775369876,0.18895089387684938,0.0003779017877536988,0.0003769500531979676,-0.0138769695458455,-0.01350525041705597,-0.013883152204809669,long_only
2025-02-03,0.42189999646828014,0.21094999823414007,0.00042189999646828017,-0.0009743058087097984,0.010271220383529884,0.009286907265137812,0.008865007268669532,long_only
2025-03-03,0.45641179821738015,0.22820589910869007,0.00045641179821738015,-7.503804835893405e-05,-0.0070919613058531405,-0.007166467187276648,-0.007622878985494029,long_only
2025-04-01,0.3638846562304251,0.18194232811521255,0.0003638846562304251,-0.00014120249800414142,-0.002191128594983836,-0.0023320217001568944,-0.0026959063563873195,long_only
2025-05-01,0.5752204841212107,0.28761024206060537,0.0005752204841212108,-0.00023966045227657653,-0.0141312744803808,-0.014367548225024063,-0.014942768709145274,long_only
2025-06-02,0.5426646471953807,0.27133232359769033,0.0005426646471953806,-0.0001067549424414925,0.008413470514869795,0.00830581739286762,0.00776315274567224,long_only
2011-01-03,1.0000000000000004,0.5000000000000002,0.0010000000000000005,0.0,-0.0048922022693869225,-0.004892202269386914,-0.005892202269386915,benchmark_ew
2011-02-01,0.08892158909108408,0.04446079454554204,8.892158909108408e-05,-0.00015754579020036162,0.011289887309216276,0.011130562844798408,0.011041641255707325,benchmark_ew
2011-03-01,0.08836077673061214,0.04418038836530607,8.836077673061215e-05,-1.8803171047248308e-05,0.013465107849648505,0.013446051491875277,0.013357690715144664,benchmark_ew
2011-04-01,0.08953252811153467,0.044766264055767335,8.953252811153467e-05,-4.4526323620823506e-05,0.010359932269438793,0.010314944656121039,0.010225412128009504,benchmark_ew
2011-05-02,0.08421811497342416,0.04210905748671208,8.421811497342416e-05,-0.00018956575042290073,-0.008772027655513378,-0.008959930529931048,-0.009044148644904472,benchmark_ew
2011-06-01,0.08552276576044149,0.042761382880220744,8.552276576044149e-05,0.00032905893006371844,0.0019026276254882118,0.002232312632162836,0.0021467898664023948,benchmark_ew
2011-07-01,0.08464291639653615,0.042321458198268075,8.464291639653615e-05,-0.00022030614932583506,-0.01985689203454466,-0.020072823588448863,-0.0201574665048454,benchmark_ew
2011-08-01,0.09915794834700814,0.04957897417350407,9.915794834700814e-05,6.068804146417487e-05,-0.024121085928722308,-0.02406186174872116,-0.024161019697068166,benchmark_ew
2011-09-01,0.09009825326121812,0.04504912663060906,9.009825326121813e-05,0.00013098052362662776,0.011858971017698571,0.011991504835558997,0.01190140658229778,benchmark_ew
2011-10-03,0.09494564749895659,0.047472823749478296,9.49456474989566e-05,1.379833380592407e-05,0.014408260649263972,0.014422257793059945,0.014327312145560989,benchmark_ew
2011-11-01,0.08383977495498962,0.04191988747749481,8.383977495498962e-05,-7.390271842196444e-05,-0.007409434669057547,-0.00748278981011552,-0.0075666295850705095,benchmark_ew
2011-12-01,0.10255998397044921,0.05127999198522461,0.00010255998397044922,2.26018076515748e-05,-0.011075064879561556,-0.011052713388395974,-0.011155273372366423,benchmark_ew
2012-01-02,0.09580268184332835,0.047901340921664176,9.580268184332836e-05,0.000248212159674503,-0.006181545692675625,-0.005934867867807614,-0.006030670549650942,benchmark_ew
2012-02-01,0.08538038385144364,0.04269019192572182,8.538038385144364e-05,4.7609506912768296e-05,-0.0017924144548529305,-0.0017448902839084512,-0.0018302706677598948,benchmark_ew
2012-03-01,0.07730024261367796,0.03865012130683898,7.730024261367796e-05,-5.888109221409521e-05,0.013104029025609972,0.013044376353854359,0.01296707611124068,benchmark_ew
2012-04-02,0.0959883694205837,0.04799418471029185,9.59883694205837e-05,0.00023267499773401806,-0.010181038855731392,-0.009950732731190182,-0.010046721100610766,benchmark_ew
2012-05-01,0.0839581268369477,0.04197906341847385,8.39581268369477e-05,-8.307675348158514e-05,0.0014929788402008259,0.00140977805488407,0.0013258199280471222,benchmark_ew
2012-06-01,0.09491209935823339,0.047456049679116694,9.49120993582334e-05,-0.00010363854942468496,0.017065829714043163,0.01696042248678231,0.01686551038742408,benchmark_ew
2012-07-02,0.08865850498273542,0.04432925249136771,8.865850498273543e-05,0.00013455761366430716,-0.002127545717850421,-0.00199327438166097,-0.0020819328866437054,benchmark_ew
2012-08-01,0.09182383679552775,0.04591191839776387,9.182383679552775e-05,-9.946663169098497e-05,-0.012941845080622159,-0.01304002443057517,-0.013131848267370698,benchmark_ew
2012-09-03,0.09050606242691173,0.04525303121345586,9.050606242691173e-05,0.00012424025944896716,-0.019567283961646725,-0.01944547474663383,-0.01953598080906074,benchmark_ew
2012-10-01,0.08476633245846112,0.04238316622923056,8.476633245846112e-05,-7.086982220470422e-05,-0.016379488106186113,-0.016449197116980896,-0.016533963449439356,benchmark_ew
2012-11-01,0.08580585858344664,0.04290292929172332,8.580585858344664e-05,-5.7845674878652656e-05,-0.024231112263120306,-0.02428755627295709,-0.024373362131540535,benchmark_ew
2012-12-03,0.08499590957268893,0.042497954786344466,8.499590957268893e-05,3.103106763856396e-05,0.0042670594920470924,0.004298222971097276,0.0042132270615245875,benchmark_ew
2013-01-01,0.07685229308302828,0.03842614654151414,7.685229308302828e-05,9.093043224096096e-05,0.01873328884637545,0.01882592270466832,0.01874907041158529,benchmark_ew
2013-02-01,0.0862567697136401,0.04312838485682005,8.625676971364011e-05,0.0002185138282652034,0.009966415579660777,0.01018710720754834,0.0101008504378347,benchmark_ew
2013-03-01,0.07284288428495153,0.036421442142475766,7.284288428495153e-05,-0.0001276490230939782,0.0010986853983721643,0.000970896129160348,0.0008980532448753964,benchmark_ew
2013-04-01,0.08535057036194207,0.04267528518097104,8.535057036194207e-05,7.28367809373676e-05,0.0318684821854195,0.03194364016401252,0.03185828959365058,benchmark_ew
2013-05-01,0.08465998299993066,0.04232999149996533,8.465998299993066e-05,0.0001387083540420439,-0.004566664621044743,-0.004428589701535701,-0.004513249684535632,benchmark_ew
2013-06-03,0.0981830425834225,0.04909152129171125,9.818304258342251e-05,0.00017144985191251303,-0.00930059565785674,-0.009130740391692482,-0.009228923434275905,benchmark_ew
2013-07-01,0.08505303873071784,0.04252651936535892,8.505303873071785e-05,0.0001224626945125794,0.008832738764823954,0.008956283140325594,0.008871230101594876,benchmark_ew
2013-08-01,0.1006878778481827,0.05034393892409135,0.0001006878778481827,-6.816430935470188e-05,0.005160442677780878,0.005091926610415021,0.004991238732566838,benchmark_ew
2013-09-02,0.08248413517966784,0.04124206758983392,8.248413517966784e-05,-0.00014040289403299762,-0.00020854010242085392,-0.0003489137168198875,-0.0004313978519995553,benchmark_ew
2013-10-01,0.08429399379961505,0.042146996899807526,8.429399379961506e-05,6.89654797716703e-06,-0.004685716398651413,-0.0046788521659422155,-0.00476314615974183,benchmark_ew
2013-11-01,0.09524131900382682,0.04762065950191341,9.524131900382682e-05,-4.9733942786616076e-05,-0.004157524866975363,-0.00420705203965821,-0.004302293358662037,benchmark_ew
2013-12-02,0.07746909393273944,0.03873454696636972,7.746909393273945e-05,0.00027823887080829026,0.002848432085101061,0.003127463500436134,0.0030499944065033946,benchmark_ew
2014-01-01,0.08351569852228652,0.04175784926114326,8.351569852228652e-05,5.23001411387912e-05,0.004254312925244905,0.00430683556754996,0.004223319869027674,benchmark_ew
2014-02-03,0.09697754821442556,0.04848877410721278,9.697754821442556e-05,-7.222146750127025e-05,-0.006177209562411289,-0.006248984902772925,-0.006345962450987351,benchmark_ew
2014-03-03,0.0817900877724684,0.0408950438862342,8.179008777246841e-05,0.0001180931838726532,-0.015306977335510575,-0.015190691801326928,-0.015272481889099396,benchmark_ew
2014-04-01,0.08851182902822721,0.044255914514113606,8.851182902822722e-05,3.572345377268095e-05,-0.0066970206521843705,-0.006661536439119375,-0.006750048268147603,benchmark_ew
2014-05-01,0.08569630669440689,0.042848153347203446,8.569630669440689e-05,0.00011569131713488461,-0.01776491994074113,-0.017651283870592893,-0.0177369801772873,benchmark_ew
2014-06-02,0.08068165132792862,0.04034082566396431,8.068165132792863e-05,-0.0001135465292787801,0.010584428984662397,0.010469680630208034,0.010388998978880105,benchmark_ew
2014-07-01,0.08295948010091837,0.041479740050459186,8.295948010091837e-05,-3.716154651558694e-05,0.0009822892731092818,0.0009450912232051856,0.0008621317431042672,benchmark_ew
2014-08-01,0.08805407928645217,0.04402703964322609,8.805407928645218e-05,9.144020713565455e-05,0.01978189074839852,0.019875139815721754,0.0197870857364353,benchmark_ew
2014-09-01,0.08526599910809256,0.04263299955404628,8.526599910809255e-05,0.00012131027694154082,-0.02024619603693382,-0.020127341831640555,-0.020212607830748647,benchmark_ew
2014-10-01,0.08426126484079396,0.04213063242039698,8.426126484079396e-05,-4.409359194032102e-05,0.007557435323075843,0.00751300849666614,0.0074287472318253465,benchmark_ew
2014-11-03,0.09070962867413684,0.04535481433706842,9.070962867413684e-05,1.3124474414377403e-05,0.0007731615077009788,0.0007862961294538007,0.0006955865007796638,benchmark_ew
2014-12-01,0.09310512587547927,0.046552562937739635,9.310512587547927e-05,-0.00012168028154963511,-0.01595861104419518,-0.016078349477459897,-0.016171454603335376,benchmark_ew
2015-01-01,0.09130019876766596,0.04565009938383298,9.130019876766597e-05,-1.6343504471417645e-05,-0.0007555660473431848,-0.0007718972032175753,-0.0008631974019852412,benchmark_ew
2015-02-02,0.08486574993791457,0.042432874968957285,8.486574993791457e-05,0.0003165448557031797,0.005657982946446453,0.005976318807545011,0.005891453057607097,benchmark_ew
2015-03-02,0.0780686568649602,0.0390343284324801,7.80686568649602e-05,0.0001535897997059548,0.004747688757923172,0.004902007754194582,0.004823939097329621,benchmark_ew
2015-04-01,0.08659041934715533,0.04329520967357767,8.659041934715533e-05,0.00016804165749506708,0.015789566873387492,0.01596026183587118,0.015873671416524026,benchmark_ew
2015-05-01,0.08611835143871574,0.04305917571935787,8.611835143871574e-05,2.067047084439083e-05,-0.005474379496073704,-0.005453822183231094,-0.0055399405346698094,benchmark_ew
2015-06-01,0.08556540829108014,0.04278270414554007,8.556540829108014e-05,0.00010803421918266741,0.02429958882539731,0.02441024823168525,0.02432468282339417,benchmark_ew
2015-07-01,0.09389315025293203,0.046946575126466016,9.389315025293203e-05,-5.680057656229404e-05,-0.013578657791631742,-0.013634687092602515,-0.013728580242855448,benchmark_ew
2015-08-03,0.0858970136674366,0.0429485068337183,8.58970136674366e-05,-7.047537333292728e-05,0.027325808388815376,0.027253407218934544,0.027167510205267108,benchmark_ew
2015-09-01,0.09347871255760079,0.046739356278800395,9.347871255760079e-05,-2.667645413296283e-05,-0.011843398989634673,-0.011869759503877808,-0.011963238216435409,benchmark_ew
2015-10-01,0.09049626565927862,0.04524813282963931,9.049626565927863e-05,-0.00013027230703210082,-0.011476922311850218,-0.011605699493735133,-0.011696195759394411,benchmark_ew
2015-11-02,0.08691635537920434,0.04345817768960217,8.691635537920434e-05,-1.8358532773797575e-05,-0.025628876801972088,-0.02564676482617112,-0.025733681181550325,benchmark_ew
2015-12-01,0.07645542260244054,0.03822771130122027,7.645542260244054e-05,-0.00023532948223459538,0.004038011633261352,0.003801731887840054,0.0037252764652376136,benchmark_ew
2016-01-01,0.08857357663394823,0.044286788316974114,8.857357663394823e-05,-1.5678590154196197e-05,-0.004019190849880383,-0.004034806424788373,-0.004123380001422321,benchmark_ew
2016-02-01,0.08275329347715395,0.04137664673857697,8.275329347715395e-05,1.1956513695470362e-06,-0.01899230659687515,-0.01899113365368299,-0.019073886947160144,benchmark_ew
2016-03-01,0.07597579978632199,0.037987899893160995,7.597579978632199e-05,2.722619929100457e-05,0.0027394733542935577,0.0027667741390322576,0.0026907983392459355,benchmark_ew
2016-04-01,0.07885259212989718,0.03942629606494859,7.885259212989718e-05,-0.00020251905791036437,-0.009220038967701426,-0.009420690792006137,-0.009499543384136035,benchmark_ew
2016-05-02,0.08642534187316901,0.043212670936584506,8.642534187316902e-05,0.0001112229745243681,0.010483686192542897,0.010596075193829435,0.010509649851956265,benchmark_ew
2016-06-01,0.08314547040471218,0.04157273520235609,8.314547040471218e-05,-0.00030992604509023783,0.005174600942075505,0.0048630711533803606,0.004779925682975648,benchmark_ew
2016-07-01,0.08475746858603721,0.042378734293018604,8.475746858603722e-05,-5.305282586568057e-05,0.004927372600961108,0.004874058364054967,0.00478930089546893,benchmark_ew
2016-08-01,0.08161241302675362,0.04080620651337681,8.161241302675362e-05,-1.5334180195125097e-05,-0.005246370703728821,-0.00526162443513023,-0.005343236848156983,benchmark_ew
2016-09-01,0.08965592391535729,0.044827961957678644,8.965592391535729e-05,-3.259503913897161e-05,-8.598063569996873e-05,-0.00011857287229677382,-0.0002082287962121311,benchmark_ew
2016-10-03,0.07872396062698869,0.039361980313494346,7.872396062698869e-05,-0.00010620825986728382,-0.0062588379144158796,-0.006364381433999422,-0.006443105394626411,benchmark_ew
2016-11-01,0.08467886583216391,0.04233943291608196,8.467886583216392e-05,-0.0001299429530571447,-0.023638595347903246,-0.023765466632074794,-0.02385014549790696,benchmark_ew
2016-12-01,0.08200285248561745,0.041001426242808725,8.200285248561745e-05,0.00011604414918174246,0.0017402654402448089,0.0018565115370487995,0.001774508684563182,benchmark_ew
2017-01-02,0.09097952629844559,0.045489763149222796,9.097952629844559e-05,-4.041552098770154e-05,0.009563285535857462,0.009522483509702528,0.009431503983404083,benchmark_ew
2017-02-01,0.07548098143576534,0.03774049071788267,7.548098143576534e-05,0.00013020892636459163,-0.0028717908530558286,-0.0027419558594948823,-0.0028174368409306476,benchmark_ew
2017-03-01,0.07827829690742696,0.03913914845371348,7.827829690742696e-05,7.99309831407437e-05,-0.0035458675074507675,-0.0034662199489859935,-0.0035444982458934203,benchmark_ew
2017-04-03,0.08421818030339076,0.04210909015169538,8.421818030339076e-05,6.421875466286176e-05,-0.010038787219787255,-0.009975213143537887,-0.010059431323841277,benchmark_ew
2017-05-01,0.08195761255253102,0.04097880627626551,8.195761255253103e-05,-4.5336304339419044e-05,0.007097452456520213,0.00705179437991621,0.006969836767363679,benchmark_ew
2017-06-01,0.08816593582628673,0.04408296791314337,8.816593582628674e-05,0.0002638229976538536,-0.013297100785198494,-0.013036785868533851,-0.013124951804360139,benchmark_ew
2017-07-03,0.09603551179642109,0.04801775589821054,9.603551179642109e-05,-0.0001449820950177908,0.00852556346543811,0.008379345316368081,0.00828330980457166,benchmark_ew
2017-08-01,0.08701215441225231,0.043506077206126155,8.701215441225231e-05,0.00014991289754325994,0.003269836068106526,0.0034202391562492274,0.0033332270018369753,benchmark_ew
2017-09-01,0.08894763861304598,0.04447381930652299,8.894763861304599e-05,0.00012252235347446456,-0.004522127195309264,-0.004400158903501539,-0.004489106542114585,benchmark_ew
2017-10-02,0.08562534802314697,0.04281267401157349,8.562534802314697e-05,-0.000167633443384096,-0.006640331807778124,-0.006806852109476069,-0.006892477457499217,benchmark_ew
2017-11-01,0.08466413401240885,0.04233206700620443,8.466413401240885e-05,-5.704641729315164e-05,-0.001242263989536362,-0.0012992395401195678,-0.0013839036741319767,benchmark_ew
2017-12-01,0.0870360826551752,0.0435180413275876,8.703608265517521e-05,-0.00012613282608366072,-0.0007031443392103004,-0.0008291884757112289,-0.0009162245583664041,benchmark_ew
2018-01-01,0.07809363595911617,0.039046817979558085,7.809363595911616e-05,7.971762399752301e-05,0.00038632500845468007,0.00046607342936377805,0.0003879797934046619,benchmark_ew
2018-02-01,0.09080172428332184,0.04540086214166092,9.080172428332184e-05,0.00014808046631706364,0.0037578360699397533,0.003906472998374211,0.003815671274090889,benchmark_ew
2018-03-01,0.08964681168280884,0.04482340584140442,8.964681168280884e-05,0.00010975639463269187,0.010840194639649515,0.010951140814962956,0.010861494003280148,benchmark_ew
2018-04-02,0.08634238398050706,0.04317119199025353,8.634238398050707e-05,-0.00012139930610064389,0.009134717361839708,0.009012209107389868,0.008925866723409361,benchmark_ew
2018-05-01,0.07936171705966352,0.03968085852983176,7.936171705966352e-05,7.950179652664106e-05,-0.0021933562146193753,-0.0021140287938521407,-0.002193390510911804,benchmark_ew
2018-06-01,0.09342588896300832,0.04671294448150416,9.342588896300833e-05,-0.00016072626506969114,-0.01716504018921427,-0.01732300758148453,-0.017416433470447537,benchmark_ew
2018-07-02,0.08315071479254241,0.041575357396271204,8.31507147925424e-05,-2.0450836696016313e-05,-0.001653421139999582,-0.0016738381628498278,-0.0017569888776423701,benchmark_ew
2018-08-01,0.08693029355858306,0.04346514677929153,8.693029355858306e-05,-6.0954376148082374e-05,-0.005567220609110757,-0.00562783563879965,-0.005714765932358232,benchmark_ew
2018-09-03,0.09006769951690151,0.045033849758450754,9.00676995169015e-05,5.618547032704889e-05,-0.007816778761930921,-0.007761032480994912,-0.007851100180511814,benchmark_ew
2018-10-01,0.08016230091430598,0.04008115045715299,8.016230091430599e-05,-6.0386766450159214e-05,0.0022070730137991137,0.0021465529693462937,0.0020663906684319877,benchmark_ew
2018-11-01,0.0909560105467854,0.0454780052733927,9.09560105467854e-05,-0.00020603535924011704,0.0035302907988015255,0.0033235280748284968,0.0032325720642817114,benchmark_ew
2018-12-03,0.08668289240183318,0.04334144620091659,8.668289240183318e-05,-1.507413532686416e-05,-0.01941799914525827,-0.019432780571038255,-0.01951946346344009,benchmark_ew
2019-01-01,0.09020845777896173,0.04510422888948087,9.020845777896174e-05,0.00025991234572862824,-0.005736154854767386,-0.005477733406502705,-0.005567941864281667,benchmark_ew
2019-02-01,0.08431508740113186,0.04215754370056593,8.431508740113186e-05,8.718664479777611e-06,-0.007098727340453748,-0.007090070567395856,-0.0071743856547969885,benchmark_ew
2019-03-01,0.07804385016813592,0.03902192508406796,7.804385016813592e-05,0.00019869247780403734,-0.016785417165478454,-0.016590059823801906,-0.016668103673970043,benchmark_ew
2019-04-01,0.08523443307555556,0.04261721653777778,8.523443307555556e-05,-0.00014248019346071547,0.01881160898733438,0.018666448512185907,0.018581214079110352,benchmark_ew
2019-05-01,0.08666726358395725,0.043333631791978626,8.666726358395725e-05,-6.257786184771992e-05,0.0007366247616092758,0.0006740008033589984,0.0005873335397750411,benchmark_ew
2019-06-03,0.08348762749934276,0.04174381374967138,8.348762749934275e-05,-1.4670482119643057e-05,0.011709014003239121,0.011694171744238924,0.011610684116739581,benchmark_ew
2019-07-01,0.07828347636702693,0.039141738183513464,7.828347636702693e-05,-2.6611576395415074e-05,-0.020771093356066923,-0.020797152180924705,-0.020875435657291733,benchmark_ew
2019-08-01,0.09275162056386094,0.04637581028193047,9.275162056386094e-05,3.958462066469754e-06,0.01204898228590269,0.01205298844340863,0.011960236822844769,benchmark_ew
2019-09-02,0.08653624058271955,0.04326812029135978,8.653624058271956e-05,-9.007709068856706e-05,0.016935453789067592,0.016843851201972182,0.016757314961389463,benchmark_ew
2019-10-01,0.07928966320518727,0.03964483160259363,7.928966320518727e-05,-6.611081028108659e-05,-0.0026612926861940547,-0.002727227556259315,-0.0028065172194645023,benchmark_ew
2019-11-01,0.08410376737715722,0.04205188368857861,8.410376737715722e-05,0.00017118495288249145,-0.006528324326200371,-0.006358256924209993,-0.00644236069158715,benchmark_ew
2019-12-02,0.08798660137278527,0.043993300686392636,8.798660137278528e-05,0.00010153809829833071,6.734550519727221e-05,0.000168890441630154,8.090384025736871e-05,benchmark_ew
2020-01-01,0.09484869335518542,0.04742434667759271,9.484869335518542e-05,-0.00024319201323504396,0.007287554675274116,0.0070425903869459905,0.006947741693590805,benchmark_ew
2020-02-03,0.09299145626404351,0.046495728132021755,9.29914562640435e-05,0.00010507882243642022,-0.006392680723566493,-0.006288273636492758,-0.006381265092756802,benchmark_ew
2020-03-02,0.08505188789682466,0.04252594394841233,8.505188789682466e-05,-7.940372815437211e-05,-0.017551986046328988,-0.01762999608135485,-0.017715047969251673,benchmark_ew
2020-04-01,0.09146554035100246,0.04573277017550123,9.146554035100246e-05,6.336408420820989e-05,0.009685873237584859,0.009749851058280523,0.00965838551792952,benchmark_ew
2020-05-01,0.0838345374805101,0.04191726874025505,8.38345374805101e-05,0.00013820606287714016,0.006413860042293466,0.0065529525395149335,0.006469118002034423,benchmark_ew
2020-06-01,0.0779421501342212,0.0389710750671106,7.794215013422121e-05,0.0002595835455293844,0.004577888525953105,0.004838660416017104,0.004760718265882883,benchmark_ew
2020-07-01,0.08826146249316885,0.044130731246584426,8.826146249316886e-05,5.126813813160817e-05,0.02393787537478043,0.02399037076321342,0.023902109300720252,benchmark_ew
2020-08-03,0.08391699190278934,0.04195849595139467,8.391699190278934e-05,-6.942310891516941e-05,-0.015967061475980517,-0.016035376101847798,-0.016119293093750587,benchmark_ew
2020-09-01,0.07847766241504056,0.03923883120752028,7.847766241504056e-05,-6.445475464813928e-05,0.0037375066455886674,0.003672810990866804,0.003594333328451763,benchmark_ew
2020-10-01,0.0864348805022529,0.04321744025112645,8.64348805022529e-05,0.0001197269130013914,-0.011030186790660635,-0.010911780487873557,-0.01099821536837581,benchmark_ew
2020-11-02,0.08691507260900211,0.043457536304501054,8.691507260900211e-05,-0.00012083014702044188,0.02048967955409928,0.020366373636085733,0.02027945856347673,benchmark_ew
2020-12-01,0.0790706751703697,0.03953533758518485,7.90706751703697e-05,-6.292528817515827e-05,-0.0039935935144206815,-0.004056267504573108,-0.004135338179743478,benchmark_ew
2021-01-01,0.08933154042790617,0.044665770213953085,8.933154042790618e-05,8.802193284571383e-05,-0.014497286450322638,-0.014410540596651367,-0.014499872137079272,benchmark_ew
2021-02-01,0.08860614777858772,0.04430307388929386,8.860614777858772e-05,1.2488729969443215e-05,0.0036760788216261752,0.0036886134611513466,0.003600007313372759,benchmark_ew
2021-03-01,0.08127864165197234,0.04063932082598617,8.127864165197234e-05,4.959908972267644e-06,0.014654645186990651,0.01465967778166899,0.014578399140017018,benchmark_ew
2021-04-01,0.08947904628500773,0.044739523142503866,8.947904628500773e-05,0.0001455683909084537,-0.003914959243954342,-0.0037699607473635766,-0.0038594397936485845,benchmark_ew
2021-05-03,0.08631467659806213,0.04315733829903107,8.631467659806214e-05,0.0002622961072564766,0.006991202225768619,0.007255332098153877,0.007169017421555815,benchmark_ew
2021-06-01,0.07936220717730362,0.03968110358865181,7.936220717730362e-05,5.521170058307318e-05,0.003960390758938118,0.004015821119429885,0.003936458912252582,benchmark_ew
2021-07-01,0.09011280276054381,0.04505640138027191,9.011280276054381e-05,0.00022850672852210293,-0.005312948394635728,-0.0050856557105699585,-0.005175768513330502,benchmark_ew
2021-08-02,0.08350708923789874,0.04175354461894937,8.350708923789874e-05,-0.00022187463619750112,0.014274975469397334,0.014049933578210938,0.01396642648897304,benchmark_ew
2021-09-01,0.08318517065919728,0.04159258532959864,8.318517065919729e-05,3.88938951133793e-05,-0.003986943360544839,-0.0039482045331882265,-0.004031389703847424,benchmark_ew
2021-10-01,0.09073432209748789,0.04536716104874394,9.073432209748788e-05,-1.774107570903857e-05,0.004055497126474375,0.004037684101883654,0.003946949779786166,benchmark_ew
2021-11-01,0.0847519734717966,0.0423759867358983,8.47519734717966e-05,-2.442867370679288e-05,-0.007760340567191788,-0.007784579666070934,-0.007869331639542732,benchmark_ew
2021-12-01,0.08825364599210234,0.04412682299605117,8.825364599210234e-05,4.4746620764765026e-05,-0.017969873029412147,-0.017925930499741005,-0.01801418414573311,benchmark_ew
2022-01-03,0.08791579790497456,0.04395789895248728,8.791579790497456e-05,0.00019422842787568016,-0.007371690785780859,-0.007178894149817205,-0.00726680994772218,benchmark_ew
2022-02-01,0.0779139270868387,0.03895696354341935,7.791392708683869e-05,-0.00027321606003274587,0.00831359585021789,0.00803810838228225,0.007960194455195411,benchmark_ew
2022-03-01,0.0789361789905449,0.03946808949527245,7.893617899054491e-05,-6.797775773769024e-05,0.01408566757717367,0.014016732307337909,0.013937796128347365,benchmark_ew
2022-04-01,0.08874040800328892,0.04437020400164446,8.874040800328892e-05,0.00010087607743532458,0.012587534486717174,0.012689680345256082,0.012600939937252793,benchmark_ew
2022-05-02,0.09073710220034946,0.04536855110017473,9.073710220034946e-05,-7.20750702961903e-05,-0.006578980715343895,-0.006650581605142536,-0.006741318707342885,benchmark_ew
2022-06-01,0.08075061985865287,0.04037530992932643,8.075061985865287e-05,-7.710417992092989e-05,0.010345266671709322,0.01026736482848567,0.010186614208627017,benchmark_ew
2022-07-01,0.08769569457331314,0.04384784728665657,8.769569457331314e-05,-1.3684193929654372e-05,0.00238693019446147,0.0023732133373162156,0.0022855176427429027,benchmark_ew
2022-08-01,0.08622074474169082,0.04311037237084541,8.622074474169083e-05,-0.00029466943775895377,0.009066700467091605,0.008769359349803718,0.008683138605062026,benchmark_ew
2022-09-01,0.08329275849428514,0.04164637924714257,8.329275849428514e-05,-5.309080910224985e-06,0.03169054436284173,0.03168506703426743,0.031601774275773147,benchmark_ew
2022-10-03,0.08917221244522774,0.04458610622261387,8.917221244522774e-05,-0.00016572942820277167,0.007585350001512852,0.007418363457591504,0.007329191245146276,benchmark_ew
2022-11-01,0.08297854667031436,0.04148927333515718,8.297854667031437e-05,1.7212851946212603e-05,0.0016446982924807213,0.0016619394543750943,0.00157896090770478,benchmark_ew
2022-12-01,0.09051776701297454,0.04525888350648727,9.051776701297454e-05,-0.00017220592866964467,0.0031572791864664484,0.0029845295556025775,0.002894011788589603,benchmark_ew
2023-01-02,0.08984558945369514,0.04492279472684757,8.984558945369514e-05,0.0002751022759672161,-0.01745789160408886,-0.017187592033835464,-0.01727743762328916,benchmark_ew
2023-02-01,0.08499486770438003,0.042497433852190014,8.499486770438003e-05,8.518100406650496e-05,-0.0055445787013636925,-0.005459869990078081,-0.005544864857782461,benchmark_ew
2023-03-01,0.07939490632595313,0.03969745316297656,7.939490632595312e-05,-0.00013849707372005048,0.0038802476233711566,0.003741213146710054,0.003661818240384101,benchmark_ew
2023-04-03,0.09200302371477251,0.046001511857386254,9.200302371477252e-05,3.870077921083528e-05,0.00136123529698122,0.0013999887570588232,0.0013079857333440506,benchmark_ew
2023-05-01,0.082868640690636,0.041434320345318,8.2868640690636e-05,9.210468851013208e-05,-0.020962793174426148,-0.020872619257451763,-0.0209554878981424,benchmark_ew
2023-06-01,0.08631911345932156,0.04315955672966078,8.631911345932155e-05,3.102487441069673e-05,0.00764819960621994,0.007679461765062845,0.0075931426516035235,benchmark_ew
2023-07-03,0.08693244726540558,0.04346622363270279,8.693244726540558e-05,0.0001855972147650391,-0.0011628919995812568,-0.0009775106143323775,-0.001064443061597783,benchmark_ew
2023-08-01,0.08264698512337448,0.04132349256168724,8.264698512337448e-05,9.784872067870962e-05,0.00011471517493378712,0.0002125751203456705,0.000129928135222296,benchmark_ew
2023-09-01,0.08675626140318196,0.04337813070159098,8.675626140318196e-05,-9.265016741098701e-05,0.01577273946393042,0.015678627949567536,0.015591871688164354,benchmark_ew
2023-10-02,0.07730496040120254,0.03865248020060127,7.730496040120254e-05,-3.925199392797395e-05,-0.0095554555452433,-0.009594332468488176,-0.00967163742888938,benchmark_ew
2023-11-01,0.08457009268548857,0.042285046342744284,8.457009268548857e-05,3.420231434623195e-05,0.005894289637910867,0.005928693550604214,0.005844123457918725,benchmark_ew
2023-12-01,0.08223640420245965,0.04111820210122982,8.223640420245965e-05,0.00012219419533386492,0.0027586952138509103,0.0028812265057265307,0.002798990101524071,benchmark_ew
2024-01-01,0.0857749213064739,0.04288746065323695,8.577492130647391e-05,-0.00025962736680231987,0.004746904207387992,0.004486044414345969,0.004400269493039495,benchmark_ew
2024-02-01,0.08743587389417742,0.04371793694708871,8.743587389417742e-05,0.0001590490017903852,-0.01198219846927024,-0.011825055224185643,-0.011912491098079821,benchmark_ew
2024-03-01,0.07969447437963949,0.039847237189819744,7.969447437963949e-05,-5.70647261102377e-05,-0.006105322519686056,-0.006162038847238871,-0.006241733321618511,benchmark_ew
2024-04-01,0.0801494083915805,0.04007470419579025,8.01494083915805e-05,-0.00022060936660150808,0.007961841781472554,0.0077394759579987316,0.007659326549607151,benchmark_ew
2024-05-01,0.0841434485360985,0.04207172426804925,8.414344853609849e-05,-2.269001855955472e-05,-0.00386924773568149,-0.003891849960938165,-0.003975993409474263,benchmark_ew
2024-06-03,0.08685019261664984,0.04342509630832492,8.685019261664984e-05,2.793693117404725e-05,0.0049244716548423936,0.004952546160642113,0.004865695968025463,benchmark_ew
2024-07-01,0.08531306181175266,0.04265653090587633,8.531306181175266e-05,-0.00010448414575935384,-0.017859749234019437,-0.017962367319136585,-0.01804768038094834,benchmark_ew
2024-08-01,0.09067362318592347,0.04533681159296173,9.067362318592347e-05,0.00011381925313215894,0.011427214671155777,0.01154233456132725,0.011451660938141326,benchmark_ew
2024-09-02,0.08414149831087725,0.042070749155438625,8.414149831087725e-05,9.235575328937412e-05,0.008615646555710794,0.008708798013528085,0.008624656515217207,benchmark_ew
2024-10-01,0.08325707636116586,0.04162853818058293,8.325707636116586e-05,3.420212621020641e-06,0.030571632103681787,0.03057515687778478,0.030491899801423614,benchmark_ew
2024-11-01,0.08554405493204786,0.04277202746602393,8.554405493204786e-05,-0.00012107980822684527,-0.0023532151125716726,-0.002474009993963966,-0.002559554048896014,benchmark_ew
2024-12-02,0.08300075128018639,0.04150037564009319,8.300075128018639e-05,6.932606970706043e-05,-0.014191657944187277,-0.014123315726348062,-0.01420631647762825,benchmark_ew
2025-01-01,0.08728189647918583,0.043640948239592914,8.728189647918583e-05,-8.41147354646221e-05,-0.015305084259357546,-0.015387911611708383,-0.015475193508187568,benchmark_ew
2025-02-03,0.08441927245690016,0.04220963622845008,8.441927245690016e-05,4.551616187929639e-05,0.014797414299620375,0.014843603983004217,0.014759184710547317,benchmark_ew
2025-03-03,0.07796232063215834,0.03898116031607917,7.796232063215834e-05,-1.3186285933252226e-05,-0.004958608839891635,-0.004971729740190889,-0.005049692060823047,benchmark_ew
2025-04-01,0.0825739706319234,0.0412869853159617,8.25739706319234e-05,-0.00019007653137430414,-0.0022041047034527033,-0.0023937622862501007,-0.002476336256882024,benchmark_ew
2025-05-01,0.09051360549674531,0.045256802748372654,9.05136054967453e-05,-0.00011282470451666306,-0.012489206776332602,-0.012600622389785099,-0.012691135995281844,benchmark_ew
2025-06-02,0.08576689702903642,0.04288344851451821,8.576689702903642e-05,0.00016657431076259953,0.0035036205068855702,0.0036707784308191993,0.003585011533790163,benchmark_ew
